Q000001	0	C001724_it_000	1
Q000001	0	C001724_it_001	1
Q000001	0	C001724_it_002	1
Q000001	0	C001724_it_003	1
Q000001	0	C001724_it_004	1
Q000001	0	C001724_it_005	1
Q000001	0	C001724_it_006	1
Q000001	0	C001724_it_007	1
Q000002	0	C001731_it_000	1
Q000002	0	C001731_it_001	1
Q000002	0	C001731_it_002	1
Q000002	0	C001731_it_003	1
Q000002	0	C001731_it_004	1
Q000003	0	C003331_it_000	1
Q000003	0	C003331_it_001	1
Q000003	0	C003331_it_002	1
Q000003	0	C003331_it_003	1
Q000003	0	C003331_it_004	1
Q000004	0	C001908_it_000	1
Q000004	0	C001908_it_001	1
Q000004	0	C001908_it_002	1
Q000004	0	C001908_it_003	1
Q000004	0	C001908_it_004	1
Q000004	0	C001908_it_005	1
Q000005	0	C001908_it_000	1
Q000005	0	C001908_it_001	1
Q000005	0	C001908_it_002	1
Q000005	0	C001908_it_003	1
Q000005	0	C001908_it_004	1
Q000005	0	C001908_it_005	1
Q000006	0	C001908_it_000	1
Q000006	0	C001908_it_001	1
Q000006	0	C001908_it_002	1
Q000006	0	C001908_it_003	1
Q000006	0	C001908_it_004	1
Q000006	0	C001908_it_005	1
Q000007	0	C001908_it_000	1
Q000007	0	C001908_it_001	1
Q000007	0	C001908_it_002	1
Q000007	0	C001908_it_003	1
Q000007	0	C001908_it_004	1
Q000007	0	C001908_it_005	1
Q000008	0	C001908_it_000	1
Q000008	0	C001908_it_001	1
Q000008	0	C001908_it_002	1
Q000008	0	C001908_it_003	1
Q000008	0	C001908_it_004	1
Q000008	0	C001908_it_005	1
Q000009	0	C001908_it_000	1
Q000009	0	C001908_it_001	1
Q000009	0	C001908_it_002	1
Q000009	0	C001908_it_003	1
Q000009	0	C001908_it_004	1
Q000009	0	C001908_it_005	1
Q000010	0	C001908_it_000	1
Q000010	0	C001908_it_001	1
Q000010	0	C001908_it_002	1
Q000010	0	C001908_it_003	1
Q000010	0	C001908_it_004	1
Q000010	0	C001908_it_005	1
Q000011	0	C001908_it_000	1
Q000011	0	C001908_it_001	1
Q000011	0	C001908_it_002	1
Q000011	0	C001908_it_003	1
Q000011	0	C001908_it_004	1
Q000011	0	C001908_it_005	1
Q000012	0	C001908_it_000	1
Q000012	0	C001908_it_001	1
Q000012	0	C001908_it_002	1
Q000012	0	C001908_it_003	1
Q000012	0	C001908_it_004	1
Q000012	0	C001908_it_005	1
Q000013	0	C001908_it_000	1
Q000013	0	C001908_it_001	1
Q000013	0	C001908_it_002	1
Q000013	0	C001908_it_003	1
Q000013	0	C001908_it_004	1
Q000013	0	C001908_it_005	1
Q000014	0	C001908_it_000	1
Q000014	0	C001908_it_001	1
Q000014	0	C001908_it_002	1
Q000014	0	C001908_it_003	1
Q000014	0	C001908_it_004	1
Q000014	0	C001908_it_005	1
Q000015	0	C001908_it_000	1
Q000015	0	C001908_it_001	1
Q000015	0	C001908_it_002	1
Q000015	0	C001908_it_003	1
Q000015	0	C001908_it_004	1
Q000015	0	C001908_it_005	1
Q000016	0	C001908_it_000	1
Q000016	0	C001908_it_001	1
Q000016	0	C001908_it_002	1
Q000016	0	C001908_it_003	1
Q000016	0	C001908_it_004	1
Q000016	0	C001908_it_005	1
Q000017	0	C001908_it_000	1
Q000017	0	C001908_it_001	1
Q000017	0	C001908_it_002	1
Q000017	0	C001908_it_003	1
Q000017	0	C001908_it_004	1
Q000017	0	C001908_it_005	1
Q000018	0	C001628_it_000	1
Q000018	0	C001628_it_001	1
Q000018	0	C001628_it_002	1
Q000018	0	C001628_it_003	1
Q000018	0	C001628_it_004	1
Q000018	0	C001628_it_005	1
Q000018	0	C001628_it_006	1
Q000018	0	C001628_it_007	1
Q000018	0	C001628_it_008	1
Q000019	0	C001628_it_000	1
Q000019	0	C001628_it_001	1
Q000019	0	C001628_it_002	1
Q000019	0	C001628_it_003	1
Q000019	0	C001628_it_004	1
Q000019	0	C001628_it_005	1
Q000019	0	C001628_it_006	1
Q000019	0	C001628_it_007	1
Q000019	0	C001628_it_008	1
Q000020	0	C001628_it_000	1
Q000020	0	C001628_it_001	1
Q000020	0	C001628_it_002	1
Q000020	0	C001628_it_003	1
Q000020	0	C001628_it_004	1
Q000020	0	C001628_it_005	1
Q000020	0	C001628_it_006	1
Q000020	0	C001628_it_007	1
Q000020	0	C001628_it_008	1
Q000021	0	C002788_it_000	1
Q000021	0	C002788_it_001	1
Q000021	0	C002788_it_002	1
Q000021	0	C002788_it_003	1
Q000021	0	C002788_it_004	1
Q000021	0	C002788_it_005	1
Q000021	0	C002788_it_006	1
Q000021	0	C002788_it_007	1
Q000021	0	C002788_it_008	1
Q000021	0	C002788_it_009	1
Q000021	0	C002788_it_010	1
Q000021	0	C002788_it_011	1
Q000021	0	C002788_it_012	1
Q000021	0	C002788_it_013	1
Q000021	0	C002788_it_014	1
Q000021	0	C002788_it_015	1
Q000022	0	C001628_it_000	1
Q000022	0	C001628_it_001	1
Q000022	0	C001628_it_002	1
Q000022	0	C001628_it_003	1
Q000022	0	C001628_it_004	1
Q000022	0	C001628_it_005	1
Q000022	0	C001628_it_006	1
Q000022	0	C001628_it_007	1
Q000022	0	C001628_it_008	1
Q000023	0	C001628_it_000	1
Q000023	0	C001628_it_001	1
Q000023	0	C001628_it_002	1
Q000023	0	C001628_it_003	1
Q000023	0	C001628_it_004	1
Q000023	0	C001628_it_005	1
Q000023	0	C001628_it_006	1
Q000023	0	C001628_it_007	1
Q000023	0	C001628_it_008	1
Q000024	0	C001628_it_000	1
Q000024	0	C001628_it_001	1
Q000024	0	C001628_it_002	1
Q000024	0	C001628_it_003	1
Q000024	0	C001628_it_004	1
Q000024	0	C001628_it_005	1
Q000024	0	C001628_it_006	1
Q000024	0	C001628_it_007	1
Q000024	0	C001628_it_008	1
Q000025	0	C000031_it_000	1
Q000026	0	C001628_it_000	1
Q000026	0	C001628_it_001	1
Q000026	0	C001628_it_002	1
Q000026	0	C001628_it_003	1
Q000026	0	C001628_it_004	1
Q000026	0	C001628_it_005	1
Q000026	0	C001628_it_006	1
Q000026	0	C001628_it_007	1
Q000026	0	C001628_it_008	1
Q000027	0	C001628_it_000	1
Q000027	0	C001628_it_001	1
Q000027	0	C001628_it_002	1
Q000027	0	C001628_it_003	1
Q000027	0	C001628_it_004	1
Q000027	0	C001628_it_005	1
Q000027	0	C001628_it_006	1
Q000027	0	C001628_it_007	1
Q000027	0	C001628_it_008	1
Q000028	0	C000054_it_000	1
Q000029	0	C001621_it_000	1
Q000029	0	C001621_it_001	1
Q000029	0	C001621_it_002	1
Q000029	0	C001621_it_003	1
Q000029	0	C001621_it_004	1
Q000029	0	C001621_it_005	1
Q000029	0	C001621_it_006	1
Q000029	0	C001621_it_007	1
Q000030	0	C000038_it_000	1
Q000031	0	C001628_it_000	1
Q000031	0	C001628_it_001	1
Q000031	0	C001628_it_002	1
Q000031	0	C001628_it_003	1
Q000031	0	C001628_it_004	1
Q000031	0	C001628_it_005	1
Q000031	0	C001628_it_006	1
Q000031	0	C001628_it_007	1
Q000031	0	C001628_it_008	1
Q000032	0	C000040_it_000	1
Q000033	0	C001628_it_000	1
Q000033	0	C001628_it_001	1
Q000033	0	C001628_it_002	1
Q000033	0	C001628_it_003	1
Q000033	0	C001628_it_004	1
Q000033	0	C001628_it_005	1
Q000033	0	C001628_it_006	1
Q000033	0	C001628_it_007	1
Q000033	0	C001628_it_008	1
Q000034	0	C001346_it_000	1
Q000034	0	C001346_it_001	1
Q000034	0	C001346_it_002	1
Q000034	0	C001346_it_003	1
Q000034	0	C001346_it_004	1
Q000034	0	C001346_it_005	1
Q000035	0	C001498_it_000	1
Q000035	0	C001498_it_001	1
Q000035	0	C001498_it_002	1
Q000035	0	C001498_it_003	1
Q000035	0	C001498_it_004	1
Q000035	0	C001498_it_005	1
Q000035	0	C001498_it_006	1
Q000035	0	C001498_it_007	1
Q000036	0	C000056_it_000	1
Q000037	0	C002143_it_000	1
Q000037	0	C002143_it_001	1
Q000037	0	C002143_it_002	1
Q000037	0	C002143_it_003	1
Q000038	0	C002647_it_000	1
Q000038	0	C002647_it_001	1
Q000038	0	C002647_it_002	1
Q000038	0	C002647_it_003	1
Q000038	0	C002647_it_004	1
Q000039	0	C001985_it_000	1
Q000039	0	C001985_it_001	1
Q000039	0	C001985_it_002	1
Q000039	0	C001985_it_003	1
Q000039	0	C001985_it_004	1
Q000040	0	C002661_it_000	1
Q000040	0	C002661_it_001	1
Q000040	0	C002661_it_002	1
Q000040	0	C002661_it_003	1
Q000040	0	C002661_it_004	1
Q000040	0	C002661_it_005	1
Q000040	0	C002661_it_006	1
Q000041	0	C003266_it_000	1
Q000041	0	C003266_it_001	1
Q000041	0	C003266_it_002	1
Q000041	0	C003266_it_003	1
Q000041	0	C003266_it_004	1
Q000041	0	C003266_it_005	1
Q000041	0	C003266_it_006	1
Q000042	0	C002964_it_000	1
Q000042	0	C002964_it_001	1
Q000042	0	C002964_it_002	1
Q000042	0	C002964_it_003	1
Q000042	0	C002964_it_004	1
Q000042	0	C002964_it_005	1
Q000042	0	C002964_it_006	1
Q000043	0	C002191_it_000	1
Q000043	0	C002191_it_001	1
Q000043	0	C002191_it_002	1
Q000043	0	C002191_it_003	1
Q000043	0	C002191_it_004	1
Q000044	0	C002615_it_000	1
Q000044	0	C002615_it_001	1
Q000044	0	C002615_it_002	1
Q000044	0	C002615_it_003	1
Q000045	0	C000970_it_000	1
Q000045	0	C000970_it_001	1
Q000045	0	C000970_it_002	1
Q000045	0	C000970_it_003	1
Q000045	0	C000970_it_004	1
Q000046	0	C001634_it_000	1
Q000046	0	C001634_it_001	1
Q000046	0	C001634_it_002	1
Q000046	0	C001634_it_003	1
Q000046	0	C001634_it_004	1
Q000046	0	C001634_it_005	1
Q000046	0	C001634_it_006	1
Q000047	0	C001665_it_000	1
Q000047	0	C001665_it_001	1
Q000047	0	C001665_it_002	1
Q000047	0	C001665_it_003	1
Q000048	0	C002929_it_000	1
Q000048	0	C002929_it_001	1
Q000048	0	C002929_it_002	1
Q000049	0	C002853_it_000	1
Q000050	0	C001541_it_000	1
Q000050	0	C001541_it_001	1
Q000051	0	C000663_it_000	1
Q000051	0	C000663_it_001	1
Q000051	0	C000663_it_002	1
Q000051	0	C000663_it_003	1
Q000051	0	C000663_it_004	1
Q000051	0	C000663_it_005	1
Q000052	0	C001500_it_000	1
Q000052	0	C001500_it_001	1
Q000053	0	C003150_it_000	1
Q000053	0	C003150_it_001	1
Q000054	0	C003527_it_000	1
Q000054	0	C003527_it_001	1
Q000054	0	C003527_it_002	1
Q000055	0	C000072_it_000	1
Q000056	0	C002303_it_000	1
Q000056	0	C002303_it_001	1
Q000056	0	C002303_it_002	1
Q000056	0	C002303_it_003	1
Q000057	0	C001929_it_000	1
Q000057	0	C001929_it_001	1
Q000057	0	C001929_it_002	1
Q000057	0	C001929_it_003	1
Q000057	0	C001929_it_004	1
Q000058	0	C000900_it_000	1
Q000058	0	C000900_it_001	1
Q000058	0	C000900_it_002	1
Q000058	0	C000900_it_003	1
Q000058	0	C000900_it_004	1
Q000058	0	C000900_it_005	1
Q000058	0	C000900_it_006	1
Q000059	0	C001645_it_000	1
Q000059	0	C001645_it_001	1
Q000060	0	C003376_it_000	1
Q000060	0	C003376_it_001	1
Q000060	0	C003376_it_002	1
Q000060	0	C003376_it_003	1
Q000060	0	C003376_it_004	1
Q000060	0	C003376_it_005	1
Q000060	0	C003376_it_006	1
Q000060	0	C003376_it_007	1
Q000060	0	C003376_it_008	1
Q000060	0	C003376_it_009	1
Q000060	0	C003376_it_010	1
Q000061	0	C002271_it_000	1
Q000061	0	C002271_it_001	1
Q000061	0	C002271_it_002	1
Q000061	0	C002271_it_003	1
Q000061	0	C002271_it_004	1
Q000061	0	C002271_it_005	1
Q000062	0	C000822_it_000	1
Q000062	0	C000822_it_001	1
Q000062	0	C000822_it_002	1
Q000062	0	C000822_it_003	1
Q000062	0	C000822_it_004	1
Q000063	0	C002606_it_000	1
Q000063	0	C002606_it_001	1
Q000063	0	C002606_it_002	1
Q000063	0	C002606_it_003	1
Q000063	0	C002606_it_004	1
Q000063	0	C002606_it_005	1
Q000063	0	C002606_it_006	1
Q000063	0	C002606_it_007	1
Q000063	0	C002606_it_008	1
Q000064	0	C001537_it_000	1
Q000064	0	C001537_it_001	1
Q000064	0	C001537_it_002	1
Q000064	0	C001537_it_003	1
Q000065	0	C002106_it_000	1
Q000065	0	C002106_it_001	1
Q000065	0	C002106_it_002	1
Q000066	0	C001977_it_000	1
Q000066	0	C001977_it_001	1
Q000067	0	C002481_it_000	1
Q000067	0	C002481_it_001	1
Q000067	0	C002481_it_002	1
Q000067	0	C002481_it_003	1
Q000067	0	C002481_it_004	1
Q000067	0	C002481_it_005	1
Q000067	0	C002481_it_006	1
Q000067	0	C002481_it_007	1
Q000067	0	C002481_it_008	1
Q000067	0	C002481_it_009	1
Q000067	0	C002481_it_010	1
Q000067	0	C002481_it_011	1
Q000067	0	C002481_it_012	1
Q000067	0	C002481_it_013	1
Q000067	0	C002481_it_014	1
Q000067	0	C002481_it_015	1
Q000067	0	C002481_it_016	1
Q000067	0	C002481_it_017	1
Q000067	0	C002481_it_018	1
Q000067	0	C002481_it_019	1
Q000067	0	C002481_it_020	1
Q000067	0	C002481_it_021	1
Q000067	0	C002481_it_022	1
Q000067	0	C002481_it_023	1
Q000067	0	C002481_it_024	1
Q000067	0	C002481_it_025	1
Q000067	0	C002481_it_026	1
Q000067	0	C002481_it_027	1
Q000067	0	C002481_it_028	1
Q000067	0	C002481_it_029	1
Q000067	0	C002481_it_030	1
Q000067	0	C002481_it_031	1
Q000067	0	C002481_it_032	1
Q000067	0	C002481_it_033	1
Q000067	0	C002481_it_034	1
Q000067	0	C002481_it_035	1
Q000067	0	C002481_it_036	1
Q000067	0	C002481_it_037	1
Q000067	0	C002481_it_038	1
Q000067	0	C002481_it_039	1
Q000067	0	C002481_it_040	1
Q000067	0	C002481_it_041	1
Q000067	0	C002481_it_042	1
Q000067	0	C002481_it_043	1
Q000067	0	C002481_it_044	1
Q000067	0	C002481_it_045	1
Q000067	0	C002481_it_046	1
Q000067	0	C002481_it_047	1
Q000067	0	C002481_it_048	1
Q000067	0	C002481_it_049	1
Q000067	0	C002481_it_050	1
Q000067	0	C002481_it_051	1
Q000067	0	C002481_it_052	1
Q000067	0	C002481_it_053	1
Q000067	0	C002481_it_054	1
Q000067	0	C002481_it_055	1
Q000067	0	C002481_it_056	1
Q000067	0	C002481_it_057	1
Q000067	0	C002481_it_058	1
Q000067	0	C002481_it_059	1
Q000067	0	C002481_it_060	1
Q000067	0	C002481_it_061	1
Q000067	0	C002481_it_062	1
Q000067	0	C002481_it_063	1
Q000067	0	C002481_it_064	1
Q000067	0	C002481_it_065	1
Q000067	0	C002481_it_066	1
Q000067	0	C002481_it_067	1
Q000067	0	C002481_it_068	1
Q000067	0	C002481_it_069	1
Q000067	0	C002481_it_070	1
Q000067	0	C002481_it_071	1
Q000067	0	C002481_it_072	1
Q000067	0	C002481_it_073	1
Q000067	0	C002481_it_074	1
Q000067	0	C002481_it_075	1
Q000067	0	C002481_it_076	1
Q000067	0	C002481_it_077	1
Q000067	0	C002481_it_078	1
Q000067	0	C002481_it_079	1
Q000068	0	C002481_it_000	1
Q000068	0	C002481_it_001	1
Q000068	0	C002481_it_002	1
Q000068	0	C002481_it_003	1
Q000068	0	C002481_it_004	1
Q000068	0	C002481_it_005	1
Q000068	0	C002481_it_006	1
Q000068	0	C002481_it_007	1
Q000068	0	C002481_it_008	1
Q000068	0	C002481_it_009	1
Q000068	0	C002481_it_010	1
Q000068	0	C002481_it_011	1
Q000068	0	C002481_it_012	1
Q000068	0	C002481_it_013	1
Q000068	0	C002481_it_014	1
Q000068	0	C002481_it_015	1
Q000068	0	C002481_it_016	1
Q000068	0	C002481_it_017	1
Q000068	0	C002481_it_018	1
Q000068	0	C002481_it_019	1
Q000068	0	C002481_it_020	1
Q000068	0	C002481_it_021	1
Q000068	0	C002481_it_022	1
Q000068	0	C002481_it_023	1
Q000068	0	C002481_it_024	1
Q000068	0	C002481_it_025	1
Q000068	0	C002481_it_026	1
Q000068	0	C002481_it_027	1
Q000068	0	C002481_it_028	1
Q000068	0	C002481_it_029	1
Q000068	0	C002481_it_030	1
Q000068	0	C002481_it_031	1
Q000068	0	C002481_it_032	1
Q000068	0	C002481_it_033	1
Q000068	0	C002481_it_034	1
Q000068	0	C002481_it_035	1
Q000068	0	C002481_it_036	1
Q000068	0	C002481_it_037	1
Q000068	0	C002481_it_038	1
Q000068	0	C002481_it_039	1
Q000068	0	C002481_it_040	1
Q000068	0	C002481_it_041	1
Q000068	0	C002481_it_042	1
Q000068	0	C002481_it_043	1
Q000068	0	C002481_it_044	1
Q000068	0	C002481_it_045	1
Q000068	0	C002481_it_046	1
Q000068	0	C002481_it_047	1
Q000068	0	C002481_it_048	1
Q000068	0	C002481_it_049	1
Q000068	0	C002481_it_050	1
Q000068	0	C002481_it_051	1
Q000068	0	C002481_it_052	1
Q000068	0	C002481_it_053	1
Q000068	0	C002481_it_054	1
Q000068	0	C002481_it_055	1
Q000068	0	C002481_it_056	1
Q000068	0	C002481_it_057	1
Q000068	0	C002481_it_058	1
Q000068	0	C002481_it_059	1
Q000068	0	C002481_it_060	1
Q000068	0	C002481_it_061	1
Q000068	0	C002481_it_062	1
Q000068	0	C002481_it_063	1
Q000068	0	C002481_it_064	1
Q000068	0	C002481_it_065	1
Q000068	0	C002481_it_066	1
Q000068	0	C002481_it_067	1
Q000068	0	C002481_it_068	1
Q000068	0	C002481_it_069	1
Q000068	0	C002481_it_070	1
Q000068	0	C002481_it_071	1
Q000068	0	C002481_it_072	1
Q000068	0	C002481_it_073	1
Q000068	0	C002481_it_074	1
Q000068	0	C002481_it_075	1
Q000068	0	C002481_it_076	1
Q000068	0	C002481_it_077	1
Q000068	0	C002481_it_078	1
Q000068	0	C002481_it_079	1
Q000069	0	C002481_it_000	1
Q000069	0	C002481_it_001	1
Q000069	0	C002481_it_002	1
Q000069	0	C002481_it_003	1
Q000069	0	C002481_it_004	1
Q000069	0	C002481_it_005	1
Q000069	0	C002481_it_006	1
Q000069	0	C002481_it_007	1
Q000069	0	C002481_it_008	1
Q000069	0	C002481_it_009	1
Q000069	0	C002481_it_010	1
Q000069	0	C002481_it_011	1
Q000069	0	C002481_it_012	1
Q000069	0	C002481_it_013	1
Q000069	0	C002481_it_014	1
Q000069	0	C002481_it_015	1
Q000069	0	C002481_it_016	1
Q000069	0	C002481_it_017	1
Q000069	0	C002481_it_018	1
Q000069	0	C002481_it_019	1
Q000069	0	C002481_it_020	1
Q000069	0	C002481_it_021	1
Q000069	0	C002481_it_022	1
Q000069	0	C002481_it_023	1
Q000069	0	C002481_it_024	1
Q000069	0	C002481_it_025	1
Q000069	0	C002481_it_026	1
Q000069	0	C002481_it_027	1
Q000069	0	C002481_it_028	1
Q000069	0	C002481_it_029	1
Q000069	0	C002481_it_030	1
Q000069	0	C002481_it_031	1
Q000069	0	C002481_it_032	1
Q000069	0	C002481_it_033	1
Q000069	0	C002481_it_034	1
Q000069	0	C002481_it_035	1
Q000069	0	C002481_it_036	1
Q000069	0	C002481_it_037	1
Q000069	0	C002481_it_038	1
Q000069	0	C002481_it_039	1
Q000069	0	C002481_it_040	1
Q000069	0	C002481_it_041	1
Q000069	0	C002481_it_042	1
Q000069	0	C002481_it_043	1
Q000069	0	C002481_it_044	1
Q000069	0	C002481_it_045	1
Q000069	0	C002481_it_046	1
Q000069	0	C002481_it_047	1
Q000069	0	C002481_it_048	1
Q000069	0	C002481_it_049	1
Q000069	0	C002481_it_050	1
Q000069	0	C002481_it_051	1
Q000069	0	C002481_it_052	1
Q000069	0	C002481_it_053	1
Q000069	0	C002481_it_054	1
Q000069	0	C002481_it_055	1
Q000069	0	C002481_it_056	1
Q000069	0	C002481_it_057	1
Q000069	0	C002481_it_058	1
Q000069	0	C002481_it_059	1
Q000069	0	C002481_it_060	1
Q000069	0	C002481_it_061	1
Q000069	0	C002481_it_062	1
Q000069	0	C002481_it_063	1
Q000069	0	C002481_it_064	1
Q000069	0	C002481_it_065	1
Q000069	0	C002481_it_066	1
Q000069	0	C002481_it_067	1
Q000069	0	C002481_it_068	1
Q000069	0	C002481_it_069	1
Q000069	0	C002481_it_070	1
Q000069	0	C002481_it_071	1
Q000069	0	C002481_it_072	1
Q000069	0	C002481_it_073	1
Q000069	0	C002481_it_074	1
Q000069	0	C002481_it_075	1
Q000069	0	C002481_it_076	1
Q000069	0	C002481_it_077	1
Q000069	0	C002481_it_078	1
Q000069	0	C002481_it_079	1
Q000070	0	C002481_it_000	1
Q000070	0	C002481_it_001	1
Q000070	0	C002481_it_002	1
Q000070	0	C002481_it_003	1
Q000070	0	C002481_it_004	1
Q000070	0	C002481_it_005	1
Q000070	0	C002481_it_006	1
Q000070	0	C002481_it_007	1
Q000070	0	C002481_it_008	1
Q000070	0	C002481_it_009	1
Q000070	0	C002481_it_010	1
Q000070	0	C002481_it_011	1
Q000070	0	C002481_it_012	1
Q000070	0	C002481_it_013	1
Q000070	0	C002481_it_014	1
Q000070	0	C002481_it_015	1
Q000070	0	C002481_it_016	1
Q000070	0	C002481_it_017	1
Q000070	0	C002481_it_018	1
Q000070	0	C002481_it_019	1
Q000070	0	C002481_it_020	1
Q000070	0	C002481_it_021	1
Q000070	0	C002481_it_022	1
Q000070	0	C002481_it_023	1
Q000070	0	C002481_it_024	1
Q000070	0	C002481_it_025	1
Q000070	0	C002481_it_026	1
Q000070	0	C002481_it_027	1
Q000070	0	C002481_it_028	1
Q000070	0	C002481_it_029	1
Q000070	0	C002481_it_030	1
Q000070	0	C002481_it_031	1
Q000070	0	C002481_it_032	1
Q000070	0	C002481_it_033	1
Q000070	0	C002481_it_034	1
Q000070	0	C002481_it_035	1
Q000070	0	C002481_it_036	1
Q000070	0	C002481_it_037	1
Q000070	0	C002481_it_038	1
Q000070	0	C002481_it_039	1
Q000070	0	C002481_it_040	1
Q000070	0	C002481_it_041	1
Q000070	0	C002481_it_042	1
Q000070	0	C002481_it_043	1
Q000070	0	C002481_it_044	1
Q000070	0	C002481_it_045	1
Q000070	0	C002481_it_046	1
Q000070	0	C002481_it_047	1
Q000070	0	C002481_it_048	1
Q000070	0	C002481_it_049	1
Q000070	0	C002481_it_050	1
Q000070	0	C002481_it_051	1
Q000070	0	C002481_it_052	1
Q000070	0	C002481_it_053	1
Q000070	0	C002481_it_054	1
Q000070	0	C002481_it_055	1
Q000070	0	C002481_it_056	1
Q000070	0	C002481_it_057	1
Q000070	0	C002481_it_058	1
Q000070	0	C002481_it_059	1
Q000070	0	C002481_it_060	1
Q000070	0	C002481_it_061	1
Q000070	0	C002481_it_062	1
Q000070	0	C002481_it_063	1
Q000070	0	C002481_it_064	1
Q000070	0	C002481_it_065	1
Q000070	0	C002481_it_066	1
Q000070	0	C002481_it_067	1
Q000070	0	C002481_it_068	1
Q000070	0	C002481_it_069	1
Q000070	0	C002481_it_070	1
Q000070	0	C002481_it_071	1
Q000070	0	C002481_it_072	1
Q000070	0	C002481_it_073	1
Q000070	0	C002481_it_074	1
Q000070	0	C002481_it_075	1
Q000070	0	C002481_it_076	1
Q000070	0	C002481_it_077	1
Q000070	0	C002481_it_078	1
Q000070	0	C002481_it_079	1
Q000071	0	C002783_it_000	1
Q000071	0	C002783_it_001	1
Q000071	0	C002783_it_002	1
Q000071	0	C002783_it_003	1
Q000071	0	C002783_it_004	1
Q000072	0	C001918_it_000	1
Q000072	0	C001918_it_001	1
Q000073	0	C002418_it_000	1
Q000073	0	C002418_it_001	1
Q000073	0	C002418_it_002	1
Q000073	0	C002418_it_003	1
Q000073	0	C002418_it_004	1
Q000073	0	C002418_it_005	1
Q000073	0	C002418_it_006	1
Q000073	0	C002418_it_007	1
Q000073	0	C002418_it_008	1
Q000074	0	C002418_it_000	1
Q000074	0	C002418_it_001	1
Q000074	0	C002418_it_002	1
Q000074	0	C002418_it_003	1
Q000074	0	C002418_it_004	1
Q000074	0	C002418_it_005	1
Q000074	0	C002418_it_006	1
Q000074	0	C002418_it_007	1
Q000074	0	C002418_it_008	1
Q000075	0	C003088_it_000	1
Q000075	0	C003088_it_001	1
Q000075	0	C003088_it_002	1
Q000076	0	C000723_it_000	1
Q000076	0	C000723_it_001	1
Q000076	0	C000723_it_002	1
Q000076	0	C000723_it_003	1
Q000077	0	C002666_it_000	1
Q000077	0	C002666_it_001	1
Q000077	0	C002666_it_002	1
Q000077	0	C002666_it_003	1
Q000077	0	C002666_it_004	1
Q000077	0	C002666_it_005	1
Q000077	0	C002666_it_006	1
Q000078	0	C002825_it_000	1
Q000078	0	C002825_it_001	1
Q000078	0	C002825_it_002	1
Q000078	0	C002825_it_003	1
Q000078	0	C002825_it_004	1
Q000078	0	C002825_it_005	1
Q000078	0	C002825_it_006	1
Q000079	0	C001013_it_000	1
Q000079	0	C001013_it_001	1
Q000079	0	C001013_it_002	1
Q000079	0	C001013_it_003	1
Q000079	0	C001013_it_004	1
Q000079	0	C001013_it_005	1
Q000079	0	C001013_it_006	1
Q000080	0	C001611_it_000	1
Q000080	0	C001611_it_001	1
Q000080	0	C001611_it_002	1
Q000080	0	C001611_it_003	1
Q000080	0	C001611_it_004	1
Q000080	0	C001611_it_005	1
Q000080	0	C001611_it_006	1
Q000081	0	C001611_it_000	1
Q000081	0	C001611_it_001	1
Q000081	0	C001611_it_002	1
Q000081	0	C001611_it_003	1
Q000081	0	C001611_it_004	1
Q000081	0	C001611_it_005	1
Q000081	0	C001611_it_006	1
Q000082	0	C001611_it_000	1
Q000082	0	C001611_it_001	1
Q000082	0	C001611_it_002	1
Q000082	0	C001611_it_003	1
Q000082	0	C001611_it_004	1
Q000082	0	C001611_it_005	1
Q000082	0	C001611_it_006	1
Q000083	0	C000779_it_000	1
Q000083	0	C000779_it_001	1
Q000083	0	C000779_it_002	1
Q000083	0	C000779_it_003	1
Q000083	0	C000779_it_004	1
Q000084	0	C001573_it_000	1
Q000084	0	C001573_it_001	1
Q000084	0	C001573_it_002	1
Q000085	0	C002889_it_000	1
Q000085	0	C002889_it_001	1
Q000085	0	C002889_it_002	1
Q000085	0	C002889_it_003	1
Q000085	0	C002889_it_004	1
Q000085	0	C002889_it_005	1
Q000085	0	C002889_it_006	1
Q000085	0	C002889_it_007	1
Q000085	0	C002889_it_008	1
Q000086	0	C002564_it_000	1
Q000086	0	C002564_it_001	1
Q000086	0	C002564_it_002	1
Q000086	0	C002564_it_003	1
Q000086	0	C002564_it_004	1
Q000086	0	C002564_it_005	1
Q000086	0	C002564_it_006	1
Q000086	0	C002564_it_007	1
Q000086	0	C002564_it_008	1
Q000086	0	C002564_it_009	1
Q000086	0	C002564_it_010	1
Q000086	0	C002564_it_011	1
Q000086	0	C002564_it_012	1
Q000087	0	C001054_it_000	1
Q000087	0	C001054_it_001	1
Q000087	0	C001054_it_002	1
Q000087	0	C001054_it_003	1
Q000087	0	C001054_it_004	1
Q000087	0	C001054_it_005	1
Q000087	0	C001054_it_006	1
Q000087	0	C001054_it_007	1
Q000087	0	C001054_it_008	1
Q000087	0	C001054_it_009	1
Q000087	0	C001054_it_010	1
Q000087	0	C001054_it_011	1
Q000087	0	C001054_it_012	1
Q000087	0	C001054_it_013	1
Q000087	0	C001054_it_014	1
Q000088	0	C001525_it_000	1
Q000088	0	C001525_it_001	1
Q000088	0	C001525_it_002	1
Q000088	0	C001525_it_003	1
Q000088	0	C001525_it_004	1
Q000088	0	C001525_it_005	1
Q000088	0	C001525_it_006	1
Q000088	0	C001525_it_007	1
Q000088	0	C001525_it_008	1
Q000089	0	C003269_it_000	1
Q000089	0	C003269_it_001	1
Q000090	0	C001781_it_000	1
Q000090	0	C001781_it_001	1
Q000090	0	C001781_it_002	1
Q000090	0	C001781_it_003	1
Q000091	0	C002586_it_000	1
Q000091	0	C002586_it_001	1
Q000091	0	C002586_it_002	1
Q000091	0	C002586_it_003	1
Q000091	0	C002586_it_004	1
Q000092	0	C002405_it_000	1
Q000093	0	C002062_it_000	1
Q000093	0	C002062_it_001	1
Q000093	0	C002062_it_002	1
Q000093	0	C002062_it_003	1
Q000093	0	C002062_it_004	1
Q000093	0	C002062_it_005	1
Q000093	0	C002062_it_006	1
Q000093	0	C002062_it_007	1
Q000093	0	C002062_it_008	1
Q000093	0	C002062_it_009	1
Q000094	0	C000741_it_000	1
Q000094	0	C000741_it_001	1
Q000094	0	C000741_it_002	1
Q000094	0	C000741_it_003	1
Q000094	0	C000741_it_004	1
Q000094	0	C000741_it_005	1
Q000094	0	C000741_it_006	1
Q000094	0	C000741_it_007	1
Q000094	0	C000741_it_008	1
Q000094	0	C000741_it_009	1
Q000094	0	C000741_it_010	1
Q000095	0	C002104_it_000	1
Q000095	0	C002104_it_001	1
Q000095	0	C002104_it_002	1
Q000096	0	C001086_it_000	1
Q000096	0	C001086_it_001	1
Q000096	0	C001086_it_002	1
Q000096	0	C001086_it_003	1
Q000096	0	C001086_it_004	1
Q000096	0	C001086_it_005	1
Q000096	0	C001086_it_006	1
Q000096	0	C001086_it_007	1
Q000096	0	C001086_it_008	1
Q000096	0	C001086_it_009	1
Q000096	0	C001086_it_010	1
Q000096	0	C001086_it_011	1
Q000096	0	C001086_it_012	1
Q000097	0	C003028_it_000	1
Q000097	0	C003028_it_001	1
Q000097	0	C003028_it_002	1
Q000097	0	C003028_it_003	1
Q000097	0	C003028_it_004	1
Q000098	0	C003351_it_000	1
Q000098	0	C003351_it_001	1
Q000098	0	C003351_it_002	1
Q000098	0	C003351_it_003	1
Q000098	0	C003351_it_004	1
Q000098	0	C003351_it_005	1
Q000098	0	C003351_it_006	1
Q000099	0	C002238_it_000	1
Q000099	0	C002238_it_001	1
Q000099	0	C002238_it_002	1
Q000099	0	C002238_it_003	1
Q000099	0	C002238_it_004	1
Q000099	0	C002238_it_005	1
Q000099	0	C002238_it_006	1
Q000099	0	C002238_it_007	1
Q000100	0	C000917_it_000	1
Q000100	0	C000917_it_001	1
Q000100	0	C000917_it_002	1
Q000100	0	C000917_it_003	1
Q000100	0	C000917_it_004	1
Q000100	0	C000917_it_005	1
Q000100	0	C000917_it_006	1
Q000101	0	C000721_it_000	1
Q000101	0	C000721_it_001	1
Q000101	0	C000721_it_002	1
Q000101	0	C000721_it_003	1
Q000101	0	C000721_it_004	1
Q000101	0	C000721_it_005	1
Q000101	0	C000721_it_006	1
Q000101	0	C000721_it_007	1
Q000101	0	C000721_it_008	1
Q000101	0	C000721_it_009	1
Q000101	0	C000721_it_010	1
Q000101	0	C000721_it_011	1
Q000101	0	C000721_it_012	1
Q000101	0	C000721_it_013	1
Q000102	0	C002130_it_000	1
Q000102	0	C002130_it_001	1
Q000102	0	C002130_it_002	1
Q000103	0	C001837_it_000	1
Q000103	0	C001837_it_001	1
Q000103	0	C001837_it_002	1
Q000103	0	C001837_it_003	1
Q000103	0	C001837_it_004	1
Q000103	0	C001837_it_005	1
Q000103	0	C001837_it_006	1
Q000103	0	C001837_it_007	1
Q000103	0	C001837_it_008	1
Q000103	0	C001837_it_009	1
Q000103	0	C001837_it_010	1
Q000104	0	C002043_it_000	1
Q000104	0	C002043_it_001	1
Q000104	0	C002043_it_002	1
Q000104	0	C002043_it_003	1
Q000104	0	C002043_it_004	1
Q000104	0	C002043_it_005	1
Q000104	0	C002043_it_006	1
Q000104	0	C002043_it_007	1
Q000104	0	C002043_it_008	1
Q000104	0	C002043_it_009	1
Q000105	0	C001794_it_000	1
Q000105	0	C001794_it_001	1
Q000105	0	C001794_it_002	1
Q000105	0	C001794_it_003	1
Q000105	0	C001794_it_004	1
Q000105	0	C001794_it_005	1
Q000105	0	C001794_it_006	1
Q000106	0	C001692_it_000	1
Q000106	0	C001692_it_001	1
Q000106	0	C001692_it_002	1
Q000106	0	C001692_it_003	1
Q000106	0	C001692_it_004	1
Q000106	0	C001692_it_005	1
Q000106	0	C001692_it_006	1
Q000107	0	C001208_it_000	1
Q000107	0	C001208_it_001	1
Q000107	0	C001208_it_002	1
Q000107	0	C001208_it_003	1
Q000107	0	C001208_it_004	1
Q000107	0	C001208_it_005	1
Q000108	0	C001767_it_000	1
Q000108	0	C001767_it_001	1
Q000108	0	C001767_it_002	1
Q000108	0	C001767_it_003	1
Q000108	0	C001767_it_004	1
Q000109	0	C001208_it_000	1
Q000109	0	C001208_it_001	1
Q000109	0	C001208_it_002	1
Q000109	0	C001208_it_003	1
Q000109	0	C001208_it_004	1
Q000109	0	C001208_it_005	1
Q000110	0	C000767_it_000	1
Q000110	0	C000767_it_001	1
Q000110	0	C000767_it_002	1
Q000110	0	C000767_it_003	1
Q000110	0	C000767_it_004	1
Q000110	0	C000767_it_005	1
Q000110	0	C000767_it_006	1
Q000111	0	C003333_it_000	1
Q000111	0	C003333_it_001	1
Q000111	0	C003333_it_002	1
Q000111	0	C003333_it_003	1
Q000111	0	C003333_it_004	1
Q000112	0	C003333_it_000	1
Q000112	0	C003333_it_001	1
Q000112	0	C003333_it_002	1
Q000112	0	C003333_it_003	1
Q000112	0	C003333_it_004	1
Q000113	0	C003333_it_000	1
Q000113	0	C003333_it_001	1
Q000113	0	C003333_it_002	1
Q000113	0	C003333_it_003	1
Q000113	0	C003333_it_004	1
Q000114	0	C002773_it_000	1
Q000114	0	C002773_it_001	1
Q000114	0	C002773_it_002	1
Q000114	0	C002773_it_003	1
Q000114	0	C002773_it_004	1
Q000115	0	C001715_it_000	1
Q000115	0	C001715_it_001	1
Q000115	0	C001715_it_002	1
Q000115	0	C001715_it_003	1
Q000115	0	C001715_it_004	1
Q000115	0	C001715_it_005	1
Q000116	0	C001715_it_000	1
Q000116	0	C001715_it_001	1
Q000116	0	C001715_it_002	1
Q000116	0	C001715_it_003	1
Q000116	0	C001715_it_004	1
Q000116	0	C001715_it_005	1
Q000117	0	C001715_it_000	1
Q000117	0	C001715_it_001	1
Q000117	0	C001715_it_002	1
Q000117	0	C001715_it_003	1
Q000117	0	C001715_it_004	1
Q000117	0	C001715_it_005	1
Q000118	0	C001715_it_000	1
Q000118	0	C001715_it_001	1
Q000118	0	C001715_it_002	1
Q000118	0	C001715_it_003	1
Q000118	0	C001715_it_004	1
Q000118	0	C001715_it_005	1
Q000119	0	C001715_it_000	1
Q000119	0	C001715_it_001	1
Q000119	0	C001715_it_002	1
Q000119	0	C001715_it_003	1
Q000119	0	C001715_it_004	1
Q000119	0	C001715_it_005	1
Q000120	0	C001715_it_000	1
Q000120	0	C001715_it_001	1
Q000120	0	C001715_it_002	1
Q000120	0	C001715_it_003	1
Q000120	0	C001715_it_004	1
Q000120	0	C001715_it_005	1
Q000121	0	C001715_it_000	1
Q000121	0	C001715_it_001	1
Q000121	0	C001715_it_002	1
Q000121	0	C001715_it_003	1
Q000121	0	C001715_it_004	1
Q000121	0	C001715_it_005	1
Q000122	0	C001715_it_000	1
Q000122	0	C001715_it_001	1
Q000122	0	C001715_it_002	1
Q000122	0	C001715_it_003	1
Q000122	0	C001715_it_004	1
Q000122	0	C001715_it_005	1
Q000123	0	C001715_it_000	1
Q000123	0	C001715_it_001	1
Q000123	0	C001715_it_002	1
Q000123	0	C001715_it_003	1
Q000123	0	C001715_it_004	1
Q000123	0	C001715_it_005	1
Q000124	0	C001715_it_000	1
Q000124	0	C001715_it_001	1
Q000124	0	C001715_it_002	1
Q000124	0	C001715_it_003	1
Q000124	0	C001715_it_004	1
Q000124	0	C001715_it_005	1
Q000125	0	C001715_it_000	1
Q000125	0	C001715_it_001	1
Q000125	0	C001715_it_002	1
Q000125	0	C001715_it_003	1
Q000125	0	C001715_it_004	1
Q000125	0	C001715_it_005	1
Q000126	0	C001715_it_000	1
Q000126	0	C001715_it_001	1
Q000126	0	C001715_it_002	1
Q000126	0	C001715_it_003	1
Q000126	0	C001715_it_004	1
Q000126	0	C001715_it_005	1
Q000127	0	C001715_it_000	1
Q000127	0	C001715_it_001	1
Q000127	0	C001715_it_002	1
Q000127	0	C001715_it_003	1
Q000127	0	C001715_it_004	1
Q000127	0	C001715_it_005	1
Q000128	0	C001715_it_000	1
Q000128	0	C001715_it_001	1
Q000128	0	C001715_it_002	1
Q000128	0	C001715_it_003	1
Q000128	0	C001715_it_004	1
Q000128	0	C001715_it_005	1
Q000129	0	C001715_it_000	1
Q000129	0	C001715_it_001	1
Q000129	0	C001715_it_002	1
Q000129	0	C001715_it_003	1
Q000129	0	C001715_it_004	1
Q000129	0	C001715_it_005	1
Q000130	0	C001754_it_000	1
Q000130	0	C001754_it_001	1
Q000130	0	C001754_it_002	1
Q000130	0	C001754_it_003	1
Q000131	0	C000947_it_000	1
Q000131	0	C000947_it_001	1
Q000131	0	C000947_it_002	1
Q000132	0	C001754_it_000	1
Q000132	0	C001754_it_001	1
Q000132	0	C001754_it_002	1
Q000132	0	C001754_it_003	1
Q000133	0	C000784_it_000	1
Q000133	0	C000784_it_001	1
Q000133	0	C000784_it_002	1
Q000134	0	C001754_it_000	1
Q000134	0	C001754_it_001	1
Q000134	0	C001754_it_002	1
Q000134	0	C001754_it_003	1
Q000135	0	C000675_it_000	1
Q000135	0	C000675_it_001	1
Q000135	0	C000675_it_002	1
Q000135	0	C000675_it_003	1
Q000135	0	C000675_it_004	1
Q000136	0	C001703_it_000	1
Q000136	0	C001703_it_001	1
Q000136	0	C001703_it_002	1
Q000137	0	C001736_it_000	1
Q000137	0	C001736_it_001	1
Q000137	0	C001736_it_002	1
Q000137	0	C001736_it_003	1
Q000137	0	C001736_it_004	1
Q000137	0	C001736_it_005	1
Q000137	0	C001736_it_006	1
Q000137	0	C001736_it_007	1
Q000137	0	C001736_it_008	1
Q000138	0	C001990_it_000	1
Q000138	0	C001990_it_001	1
Q000138	0	C001990_it_002	1
Q000139	0	C000993_it_000	1
Q000139	0	C000993_it_001	1
Q000139	0	C000993_it_002	1
Q000140	0	C003402_it_000	1
Q000140	0	C003402_it_001	1
Q000141	0	C003402_it_000	1
Q000141	0	C003402_it_001	1
Q000142	0	C002412_it_000	1
Q000142	0	C002412_it_001	1
Q000143	0	C003510_it_000	1
Q000143	0	C003510_it_001	1
Q000144	0	C001266_it_000	1
Q000145	0	C001376_it_000	1
Q000145	0	C001376_it_001	1
Q000145	0	C001376_it_002	1
Q000145	0	C001376_it_003	1
Q000146	0	C001376_it_000	1
Q000146	0	C001376_it_001	1
Q000146	0	C001376_it_002	1
Q000146	0	C001376_it_003	1
Q000147	0	C000290_it_000	1
Q000148	0	C000690_it_000	1
Q000148	0	C000690_it_001	1
Q000148	0	C000690_it_002	1
Q000148	0	C000690_it_003	1
Q000148	0	C000690_it_004	1
Q000148	0	C000690_it_005	1
Q000148	0	C000690_it_006	1
Q000149	0	C002734_it_000	1
Q000149	0	C002734_it_001	1
Q000150	0	C003325_it_000	1
Q000151	0	C000703_it_000	1
Q000151	0	C000703_it_001	1
Q000151	0	C000703_it_002	1
Q000152	0	C002469_it_000	1
Q000152	0	C002469_it_001	1
Q000153	0	C001102_it_000	1
Q000153	0	C001102_it_001	1
Q000153	0	C001102_it_002	1
Q000154	0	C000815_it_000	1
Q000154	0	C000815_it_001	1
Q000154	0	C000815_it_002	1
Q000155	0	C002565_it_000	1
Q000155	0	C002565_it_001	1
Q000155	0	C002565_it_002	1
Q000155	0	C002565_it_003	1
Q000155	0	C002565_it_004	1
Q000155	0	C002565_it_005	1
Q000155	0	C002565_it_006	1
Q000156	0	C000703_it_000	1
Q000156	0	C000703_it_001	1
Q000156	0	C000703_it_002	1
Q000157	0	C000839_it_000	1
Q000158	0	C002849_it_000	1
Q000159	0	C002029_it_000	1
Q000159	0	C002029_it_001	1
Q000159	0	C002029_it_002	1
Q000159	0	C002029_it_003	1
Q000159	0	C002029_it_004	1
Q000159	0	C002029_it_005	1
Q000159	0	C002029_it_006	1
Q000159	0	C002029_it_007	1
Q000159	0	C002029_it_008	1
Q000159	0	C002029_it_009	1
Q000159	0	C002029_it_010	1
Q000159	0	C002029_it_011	1
Q000159	0	C002029_it_012	1
Q000160	0	C000200_it_000	1
Q000161	0	C002692_it_000	1
Q000161	0	C002692_it_001	1
Q000161	0	C002692_it_002	1
Q000162	0	C001009_it_000	1
Q000162	0	C001009_it_001	1
Q000163	0	C002463_it_000	1
Q000163	0	C002463_it_001	1
Q000164	0	C003173_it_000	1
Q000164	0	C003173_it_001	1
Q000164	0	C003173_it_002	1
Q000164	0	C003173_it_003	1
Q000165	0	C000694_it_000	1
Q000165	0	C000694_it_001	1
Q000165	0	C000694_it_002	1
Q000165	0	C000694_it_003	1
Q000166	0	C002453_it_000	1
Q000167	0	C003313_it_000	1
Q000167	0	C003313_it_001	1
Q000167	0	C003313_it_002	1
Q000168	0	C003065_it_000	1
Q000168	0	C003065_it_001	1
Q000168	0	C003065_it_002	1
Q000168	0	C003065_it_003	1
Q000169	0	C000628_it_000	1
Q000169	0	C000628_it_001	1
Q000169	0	C000628_it_002	1
Q000169	0	C000628_it_003	1
Q000169	0	C000628_it_004	1
Q000169	0	C000628_it_005	1
Q000169	0	C000628_it_006	1
Q000169	0	C000628_it_007	1
Q000169	0	C000628_it_008	1
Q000170	0	C002151_it_000	1
Q000170	0	C002151_it_001	1
Q000170	0	C002151_it_002	1
Q000171	0	C002046_it_000	1
Q000171	0	C002046_it_001	1
Q000171	0	C002046_it_002	1
Q000171	0	C002046_it_003	1
Q000171	0	C002046_it_004	1
Q000172	0	C002320_it_000	1
Q000172	0	C002320_it_001	1
Q000172	0	C002320_it_002	1
Q000172	0	C002320_it_003	1
Q000172	0	C002320_it_004	1
Q000172	0	C002320_it_005	1
Q000173	0	C001890_it_000	1
Q000173	0	C001890_it_001	1
Q000173	0	C001890_it_002	1
Q000173	0	C001890_it_003	1
Q000174	0	C001242_it_000	1
Q000174	0	C001242_it_001	1
Q000175	0	C001180_it_000	1
Q000175	0	C001180_it_001	1
Q000175	0	C001180_it_002	1
Q000175	0	C001180_it_003	1
Q000175	0	C001180_it_004	1
Q000175	0	C001180_it_005	1
Q000175	0	C001180_it_006	1
Q000175	0	C001180_it_007	1
Q000175	0	C001180_it_008	1
Q000176	0	C002032_it_000	1
Q000176	0	C002032_it_001	1
Q000176	0	C002032_it_002	1
Q000177	0	C001578_it_000	1
Q000177	0	C001578_it_001	1
Q000177	0	C001578_it_002	1
Q000178	0	C001599_it_000	1
Q000178	0	C001599_it_001	1
Q000178	0	C001599_it_002	1
Q000179	0	C003079_it_000	1
Q000179	0	C003079_it_001	1
Q000179	0	C003079_it_002	1
Q000179	0	C003079_it_003	1
Q000179	0	C003079_it_004	1
Q000180	0	C000769_it_000	1
Q000180	0	C000769_it_001	1
Q000180	0	C000769_it_002	1
Q000180	0	C000769_it_003	1
Q000180	0	C000769_it_004	1
Q000180	0	C000769_it_005	1
Q000180	0	C000769_it_006	1
Q000180	0	C000769_it_007	1
Q000180	0	C000769_it_008	1
Q000180	0	C000769_it_009	1
Q000180	0	C000769_it_010	1
Q000180	0	C000769_it_011	1
Q000180	0	C000769_it_012	1
Q000180	0	C000769_it_013	1
Q000180	0	C000769_it_014	1
Q000181	0	C002042_it_000	1
Q000181	0	C002042_it_001	1
Q000181	0	C002042_it_002	1
Q000181	0	C002042_it_003	1
Q000181	0	C002042_it_004	1
Q000182	0	C001003_it_000	1
Q000182	0	C001003_it_001	1
Q000182	0	C001003_it_002	1
Q000183	0	C003517_it_000	1
Q000183	0	C003517_it_001	1
Q000183	0	C003517_it_002	1
Q000183	0	C003517_it_003	1
Q000183	0	C003517_it_004	1
Q000183	0	C003517_it_005	1
Q000184	0	C003554_it_000	1
Q000184	0	C003554_it_001	1
Q000185	0	C002388_it_000	1
Q000185	0	C002388_it_001	1
Q000186	0	C002933_it_000	1
Q000186	0	C002933_it_001	1
Q000186	0	C002933_it_002	1
Q000186	0	C002933_it_003	1
Q000186	0	C002933_it_004	1
Q000186	0	C002933_it_005	1
Q000186	0	C002933_it_006	1
Q000186	0	C002933_it_007	1
Q000186	0	C002933_it_008	1
Q000186	0	C002933_it_009	1
Q000186	0	C002933_it_010	1
Q000186	0	C002933_it_011	1
Q000186	0	C002933_it_012	1
Q000186	0	C002933_it_013	1
Q000186	0	C002933_it_014	1
Q000186	0	C002933_it_015	1
Q000186	0	C002933_it_016	1
Q000186	0	C002933_it_017	1
Q000186	0	C002933_it_018	1
Q000187	0	C003210_it_000	1
Q000187	0	C003210_it_001	1
Q000187	0	C003210_it_002	1
Q000187	0	C003210_it_003	1
Q000187	0	C003210_it_004	1
Q000187	0	C003210_it_005	1
Q000187	0	C003210_it_006	1
Q000188	0	C001290_it_000	1
Q000189	0	C000241_it_000	1
Q000190	0	C000241_it_000	1
Q000191	0	C002444_it_000	1
Q000192	0	C003436_it_000	1
Q000192	0	C003436_it_001	1
Q000192	0	C003436_it_002	1
Q000192	0	C003436_it_003	1
Q000192	0	C003436_it_004	1
Q000192	0	C003436_it_005	1
Q000193	0	C000870_it_000	1
Q000193	0	C000870_it_001	1
Q000194	0	C002876_it_000	1
Q000194	0	C002876_it_001	1
Q000194	0	C002876_it_002	1
Q000194	0	C002876_it_003	1
Q000194	0	C002876_it_004	1
Q000195	0	C001563_it_000	1
Q000195	0	C001563_it_001	1
Q000195	0	C001563_it_002	1
Q000195	0	C001563_it_003	1
Q000195	0	C001563_it_004	1
Q000195	0	C001563_it_005	1
Q000195	0	C001563_it_006	1
Q000196	0	C002085_it_000	1
Q000196	0	C002085_it_001	1
Q000196	0	C002085_it_002	1
Q000196	0	C002085_it_003	1
Q000196	0	C002085_it_004	1
Q000196	0	C002085_it_005	1
Q000197	0	C002741_it_000	1
Q000197	0	C002741_it_001	1
Q000197	0	C002741_it_002	1
Q000197	0	C002741_it_003	1
Q000197	0	C002741_it_004	1
Q000197	0	C002741_it_005	1
Q000198	0	C002196_it_000	1
Q000198	0	C002196_it_001	1
Q000198	0	C002196_it_002	1
Q000198	0	C002196_it_003	1
Q000198	0	C002196_it_004	1
Q000199	0	C002179_it_000	1
Q000199	0	C002179_it_001	1
Q000200	0	C002990_it_000	1
Q000200	0	C002990_it_001	1
Q000200	0	C002990_it_002	1
Q000200	0	C002990_it_003	1
Q000200	0	C002990_it_004	1
Q000200	0	C002990_it_005	1
Q000200	0	C002990_it_006	1
Q000200	0	C002990_it_007	1
Q000200	0	C002990_it_008	1
Q000200	0	C002990_it_009	1
Q000200	0	C002990_it_010	1
Q000200	0	C002990_it_011	1
Q000200	0	C002990_it_012	1
Q000200	0	C002990_it_013	1
Q000200	0	C002990_it_014	1
Q000200	0	C002990_it_015	1
Q000200	0	C002990_it_016	1
Q000201	0	C000730_it_000	1
Q000201	0	C000730_it_001	1
Q000201	0	C000730_it_002	1
Q000201	0	C000730_it_003	1
Q000201	0	C000730_it_004	1
Q000201	0	C000730_it_005	1
Q000201	0	C000730_it_006	1
Q000201	0	C000730_it_007	1
Q000201	0	C000730_it_008	1
Q000201	0	C000730_it_009	1
Q000201	0	C000730_it_010	1
Q000201	0	C000730_it_011	1
Q000201	0	C000730_it_012	1
Q000201	0	C000730_it_013	1
Q000201	0	C000730_it_014	1
Q000201	0	C000730_it_015	1
Q000201	0	C000730_it_016	1
Q000201	0	C000730_it_017	1
Q000201	0	C000730_it_018	1
Q000201	0	C000730_it_019	1
Q000201	0	C000730_it_020	1
Q000201	0	C000730_it_021	1
Q000201	0	C000730_it_022	1
Q000201	0	C000730_it_023	1
Q000201	0	C000730_it_024	1
Q000201	0	C000730_it_025	1
Q000201	0	C000730_it_026	1
Q000201	0	C000730_it_027	1
Q000201	0	C000730_it_028	1
Q000201	0	C000730_it_029	1
Q000201	0	C000730_it_030	1
Q000201	0	C000730_it_031	1
Q000201	0	C000730_it_032	1
Q000201	0	C000730_it_033	1
Q000201	0	C000730_it_034	1
Q000201	0	C000730_it_035	1
Q000201	0	C000730_it_036	1
Q000201	0	C000730_it_037	1
Q000201	0	C000730_it_038	1
Q000201	0	C000730_it_039	1
Q000201	0	C000730_it_040	1
Q000201	0	C000730_it_041	1
Q000201	0	C000730_it_042	1
Q000201	0	C000730_it_043	1
Q000201	0	C000730_it_044	1
Q000201	0	C000730_it_045	1
Q000201	0	C000730_it_046	1
Q000201	0	C000730_it_047	1
Q000201	0	C000730_it_048	1
Q000201	0	C000730_it_049	1
Q000201	0	C000730_it_050	1
Q000201	0	C000730_it_051	1
Q000201	0	C000730_it_052	1
Q000201	0	C000730_it_053	1
Q000201	0	C000730_it_054	1
Q000201	0	C000730_it_055	1
Q000202	0	C002238_it_000	1
Q000202	0	C002238_it_001	1
Q000202	0	C002238_it_002	1
Q000202	0	C002238_it_003	1
Q000202	0	C002238_it_004	1
Q000202	0	C002238_it_005	1
Q000202	0	C002238_it_006	1
Q000202	0	C002238_it_007	1
Q000203	0	C001773_it_000	1
Q000203	0	C001773_it_001	1
Q000203	0	C001773_it_002	1
Q000203	0	C001773_it_003	1
Q000203	0	C001773_it_004	1
Q000203	0	C001773_it_005	1
Q000203	0	C001773_it_006	1
Q000204	0	C003320_it_000	1
Q000204	0	C003320_it_001	1
Q000204	0	C003320_it_002	1
Q000204	0	C003320_it_003	1
Q000204	0	C003320_it_004	1
Q000205	0	C000284_it_000	1
Q000206	0	C002025_it_000	1
Q000206	0	C002025_it_001	1
Q000206	0	C002025_it_002	1
Q000206	0	C002025_it_003	1
Q000206	0	C002025_it_004	1
Q000206	0	C002025_it_005	1
Q000206	0	C002025_it_006	1
Q000207	0	C001509_it_000	1
Q000207	0	C001509_it_001	1
Q000208	0	C003200_it_000	1
Q000209	0	C002803_it_000	1
Q000209	0	C002803_it_001	1
Q000209	0	C002803_it_002	1
Q000209	0	C002803_it_003	1
Q000209	0	C002803_it_004	1
Q000209	0	C002803_it_005	1
Q000209	0	C002803_it_006	1
Q000209	0	C002803_it_007	1
Q000209	0	C002803_it_008	1
Q000210	0	C002253_it_000	1
Q000210	0	C002253_it_001	1
Q000210	0	C002253_it_002	1
Q000210	0	C002253_it_003	1
Q000210	0	C002253_it_004	1
Q000210	0	C002253_it_005	1
Q000210	0	C002253_it_006	1
Q000210	0	C002253_it_007	1
Q000210	0	C002253_it_008	1
Q000210	0	C002253_it_009	1
Q000211	0	C001501_it_000	1
Q000211	0	C001501_it_001	1
Q000211	0	C001501_it_002	1
Q000211	0	C001501_it_003	1
Q000211	0	C001501_it_004	1
Q000211	0	C001501_it_005	1
Q000211	0	C001501_it_006	1
Q000211	0	C001501_it_007	1
Q000211	0	C001501_it_008	1
Q000211	0	C001501_it_009	1
Q000211	0	C001501_it_010	1
Q000211	0	C001501_it_011	1
Q000212	0	C001714_it_000	1
Q000212	0	C001714_it_001	1
Q000212	0	C001714_it_002	1
Q000212	0	C001714_it_003	1
Q000212	0	C001714_it_004	1
Q000212	0	C001714_it_005	1
Q000212	0	C001714_it_006	1
Q000212	0	C001714_it_007	1
Q000212	0	C001714_it_008	1
Q000212	0	C001714_it_009	1
Q000212	0	C001714_it_010	1
Q000212	0	C001714_it_011	1
Q000212	0	C001714_it_012	1
Q000212	0	C001714_it_013	1
Q000212	0	C001714_it_014	1
Q000212	0	C001714_it_015	1
Q000212	0	C001714_it_016	1
Q000212	0	C001714_it_017	1
Q000212	0	C001714_it_018	1
Q000212	0	C001714_it_019	1
Q000213	0	C003560_it_000	1
Q000213	0	C003560_it_001	1
Q000213	0	C003560_it_002	1
Q000214	0	C002413_it_000	1
Q000214	0	C002413_it_001	1
Q000214	0	C002413_it_002	1
Q000214	0	C002413_it_003	1
Q000214	0	C002413_it_004	1
Q000215	0	C001714_it_000	1
Q000215	0	C001714_it_001	1
Q000215	0	C001714_it_002	1
Q000215	0	C001714_it_003	1
Q000215	0	C001714_it_004	1
Q000215	0	C001714_it_005	1
Q000215	0	C001714_it_006	1
Q000215	0	C001714_it_007	1
Q000215	0	C001714_it_008	1
Q000215	0	C001714_it_009	1
Q000215	0	C001714_it_010	1
Q000215	0	C001714_it_011	1
Q000215	0	C001714_it_012	1
Q000215	0	C001714_it_013	1
Q000215	0	C001714_it_014	1
Q000215	0	C001714_it_015	1
Q000215	0	C001714_it_016	1
Q000215	0	C001714_it_017	1
Q000215	0	C001714_it_018	1
Q000215	0	C001714_it_019	1
Q000216	0	C001896_it_000	1
Q000216	0	C001896_it_001	1
Q000216	0	C001896_it_002	1
Q000216	0	C001896_it_003	1
Q000216	0	C001896_it_004	1
Q000216	0	C001896_it_005	1
Q000216	0	C001896_it_006	1
Q000216	0	C001896_it_007	1
Q000216	0	C001896_it_008	1
Q000216	0	C001896_it_009	1
Q000216	0	C001896_it_010	1
Q000216	0	C001896_it_011	1
Q000216	0	C001896_it_012	1
Q000216	0	C001896_it_013	1
Q000216	0	C001896_it_014	1
Q000217	0	C002868_it_000	1
Q000217	0	C002868_it_001	1
Q000217	0	C002868_it_002	1
Q000217	0	C002868_it_003	1
Q000217	0	C002868_it_004	1
Q000217	0	C002868_it_005	1
Q000217	0	C002868_it_006	1
Q000218	0	C003463_it_000	1
Q000218	0	C003463_it_001	1
Q000218	0	C003463_it_002	1
Q000218	0	C003463_it_003	1
Q000218	0	C003463_it_004	1
Q000218	0	C003463_it_005	1
Q000219	0	C000661_it_000	1
Q000219	0	C000661_it_001	1
Q000219	0	C000661_it_002	1
Q000219	0	C000661_it_003	1
Q000219	0	C000661_it_004	1
Q000219	0	C000661_it_005	1
Q000220	0	C000806_it_000	1
Q000220	0	C000806_it_001	1
Q000220	0	C000806_it_002	1
Q000220	0	C000806_it_003	1
Q000220	0	C000806_it_004	1
Q000220	0	C000806_it_005	1
Q000220	0	C000806_it_006	1
Q000220	0	C000806_it_007	1
Q000220	0	C000806_it_008	1
Q000220	0	C000806_it_009	1
Q000220	0	C000806_it_010	1
Q000220	0	C000806_it_011	1
Q000220	0	C000806_it_012	1
Q000220	0	C000806_it_013	1
Q000220	0	C000806_it_014	1
Q000220	0	C000806_it_015	1
Q000220	0	C000806_it_016	1
Q000220	0	C000806_it_017	1
Q000220	0	C000806_it_018	1
Q000220	0	C000806_it_019	1
Q000220	0	C000806_it_020	1
Q000221	0	C002674_it_000	1
Q000221	0	C002674_it_001	1
Q000221	0	C002674_it_002	1
Q000221	0	C002674_it_003	1
Q000221	0	C002674_it_004	1
Q000221	0	C002674_it_005	1
Q000221	0	C002674_it_006	1
Q000222	0	C000321_it_000	1
Q000223	0	C001002_it_000	1
Q000223	0	C001002_it_001	1
Q000223	0	C001002_it_002	1
Q000223	0	C001002_it_003	1
Q000223	0	C001002_it_004	1
Q000223	0	C001002_it_005	1
Q000223	0	C001002_it_006	1
Q000224	0	C002049_it_000	1
Q000224	0	C002049_it_001	1
Q000224	0	C002049_it_002	1
Q000224	0	C002049_it_003	1
Q000224	0	C002049_it_004	1
Q000224	0	C002049_it_005	1
Q000224	0	C002049_it_006	1
Q000224	0	C002049_it_007	1
Q000224	0	C002049_it_008	1
Q000224	0	C002049_it_009	1
Q000225	0	C002505_it_000	1
Q000225	0	C002505_it_001	1
Q000225	0	C002505_it_002	1
Q000225	0	C002505_it_003	1
Q000225	0	C002505_it_004	1
Q000225	0	C002505_it_005	1
Q000225	0	C002505_it_006	1
Q000225	0	C002505_it_007	1
Q000225	0	C002505_it_008	1
Q000225	0	C002505_it_009	1
Q000226	0	C001382_it_000	1
Q000226	0	C001382_it_001	1
Q000226	0	C001382_it_002	1
Q000226	0	C001382_it_003	1
Q000226	0	C001382_it_004	1
Q000226	0	C001382_it_005	1
Q000226	0	C001382_it_006	1
Q000227	0	C002793_it_000	1
Q000227	0	C002793_it_001	1
Q000227	0	C002793_it_002	1
Q000227	0	C002793_it_003	1
Q000227	0	C002793_it_004	1
Q000227	0	C002793_it_005	1
Q000227	0	C002793_it_006	1
Q000227	0	C002793_it_007	1
Q000227	0	C002793_it_008	1
Q000228	0	C003133_it_000	1
Q000228	0	C003133_it_001	1
Q000228	0	C003133_it_002	1
Q000228	0	C003133_it_003	1
Q000228	0	C003133_it_004	1
Q000229	0	C003133_it_000	1
Q000229	0	C003133_it_001	1
Q000229	0	C003133_it_002	1
Q000229	0	C003133_it_003	1
Q000229	0	C003133_it_004	1
Q000230	0	C002532_it_000	1
Q000230	0	C002532_it_001	1
Q000230	0	C002532_it_002	1
Q000230	0	C002532_it_003	1
Q000230	0	C002532_it_004	1
Q000230	0	C002532_it_005	1
Q000230	0	C002532_it_006	1
Q000231	0	C003400_it_000	1
Q000231	0	C003400_it_001	1
Q000231	0	C003400_it_002	1
Q000231	0	C003400_it_003	1
Q000231	0	C003400_it_004	1
Q000231	0	C003400_it_005	1
Q000231	0	C003400_it_006	1
Q000231	0	C003400_it_007	1
Q000232	0	C001722_it_000	1
Q000232	0	C001722_it_001	1
Q000232	0	C001722_it_002	1
Q000232	0	C001722_it_003	1
Q000232	0	C001722_it_004	1
Q000232	0	C001722_it_005	1
Q000233	0	C002047_it_000	1
Q000233	0	C002047_it_001	1
Q000233	0	C002047_it_002	1
Q000233	0	C002047_it_003	1
Q000233	0	C002047_it_004	1
Q000233	0	C002047_it_005	1
Q000233	0	C002047_it_006	1
Q000233	0	C002047_it_007	1
Q000233	0	C002047_it_008	1
Q000233	0	C002047_it_009	1
Q000233	0	C002047_it_010	1
Q000234	0	C002047_it_000	1
Q000234	0	C002047_it_001	1
Q000234	0	C002047_it_002	1
Q000234	0	C002047_it_003	1
Q000234	0	C002047_it_004	1
Q000234	0	C002047_it_005	1
Q000234	0	C002047_it_006	1
Q000234	0	C002047_it_007	1
Q000234	0	C002047_it_008	1
Q000234	0	C002047_it_009	1
Q000234	0	C002047_it_010	1
Q000235	0	C002047_it_000	1
Q000235	0	C002047_it_001	1
Q000235	0	C002047_it_002	1
Q000235	0	C002047_it_003	1
Q000235	0	C002047_it_004	1
Q000235	0	C002047_it_005	1
Q000235	0	C002047_it_006	1
Q000235	0	C002047_it_007	1
Q000235	0	C002047_it_008	1
Q000235	0	C002047_it_009	1
Q000235	0	C002047_it_010	1
Q000236	0	C001090_it_000	1
Q000236	0	C001090_it_001	1
Q000236	0	C001090_it_002	1
Q000236	0	C001090_it_003	1
Q000236	0	C001090_it_004	1
Q000236	0	C001090_it_005	1
Q000236	0	C001090_it_006	1
Q000236	0	C001090_it_007	1
Q000236	0	C001090_it_008	1
Q000236	0	C001090_it_009	1
Q000237	0	C003509_it_000	1
Q000237	0	C003509_it_001	1
Q000237	0	C003509_it_002	1
Q000237	0	C003509_it_003	1
Q000237	0	C003509_it_004	1
Q000237	0	C003509_it_005	1
Q000237	0	C003509_it_006	1
Q000237	0	C003509_it_007	1
Q000237	0	C003509_it_008	1
Q000237	0	C003509_it_009	1
Q000237	0	C003509_it_010	1
Q000237	0	C003509_it_011	1
Q000237	0	C003509_it_012	1
Q000237	0	C003509_it_013	1
Q000238	0	C003518_it_000	1
Q000238	0	C003518_it_001	1
Q000238	0	C003518_it_002	1
Q000238	0	C003518_it_003	1
Q000238	0	C003518_it_004	1
Q000239	0	C000994_it_000	1
Q000239	0	C000994_it_001	1
Q000239	0	C000994_it_002	1
Q000240	0	C002887_it_000	1
Q000240	0	C002887_it_001	1
Q000240	0	C002887_it_002	1
Q000240	0	C002887_it_003	1
Q000241	0	C002887_it_000	1
Q000241	0	C002887_it_001	1
Q000241	0	C002887_it_002	1
Q000241	0	C002887_it_003	1
Q000242	0	C002803_it_000	1
Q000242	0	C002803_it_001	1
Q000242	0	C002803_it_002	1
Q000242	0	C002803_it_003	1
Q000242	0	C002803_it_004	1
Q000242	0	C002803_it_005	1
Q000242	0	C002803_it_006	1
Q000242	0	C002803_it_007	1
Q000242	0	C002803_it_008	1
Q000243	0	C001666_it_000	1
Q000243	0	C001666_it_001	1
Q000243	0	C001666_it_002	1
Q000243	0	C001666_it_003	1
Q000243	0	C001666_it_004	1
Q000243	0	C001666_it_005	1
Q000243	0	C001666_it_006	1
Q000243	0	C001666_it_007	1
Q000243	0	C001666_it_008	1
Q000243	0	C001666_it_009	1
Q000243	0	C001666_it_010	1
Q000244	0	C002253_it_000	1
Q000244	0	C002253_it_001	1
Q000244	0	C002253_it_002	1
Q000244	0	C002253_it_003	1
Q000244	0	C002253_it_004	1
Q000244	0	C002253_it_005	1
Q000244	0	C002253_it_006	1
Q000244	0	C002253_it_007	1
Q000244	0	C002253_it_008	1
Q000244	0	C002253_it_009	1
Q000245	0	C001237_it_000	1
Q000245	0	C001237_it_001	1
Q000245	0	C001237_it_002	1
Q000245	0	C001237_it_003	1
Q000245	0	C001237_it_004	1
Q000245	0	C001237_it_005	1
Q000245	0	C001237_it_006	1
Q000246	0	C000394_it_000	1
Q000247	0	C001697_it_000	1
Q000247	0	C001697_it_001	1
Q000247	0	C001697_it_002	1
Q000247	0	C001697_it_003	1
Q000247	0	C001697_it_004	1
Q000247	0	C001697_it_005	1
Q000247	0	C001697_it_006	1
Q000248	0	C000924_it_000	1
Q000248	0	C000924_it_001	1
Q000248	0	C000924_it_002	1
Q000248	0	C000924_it_003	1
Q000248	0	C000924_it_004	1
Q000248	0	C000924_it_005	1
Q000248	0	C000924_it_006	1
Q000248	0	C000924_it_007	1
Q000249	0	C001457_it_000	1
Q000249	0	C001457_it_001	1
Q000249	0	C001457_it_002	1
Q000249	0	C001457_it_003	1
Q000249	0	C001457_it_004	1
Q000250	0	C003171_it_000	1
Q000250	0	C003171_it_001	1
Q000250	0	C003171_it_002	1
Q000250	0	C003171_it_003	1
Q000251	0	C001760_it_000	1
Q000251	0	C001760_it_001	1
Q000251	0	C001760_it_002	1
Q000251	0	C001760_it_003	1
Q000251	0	C001760_it_004	1
Q000251	0	C001760_it_005	1
Q000251	0	C001760_it_006	1
Q000251	0	C001760_it_007	1
Q000251	0	C001760_it_008	1
Q000252	0	C001760_it_000	1
Q000252	0	C001760_it_001	1
Q000252	0	C001760_it_002	1
Q000252	0	C001760_it_003	1
Q000252	0	C001760_it_004	1
Q000252	0	C001760_it_005	1
Q000252	0	C001760_it_006	1
Q000252	0	C001760_it_007	1
Q000252	0	C001760_it_008	1
Q000253	0	C003513_it_000	1
Q000253	0	C003513_it_001	1
Q000253	0	C003513_it_002	1
Q000254	0	C003426_it_000	1
Q000254	0	C003426_it_001	1
Q000254	0	C003426_it_002	1
Q000254	0	C003426_it_003	1
Q000254	0	C003426_it_004	1
Q000254	0	C003426_it_005	1
Q000254	0	C003426_it_006	1
Q000254	0	C003426_it_007	1
Q000254	0	C003426_it_008	1
Q000255	0	C001763_it_000	1
Q000255	0	C001763_it_001	1
Q000255	0	C001763_it_002	1
Q000255	0	C001763_it_003	1
Q000255	0	C001763_it_004	1
Q000256	0	C001984_it_000	1
Q000256	0	C001984_it_001	1
Q000256	0	C001984_it_002	1
Q000256	0	C001984_it_003	1
Q000256	0	C001984_it_004	1
Q000256	0	C001984_it_005	1
Q000256	0	C001984_it_006	1
Q000257	0	C000880_it_000	1
Q000257	0	C000880_it_001	1
Q000257	0	C000880_it_002	1
Q000257	0	C000880_it_003	1
Q000257	0	C000880_it_004	1
Q000257	0	C000880_it_005	1
Q000257	0	C000880_it_006	1
Q000257	0	C000880_it_007	1
Q000257	0	C000880_it_008	1
Q000257	0	C000880_it_009	1
Q000257	0	C000880_it_010	1
Q000257	0	C000880_it_011	1
Q000257	0	C000880_it_012	1
Q000258	0	C002266_it_000	1
Q000258	0	C002266_it_001	1
Q000258	0	C002266_it_002	1
Q000258	0	C002266_it_003	1
Q000258	0	C002266_it_004	1
Q000258	0	C002266_it_005	1
Q000258	0	C002266_it_006	1
Q000258	0	C002266_it_007	1
Q000258	0	C002266_it_008	1
Q000258	0	C002266_it_009	1
Q000258	0	C002266_it_010	1
Q000259	0	C002443_it_000	1
Q000260	0	C001238_it_000	1
Q000260	0	C001238_it_001	1
Q000260	0	C001238_it_002	1
Q000260	0	C001238_it_003	1
Q000260	0	C001238_it_004	1
Q000260	0	C001238_it_005	1
Q000260	0	C001238_it_006	1
Q000260	0	C001238_it_007	1
Q000260	0	C001238_it_008	1
Q000260	0	C001238_it_009	1
Q000260	0	C001238_it_010	1
Q000260	0	C001238_it_011	1
Q000260	0	C001238_it_012	1
Q000260	0	C001238_it_013	1
Q000260	0	C001238_it_014	1
Q000261	0	C001132_it_000	1
Q000261	0	C001132_it_001	1
Q000261	0	C001132_it_002	1
Q000261	0	C001132_it_003	1
Q000261	0	C001132_it_004	1
Q000261	0	C001132_it_005	1
Q000261	0	C001132_it_006	1
Q000262	0	C001094_it_000	1
Q000262	0	C001094_it_001	1
Q000262	0	C001094_it_002	1
Q000262	0	C001094_it_003	1
Q000262	0	C001094_it_004	1
Q000262	0	C001094_it_005	1
Q000262	0	C001094_it_006	1
Q000262	0	C001094_it_007	1
Q000262	0	C001094_it_008	1
Q000263	0	C001094_it_000	1
Q000263	0	C001094_it_001	1
Q000263	0	C001094_it_002	1
Q000263	0	C001094_it_003	1
Q000263	0	C001094_it_004	1
Q000263	0	C001094_it_005	1
Q000263	0	C001094_it_006	1
Q000263	0	C001094_it_007	1
Q000263	0	C001094_it_008	1
Q000264	0	C003433_it_000	1
Q000265	0	C001274_it_000	1
Q000265	0	C001274_it_001	1
Q000265	0	C001274_it_002	1
Q000266	0	C001827_it_000	1
Q000266	0	C001827_it_001	1
Q000266	0	C001827_it_002	1
Q000266	0	C001827_it_003	1
Q000266	0	C001827_it_004	1
Q000267	0	C003080_it_000	1
Q000267	0	C003080_it_001	1
Q000267	0	C003080_it_002	1
Q000267	0	C003080_it_003	1
Q000267	0	C003080_it_004	1
Q000267	0	C003080_it_005	1
Q000267	0	C003080_it_006	1
Q000267	0	C003080_it_007	1
Q000268	0	C001347_it_000	1
Q000268	0	C001347_it_001	1
Q000268	0	C001347_it_002	1
Q000268	0	C001347_it_003	1
Q000268	0	C001347_it_004	1
Q000268	0	C001347_it_005	1
Q000268	0	C001347_it_006	1
Q000268	0	C001347_it_007	1
Q000268	0	C001347_it_008	1
Q000268	0	C001347_it_009	1
Q000268	0	C001347_it_010	1
Q000268	0	C001347_it_011	1
Q000268	0	C001347_it_012	1
Q000268	0	C001347_it_013	1
Q000268	0	C001347_it_014	1
Q000269	0	C001347_it_000	1
Q000269	0	C001347_it_001	1
Q000269	0	C001347_it_002	1
Q000269	0	C001347_it_003	1
Q000269	0	C001347_it_004	1
Q000269	0	C001347_it_005	1
Q000269	0	C001347_it_006	1
Q000269	0	C001347_it_007	1
Q000269	0	C001347_it_008	1
Q000269	0	C001347_it_009	1
Q000269	0	C001347_it_010	1
Q000269	0	C001347_it_011	1
Q000269	0	C001347_it_012	1
Q000269	0	C001347_it_013	1
Q000269	0	C001347_it_014	1
Q000270	0	C000846_it_000	1
Q000270	0	C000846_it_001	1
Q000270	0	C000846_it_002	1
Q000270	0	C000846_it_003	1
Q000270	0	C000846_it_004	1
Q000270	0	C000846_it_005	1
Q000270	0	C000846_it_006	1
Q000270	0	C000846_it_007	1
Q000270	0	C000846_it_008	1
Q000270	0	C000846_it_009	1
Q000270	0	C000846_it_010	1
Q000270	0	C000846_it_011	1
Q000270	0	C000846_it_012	1
Q000271	0	C000830_it_000	1
Q000271	0	C000830_it_001	1
Q000271	0	C000830_it_002	1
Q000271	0	C000830_it_003	1
Q000271	0	C000830_it_004	1
Q000271	0	C000830_it_005	1
Q000271	0	C000830_it_006	1
Q000271	0	C000830_it_007	1
Q000271	0	C000830_it_008	1
Q000271	0	C000830_it_009	1
Q000271	0	C000830_it_010	1
Q000271	0	C000830_it_011	1
Q000271	0	C000830_it_012	1
Q000271	0	C000830_it_013	1
Q000271	0	C000830_it_014	1
Q000271	0	C000830_it_015	1
Q000271	0	C000830_it_016	1
Q000271	0	C000830_it_017	1
Q000271	0	C000830_it_018	1
Q000271	0	C000830_it_019	1
Q000271	0	C000830_it_020	1
Q000271	0	C000830_it_021	1
Q000271	0	C000830_it_022	1
Q000271	0	C000830_it_023	1
Q000271	0	C000830_it_024	1
Q000271	0	C000830_it_025	1
Q000271	0	C000830_it_026	1
Q000271	0	C000830_it_027	1
Q000271	0	C000830_it_028	1
Q000271	0	C000830_it_029	1
Q000271	0	C000830_it_030	1
Q000271	0	C000830_it_031	1
Q000271	0	C000830_it_032	1
Q000271	0	C000830_it_033	1
Q000271	0	C000830_it_034	1
Q000271	0	C000830_it_035	1
Q000271	0	C000830_it_036	1
Q000271	0	C000830_it_037	1
Q000272	0	C002272_it_000	1
Q000272	0	C002272_it_001	1
Q000272	0	C002272_it_002	1
Q000272	0	C002272_it_003	1
Q000272	0	C002272_it_004	1
Q000272	0	C002272_it_005	1
Q000272	0	C002272_it_006	1
Q000272	0	C002272_it_007	1
Q000272	0	C002272_it_008	1
Q000272	0	C002272_it_009	1
Q000272	0	C002272_it_010	1
Q000272	0	C002272_it_011	1
Q000272	0	C002272_it_012	1
Q000272	0	C002272_it_013	1
Q000272	0	C002272_it_014	1
Q000272	0	C002272_it_015	1
Q000273	0	C002272_it_000	1
Q000273	0	C002272_it_001	1
Q000273	0	C002272_it_002	1
Q000273	0	C002272_it_003	1
Q000273	0	C002272_it_004	1
Q000273	0	C002272_it_005	1
Q000273	0	C002272_it_006	1
Q000273	0	C002272_it_007	1
Q000273	0	C002272_it_008	1
Q000273	0	C002272_it_009	1
Q000273	0	C002272_it_010	1
Q000273	0	C002272_it_011	1
Q000273	0	C002272_it_012	1
Q000273	0	C002272_it_013	1
Q000273	0	C002272_it_014	1
Q000273	0	C002272_it_015	1
Q000274	0	C003353_it_000	1
Q000274	0	C003353_it_001	1
Q000275	0	C001824_it_000	1
Q000275	0	C001824_it_001	1
Q000275	0	C001824_it_002	1
Q000275	0	C001824_it_003	1
Q000275	0	C001824_it_004	1
Q000275	0	C001824_it_005	1
Q000275	0	C001824_it_006	1
Q000275	0	C001824_it_007	1
Q000275	0	C001824_it_008	1
Q000275	0	C001824_it_009	1
Q000275	0	C001824_it_010	1
Q000275	0	C001824_it_011	1
Q000275	0	C001824_it_012	1
Q000275	0	C001824_it_013	1
Q000275	0	C001824_it_014	1
Q000275	0	C001824_it_015	1
Q000275	0	C001824_it_016	1
Q000275	0	C001824_it_017	1
Q000275	0	C001824_it_018	1
Q000275	0	C001824_it_019	1
Q000275	0	C001824_it_020	1
Q000275	0	C001824_it_021	1
Q000276	0	C002507_it_000	1
Q000276	0	C002507_it_001	1
Q000276	0	C002507_it_002	1
Q000276	0	C002507_it_003	1
Q000276	0	C002507_it_004	1
Q000276	0	C002507_it_005	1
Q000276	0	C002507_it_006	1
Q000277	0	C001052_it_000	1
Q000277	0	C001052_it_001	1
Q000277	0	C001052_it_002	1
Q000277	0	C001052_it_003	1
Q000277	0	C001052_it_004	1
Q000277	0	C001052_it_005	1
Q000278	0	C001053_it_000	1
Q000278	0	C001053_it_001	1
Q000278	0	C001053_it_002	1
Q000279	0	C001401_it_000	1
Q000279	0	C001401_it_001	1
Q000279	0	C001401_it_002	1
Q000279	0	C001401_it_003	1
Q000279	0	C001401_it_004	1
Q000280	0	C000396_it_000	1
Q000281	0	C000398_it_000	1
Q000282	0	C000400_it_000	1
Q000283	0	C002758_it_000	1
Q000283	0	C002758_it_001	1
Q000283	0	C002758_it_002	1
Q000283	0	C002758_it_003	1
Q000283	0	C002758_it_004	1
Q000283	0	C002758_it_005	1
Q000283	0	C002758_it_006	1
Q000283	0	C002758_it_007	1
Q000283	0	C002758_it_008	1
Q000284	0	C003335_it_000	1
Q000284	0	C003335_it_001	1
Q000284	0	C003335_it_002	1
Q000284	0	C003335_it_003	1
Q000284	0	C003335_it_004	1
Q000284	0	C003335_it_005	1
Q000284	0	C003335_it_006	1
Q000284	0	C003335_it_007	1
Q000284	0	C003335_it_008	1
Q000285	0	C002052_it_000	1
Q000285	0	C002052_it_001	1
Q000285	0	C002052_it_002	1
Q000285	0	C002052_it_003	1
Q000285	0	C002052_it_004	1
Q000285	0	C002052_it_005	1
Q000285	0	C002052_it_006	1
Q000285	0	C002052_it_007	1
Q000285	0	C002052_it_008	1
Q000286	0	C002707_it_000	1
Q000286	0	C002707_it_001	1
Q000286	0	C002707_it_002	1
Q000286	0	C002707_it_003	1
Q000286	0	C002707_it_004	1
Q000286	0	C002707_it_005	1
Q000286	0	C002707_it_006	1
Q000287	0	C001099_it_000	1
Q000287	0	C001099_it_001	1
Q000287	0	C001099_it_002	1
Q000287	0	C001099_it_003	1
Q000287	0	C001099_it_004	1
Q000287	0	C001099_it_005	1
Q000288	0	C001061_it_000	1
Q000289	0	C002996_it_000	1
Q000289	0	C002996_it_001	1
Q000289	0	C002996_it_002	1
Q000290	0	C001256_it_000	1
Q000290	0	C001256_it_001	1
Q000290	0	C001256_it_002	1
Q000291	0	C001140_it_000	1
Q000291	0	C001140_it_001	1
Q000291	0	C001140_it_002	1
Q000291	0	C001140_it_003	1
Q000291	0	C001140_it_004	1
Q000291	0	C001140_it_005	1
Q000291	0	C001140_it_006	1
Q000291	0	C001140_it_007	1
Q000291	0	C001140_it_008	1
Q000291	0	C001140_it_009	1
Q000291	0	C001140_it_010	1
Q000291	0	C001140_it_011	1
Q000292	0	C001092_it_000	1
Q000292	0	C001092_it_001	1
Q000292	0	C001092_it_002	1
Q000292	0	C001092_it_003	1
Q000292	0	C001092_it_004	1
Q000293	0	C002475_it_000	1
Q000293	0	C002475_it_001	1
Q000293	0	C002475_it_002	1
Q000293	0	C002475_it_003	1
Q000293	0	C002475_it_004	1
Q000294	0	C002707_it_000	1
Q000294	0	C002707_it_001	1
Q000294	0	C002707_it_002	1
Q000294	0	C002707_it_003	1
Q000294	0	C002707_it_004	1
Q000294	0	C002707_it_005	1
Q000294	0	C002707_it_006	1
Q000295	0	C002707_it_000	1
Q000295	0	C002707_it_001	1
Q000295	0	C002707_it_002	1
Q000295	0	C002707_it_003	1
Q000295	0	C002707_it_004	1
Q000295	0	C002707_it_005	1
Q000295	0	C002707_it_006	1
Q000296	0	C002707_it_000	1
Q000296	0	C002707_it_001	1
Q000296	0	C002707_it_002	1
Q000296	0	C002707_it_003	1
Q000296	0	C002707_it_004	1
Q000296	0	C002707_it_005	1
Q000296	0	C002707_it_006	1
Q000297	0	C003152_it_000	1
Q000297	0	C003152_it_001	1
Q000297	0	C003152_it_002	1
Q000297	0	C003152_it_003	1
Q000297	0	C003152_it_004	1
Q000297	0	C003152_it_005	1
Q000297	0	C003152_it_006	1
Q000297	0	C003152_it_007	1
Q000297	0	C003152_it_008	1
Q000298	0	C003512_it_000	1
Q000298	0	C003512_it_001	1
Q000298	0	C003512_it_002	1
Q000298	0	C003512_it_003	1
Q000298	0	C003512_it_004	1
Q000298	0	C003512_it_005	1
Q000298	0	C003512_it_006	1
Q000299	0	C000650_it_000	1
Q000299	0	C000650_it_001	1
Q000299	0	C000650_it_002	1
Q000300	0	C000957_it_000	1
Q000300	0	C000957_it_001	1
Q000300	0	C000957_it_002	1
Q000300	0	C000957_it_003	1
Q000300	0	C000957_it_004	1
Q000301	0	C000910_it_000	1
Q000301	0	C000910_it_001	1
Q000301	0	C000910_it_002	1
Q000301	0	C000910_it_003	1
Q000301	0	C000910_it_004	1
Q000302	0	C002353_it_000	1
Q000302	0	C002353_it_001	1
Q000302	0	C002353_it_002	1
Q000302	0	C002353_it_003	1
Q000302	0	C002353_it_004	1
Q000302	0	C002353_it_005	1
Q000302	0	C002353_it_006	1
Q000302	0	C002353_it_007	1
Q000302	0	C002353_it_008	1
Q000302	0	C002353_it_009	1
Q000302	0	C002353_it_010	1
Q000303	0	C001112_it_000	1
Q000303	0	C001112_it_001	1
Q000303	0	C001112_it_002	1
Q000303	0	C001112_it_003	1
Q000303	0	C001112_it_004	1
Q000304	0	C000499_it_000	1
Q000305	0	C000499_it_000	1
Q000306	0	C001112_it_000	1
Q000306	0	C001112_it_001	1
Q000306	0	C001112_it_002	1
Q000306	0	C001112_it_003	1
Q000306	0	C001112_it_004	1
Q000307	0	C001112_it_000	1
Q000307	0	C001112_it_001	1
Q000307	0	C001112_it_002	1
Q000307	0	C001112_it_003	1
Q000307	0	C001112_it_004	1
Q000308	0	C001112_it_000	1
Q000308	0	C001112_it_001	1
Q000308	0	C001112_it_002	1
Q000308	0	C001112_it_003	1
Q000308	0	C001112_it_004	1
Q000309	0	C001112_it_000	1
Q000309	0	C001112_it_001	1
Q000309	0	C001112_it_002	1
Q000309	0	C001112_it_003	1
Q000309	0	C001112_it_004	1
Q000310	0	C002839_it_000	1
Q000310	0	C002839_it_001	1
Q000310	0	C002839_it_002	1
Q000310	0	C002839_it_003	1
Q000310	0	C002839_it_004	1
Q000310	0	C002839_it_005	1
Q000310	0	C002839_it_006	1
Q000310	0	C002839_it_007	1
Q000310	0	C002839_it_008	1
Q000310	0	C002839_it_009	1
Q000311	0	C002360_it_000	1
Q000311	0	C002360_it_001	1
Q000311	0	C002360_it_002	1
Q000311	0	C002360_it_003	1
Q000311	0	C002360_it_004	1
Q000311	0	C002360_it_005	1
Q000312	0	C000503_it_000	1
Q000313	0	C002370_it_000	1
Q000313	0	C002370_it_001	1
Q000313	0	C002370_it_002	1
Q000313	0	C002370_it_003	1
Q000313	0	C002370_it_004	1
Q000314	0	C000892_it_000	1
Q000314	0	C000892_it_001	1
Q000314	0	C000892_it_002	1
Q000314	0	C000892_it_003	1
Q000314	0	C000892_it_004	1
Q000315	0	C001592_it_000	1
Q000315	0	C001592_it_001	1
Q000315	0	C001592_it_002	1
Q000316	0	C001857_it_000	1
Q000316	0	C001857_it_001	1
Q000316	0	C001857_it_002	1
Q000317	0	C001454_it_000	1
Q000318	0	C001076_it_000	1
Q000318	0	C001076_it_001	1
Q000318	0	C001076_it_002	1
Q000318	0	C001076_it_003	1
Q000318	0	C001076_it_004	1
Q000318	0	C001076_it_005	1
Q000318	0	C001076_it_006	1
Q000319	0	C001928_it_000	1
Q000319	0	C001928_it_001	1
Q000319	0	C001928_it_002	1
Q000319	0	C001928_it_003	1
Q000319	0	C001928_it_004	1
Q000319	0	C001928_it_005	1
Q000320	0	C000621_it_000	1
Q000320	0	C000621_it_001	1
Q000320	0	C000621_it_002	1
Q000321	0	C001759_it_000	1
Q000321	0	C001759_it_001	1
Q000321	0	C001759_it_002	1
Q000322	0	C002779_it_000	1
Q000322	0	C002779_it_001	1
Q000322	0	C002779_it_002	1
Q000323	0	C001871_it_000	1
Q000323	0	C001871_it_001	1
Q000323	0	C001871_it_002	1
Q000324	0	C002827_it_000	1
Q000324	0	C002827_it_001	1
Q000324	0	C002827_it_002	1
Q000325	0	C000522_it_000	1
Q000326	0	C002229_it_000	1
Q000326	0	C002229_it_001	1
Q000326	0	C002229_it_002	1
Q000326	0	C002229_it_003	1
Q000326	0	C002229_it_004	1
Q000327	0	C001857_it_000	1
Q000327	0	C001857_it_001	1
Q000327	0	C001857_it_002	1
Q000328	0	C002706_it_000	1
Q000328	0	C002706_it_001	1
Q000328	0	C002706_it_002	1
Q000329	0	C002707_it_000	1
Q000329	0	C002707_it_001	1
Q000329	0	C002707_it_002	1
Q000329	0	C002707_it_003	1
Q000329	0	C002707_it_004	1
Q000329	0	C002707_it_005	1
Q000329	0	C002707_it_006	1
Q000330	0	C001840_it_000	1
Q000330	0	C001840_it_001	1
Q000330	0	C001840_it_002	1
Q000330	0	C001840_it_003	1
Q000330	0	C001840_it_004	1
Q000331	0	C001840_it_000	1
Q000331	0	C001840_it_001	1
Q000331	0	C001840_it_002	1
Q000331	0	C001840_it_003	1
Q000331	0	C001840_it_004	1
Q000332	0	C001840_it_000	1
Q000332	0	C001840_it_001	1
Q000332	0	C001840_it_002	1
Q000332	0	C001840_it_003	1
Q000332	0	C001840_it_004	1
Q000333	0	C000751_it_000	1
Q000333	0	C000751_it_001	1
Q000333	0	C000751_it_002	1
Q000334	0	C002124_it_000	1
Q000334	0	C002124_it_001	1
Q000334	0	C002124_it_002	1
Q000335	0	C000955_it_000	1
Q000335	0	C000955_it_001	1
Q000335	0	C000955_it_002	1
Q000336	0	C001132_it_000	1
Q000336	0	C001132_it_001	1
Q000336	0	C001132_it_002	1
Q000336	0	C001132_it_003	1
Q000336	0	C001132_it_004	1
Q000336	0	C001132_it_005	1
Q000336	0	C001132_it_006	1
Q000337	0	C002684_it_000	1
Q000337	0	C002684_it_001	1
Q000338	0	C000551_it_000	1
Q000339	0	C000551_it_000	1
Q000340	0	C001956_it_000	1
Q000340	0	C001956_it_001	1
Q000340	0	C001956_it_002	1
Q000340	0	C001956_it_003	1
Q000340	0	C001956_it_004	1
Q000341	0	C001956_it_000	1
Q000341	0	C001956_it_001	1
Q000341	0	C001956_it_002	1
Q000341	0	C001956_it_003	1
Q000341	0	C001956_it_004	1
Q000342	0	C001230_it_000	1
Q000342	0	C001230_it_001	1
Q000342	0	C001230_it_002	1
Q000342	0	C001230_it_003	1
Q000342	0	C001230_it_004	1
Q000343	0	C001275_it_000	1
Q000343	0	C001275_it_001	1
Q000343	0	C001275_it_002	1
Q000343	0	C001275_it_003	1
Q000343	0	C001275_it_004	1
Q000343	0	C001275_it_005	1
Q000343	0	C001275_it_006	1
Q000343	0	C001275_it_007	1
Q000344	0	C003271_it_000	1
Q000344	0	C003271_it_001	1
Q000344	0	C003271_it_002	1
Q000344	0	C003271_it_003	1
Q000344	0	C003271_it_004	1
Q000345	0	C002338_it_000	1
Q000345	0	C002338_it_001	1
Q000345	0	C002338_it_002	1
Q000345	0	C002338_it_003	1
Q000345	0	C002338_it_004	1
Q000345	0	C002338_it_005	1
Q000345	0	C002338_it_006	1
Q000345	0	C002338_it_007	1
Q000345	0	C002338_it_008	1
Q000345	0	C002338_it_009	1
Q000345	0	C002338_it_010	1
Q000346	0	C000958_it_000	1
Q000346	0	C000958_it_001	1
Q000346	0	C000958_it_002	1
Q000346	0	C000958_it_003	1
Q000346	0	C000958_it_004	1
Q000346	0	C000958_it_005	1
Q000346	0	C000958_it_006	1
Q000346	0	C000958_it_007	1
Q000346	0	C000958_it_008	1
Q000347	0	C000958_it_000	1
Q000347	0	C000958_it_001	1
Q000347	0	C000958_it_002	1
Q000347	0	C000958_it_003	1
Q000347	0	C000958_it_004	1
Q000347	0	C000958_it_005	1
Q000347	0	C000958_it_006	1
Q000347	0	C000958_it_007	1
Q000347	0	C000958_it_008	1
Q000348	0	C000958_it_000	1
Q000348	0	C000958_it_001	1
Q000348	0	C000958_it_002	1
Q000348	0	C000958_it_003	1
Q000348	0	C000958_it_004	1
Q000348	0	C000958_it_005	1
Q000348	0	C000958_it_006	1
Q000348	0	C000958_it_007	1
Q000348	0	C000958_it_008	1
Q000349	0	C000958_it_000	1
Q000349	0	C000958_it_001	1
Q000349	0	C000958_it_002	1
Q000349	0	C000958_it_003	1
Q000349	0	C000958_it_004	1
Q000349	0	C000958_it_005	1
Q000349	0	C000958_it_006	1
Q000349	0	C000958_it_007	1
Q000349	0	C000958_it_008	1
Q000350	0	C002699_it_000	1
Q000350	0	C002699_it_001	1
Q000350	0	C002699_it_002	1
Q000350	0	C002699_it_003	1
Q000350	0	C002699_it_004	1
Q000350	0	C002699_it_005	1
Q000350	0	C002699_it_006	1
Q000350	0	C002699_it_007	1
Q000350	0	C002699_it_008	1
Q000351	0	C001650_it_000	1
Q000352	0	C002003_it_000	1
Q000352	0	C002003_it_001	1
Q000352	0	C002003_it_002	1
Q000352	0	C002003_it_003	1
Q000352	0	C002003_it_004	1
Q000352	0	C002003_it_005	1
Q000353	0	C002698_it_000	1
Q000353	0	C002698_it_001	1
Q000353	0	C002698_it_002	1
Q000353	0	C002698_it_003	1
Q000353	0	C002698_it_004	1
Q000354	0	C002698_it_000	1
Q000354	0	C002698_it_001	1
Q000354	0	C002698_it_002	1
Q000354	0	C002698_it_003	1
Q000354	0	C002698_it_004	1
Q000355	0	C001205_it_000	1
Q000355	0	C001205_it_001	1
Q000355	0	C001205_it_002	1
Q000355	0	C001205_it_003	1
Q000355	0	C001205_it_004	1
Q000355	0	C001205_it_005	1
Q000355	0	C001205_it_006	1
Q000355	0	C001205_it_007	1
Q000355	0	C001205_it_008	1
Q000355	0	C001205_it_009	1
Q000355	0	C001205_it_010	1
Q000355	0	C001205_it_011	1
Q000355	0	C001205_it_012	1
Q000355	0	C001205_it_013	1
Q000355	0	C001205_it_014	1
Q000355	0	C001205_it_015	1
Q000355	0	C001205_it_016	1
Q000355	0	C001205_it_017	1
Q000355	0	C001205_it_018	1
Q000355	0	C001205_it_019	1
Q000355	0	C001205_it_020	1
Q000355	0	C001205_it_021	1
Q000355	0	C001205_it_022	1
Q000356	0	C002113_it_000	1
Q000356	0	C002113_it_001	1
Q000356	0	C002113_it_002	1
Q000356	0	C002113_it_003	1
Q000356	0	C002113_it_004	1
Q000356	0	C002113_it_005	1
Q000356	0	C002113_it_006	1
Q000356	0	C002113_it_007	1
Q000357	0	C001205_it_000	1
Q000357	0	C001205_it_001	1
Q000357	0	C001205_it_002	1
Q000357	0	C001205_it_003	1
Q000357	0	C001205_it_004	1
Q000357	0	C001205_it_005	1
Q000357	0	C001205_it_006	1
Q000357	0	C001205_it_007	1
Q000357	0	C001205_it_008	1
Q000357	0	C001205_it_009	1
Q000357	0	C001205_it_010	1
Q000357	0	C001205_it_011	1
Q000357	0	C001205_it_012	1
Q000357	0	C001205_it_013	1
Q000357	0	C001205_it_014	1
Q000357	0	C001205_it_015	1
Q000357	0	C001205_it_016	1
Q000357	0	C001205_it_017	1
Q000357	0	C001205_it_018	1
Q000357	0	C001205_it_019	1
Q000357	0	C001205_it_020	1
Q000357	0	C001205_it_021	1
Q000357	0	C001205_it_022	1
Q000358	0	C003001_it_000	1
Q000358	0	C003001_it_001	1
Q000358	0	C003001_it_002	1
Q000358	0	C003001_it_003	1
Q000358	0	C003001_it_004	1
Q000358	0	C003001_it_005	1
Q000358	0	C003001_it_006	1
Q000358	0	C003001_it_007	1
Q000358	0	C003001_it_008	1
Q000358	0	C003001_it_009	1
Q000358	0	C003001_it_010	1
Q000358	0	C003001_it_011	1
Q000358	0	C003001_it_012	1
Q000358	0	C003001_it_013	1
Q000359	0	C003384_it_000	1
Q000359	0	C003384_it_001	1
Q000359	0	C003384_it_002	1
Q000359	0	C003384_it_003	1
Q000359	0	C003384_it_004	1
Q000359	0	C003384_it_005	1
Q000359	0	C003384_it_006	1
Q000359	0	C003384_it_007	1
Q000359	0	C003384_it_008	1
Q000359	0	C003384_it_009	1
Q000359	0	C003384_it_010	1
Q000359	0	C003384_it_011	1
Q000360	0	C003513_it_000	1
Q000360	0	C003513_it_001	1
Q000360	0	C003513_it_002	1
Q000361	0	C001760_it_000	1
Q000361	0	C001760_it_001	1
Q000361	0	C001760_it_002	1
Q000361	0	C001760_it_003	1
Q000361	0	C001760_it_004	1
Q000361	0	C001760_it_005	1
Q000361	0	C001760_it_006	1
Q000361	0	C001760_it_007	1
Q000361	0	C001760_it_008	1
Q000362	0	C000004_it_000	1
