Q000001	0	C001295_fr_000	1
Q000001	0	C001295_fr_001	1
Q000001	0	C001295_fr_002	1
Q000001	0	C001295_fr_003	1
Q000001	0	C001295_fr_004	1
Q000001	0	C001295_fr_005	1
Q000001	0	C001295_fr_006	1
Q000001	0	C001295_fr_007	1
Q000001	0	C001295_fr_008	1
Q000002	0	C001066_fr_000	1
Q000002	0	C001066_fr_001	1
Q000002	0	C001066_fr_002	1
Q000002	0	C001066_fr_003	1
Q000002	0	C001066_fr_004	1
Q000002	0	C001066_fr_005	1
Q000002	0	C001066_fr_006	1
Q000002	0	C001066_fr_007	1
Q000002	0	C001066_fr_008	1
Q000002	0	C001066_fr_009	1
Q000002	0	C001066_fr_010	1
Q000003	0	C002308_fr_000	1
Q000003	0	C002308_fr_001	1
Q000003	0	C002308_fr_002	1
Q000003	0	C002308_fr_003	1
Q000003	0	C002308_fr_004	1
Q000003	0	C002308_fr_005	1
Q000003	0	C002308_fr_006	1
Q000003	0	C002308_fr_007	1
Q000003	0	C002308_fr_008	1
Q000003	0	C002308_fr_009	1
Q000003	0	C002308_fr_010	1
Q000004	0	C003190_fr_000	1
Q000004	0	C003190_fr_001	1
Q000004	0	C003190_fr_002	1
Q000004	0	C003190_fr_003	1
Q000004	0	C003190_fr_004	1
Q000004	0	C003190_fr_005	1
Q000005	0	C002830_fr_000	1
Q000005	0	C002830_fr_001	1
Q000005	0	C002830_fr_002	1
Q000005	0	C002830_fr_003	1
Q000005	0	C002830_fr_004	1
Q000005	0	C002830_fr_005	1
Q000005	0	C002830_fr_006	1
Q000005	0	C002830_fr_007	1
Q000005	0	C002830_fr_008	1
Q000005	0	C002830_fr_009	1
Q000005	0	C002830_fr_010	1
Q000005	0	C002830_fr_011	1
Q000006	0	C000928_fr_000	1
Q000006	0	C000928_fr_001	1
Q000006	0	C000928_fr_002	1
Q000007	0	C001398_fr_000	1
Q000007	0	C001398_fr_001	1
Q000007	0	C001398_fr_002	1
Q000007	0	C001398_fr_003	1
Q000007	0	C001398_fr_004	1
Q000007	0	C001398_fr_005	1
Q000007	0	C001398_fr_006	1
Q000007	0	C001398_fr_007	1
Q000007	0	C001398_fr_008	1
Q000008	0	C002539_fr_000	1
Q000008	0	C002539_fr_001	1
Q000008	0	C002539_fr_002	1
Q000009	0	C001920_fr_000	1
Q000009	0	C001920_fr_001	1
Q000009	0	C001920_fr_002	1
Q000009	0	C001920_fr_003	1
Q000009	0	C001920_fr_004	1
Q000009	0	C001920_fr_005	1
Q000010	0	C002903_fr_000	1
Q000010	0	C002903_fr_001	1
Q000010	0	C002903_fr_002	1
Q000010	0	C002903_fr_003	1
Q000010	0	C002903_fr_004	1
Q000010	0	C002903_fr_005	1
Q000010	0	C002903_fr_006	1
Q000010	0	C002903_fr_007	1
Q000011	0	C003426_fr_000	1
Q000011	0	C003426_fr_001	1
Q000011	0	C003426_fr_002	1
Q000011	0	C003426_fr_003	1
Q000011	0	C003426_fr_004	1
Q000011	0	C003426_fr_005	1
Q000011	0	C003426_fr_006	1
Q000011	0	C003426_fr_007	1
Q000011	0	C003426_fr_008	1
Q000011	0	C003426_fr_009	1
Q000012	0	C000803_fr_000	1
Q000012	0	C000803_fr_001	1
Q000012	0	C000803_fr_002	1
Q000012	0	C000803_fr_003	1
Q000012	0	C000803_fr_004	1
Q000012	0	C000803_fr_005	1
Q000012	0	C000803_fr_006	1
Q000012	0	C000803_fr_007	1
Q000012	0	C000803_fr_008	1
Q000012	0	C000803_fr_009	1
Q000012	0	C000803_fr_010	1
Q000012	0	C000803_fr_011	1
Q000013	0	C003424_fr_000	1
Q000013	0	C003424_fr_001	1
Q000013	0	C003424_fr_002	1
Q000013	0	C003424_fr_003	1
Q000013	0	C003424_fr_004	1
Q000013	0	C003424_fr_005	1
Q000013	0	C003424_fr_006	1
Q000013	0	C003424_fr_007	1
Q000013	0	C003424_fr_008	1
Q000014	0	C001760_fr_000	1
Q000014	0	C001760_fr_001	1
Q000014	0	C001760_fr_002	1
Q000014	0	C001760_fr_003	1
Q000014	0	C001760_fr_004	1
Q000014	0	C001760_fr_005	1
Q000014	0	C001760_fr_006	1
Q000014	0	C001760_fr_007	1
Q000014	0	C001760_fr_008	1
Q000014	0	C001760_fr_009	1
Q000014	0	C001760_fr_010	1
Q000014	0	C001760_fr_011	1
Q000014	0	C001760_fr_012	1
Q000014	0	C001760_fr_013	1
Q000014	0	C001760_fr_014	1
Q000014	0	C001760_fr_015	1
Q000014	0	C001760_fr_016	1
Q000014	0	C001760_fr_017	1
Q000014	0	C001760_fr_018	1
Q000014	0	C001760_fr_019	1
Q000014	0	C001760_fr_020	1
Q000014	0	C001760_fr_021	1
Q000014	0	C001760_fr_022	1
Q000014	0	C001760_fr_023	1
Q000015	0	C001465_fr_000	1
Q000015	0	C001465_fr_001	1
Q000015	0	C001465_fr_002	1
Q000016	0	C001239_fr_000	1
Q000016	0	C001239_fr_001	1
Q000016	0	C001239_fr_002	1
Q000017	0	C001746_fr_000	1
Q000017	0	C001746_fr_001	1
Q000017	0	C001746_fr_002	1
Q000018	0	C000690_fr_000	1
Q000018	0	C000690_fr_001	1
Q000018	0	C000690_fr_002	1
Q000018	0	C000690_fr_003	1
Q000018	0	C000690_fr_004	1
Q000018	0	C000690_fr_005	1
Q000018	0	C000690_fr_006	1
Q000018	0	C000690_fr_007	1
Q000018	0	C000690_fr_008	1
Q000018	0	C000690_fr_009	1
Q000019	0	C002647_fr_000	1
Q000019	0	C002647_fr_001	1
Q000019	0	C002647_fr_002	1
Q000019	0	C002647_fr_003	1
Q000019	0	C002647_fr_004	1
Q000019	0	C002647_fr_005	1
Q000019	0	C002647_fr_006	1
Q000019	0	C002647_fr_007	1
Q000019	0	C002647_fr_008	1
Q000020	0	C003008_fr_000	1
Q000020	0	C003008_fr_001	1
Q000020	0	C003008_fr_002	1
Q000021	0	C000740_fr_000	1
Q000021	0	C000740_fr_001	1
Q000021	0	C000740_fr_002	1
Q000021	0	C000740_fr_003	1
Q000021	0	C000740_fr_004	1
Q000022	0	C001984_fr_000	1
Q000023	0	C002394_fr_000	1
Q000023	0	C002394_fr_001	1
Q000023	0	C002394_fr_002	1
Q000024	0	C002005_fr_000	1
Q000024	0	C002005_fr_001	1
Q000024	0	C002005_fr_002	1
Q000024	0	C002005_fr_003	1
Q000025	0	C000991_fr_000	1
Q000025	0	C000991_fr_001	1
Q000025	0	C000991_fr_002	1
Q000025	0	C000991_fr_003	1
Q000025	0	C000991_fr_004	1
Q000025	0	C000991_fr_005	1
Q000026	0	C001473_fr_000	1
Q000026	0	C001473_fr_001	1
Q000026	0	C001473_fr_002	1
Q000026	0	C001473_fr_003	1
Q000026	0	C001473_fr_004	1
Q000026	0	C001473_fr_005	1
Q000027	0	C001180_fr_000	1
Q000027	0	C001180_fr_001	1
Q000027	0	C001180_fr_002	1
Q000027	0	C001180_fr_003	1
Q000027	0	C001180_fr_004	1
Q000027	0	C001180_fr_005	1
Q000027	0	C001180_fr_006	1
Q000027	0	C001180_fr_007	1
Q000027	0	C001180_fr_008	1
Q000028	0	C002943_fr_000	1
Q000028	0	C002943_fr_001	1
Q000028	0	C002943_fr_002	1
Q000028	0	C002943_fr_003	1
Q000029	0	C001617_fr_000	1
Q000029	0	C001617_fr_001	1
Q000029	0	C001617_fr_002	1
Q000030	0	C001829_fr_000	1
Q000030	0	C001829_fr_001	1
Q000030	0	C001829_fr_002	1
Q000030	0	C001829_fr_003	1
Q000030	0	C001829_fr_004	1
Q000030	0	C001829_fr_005	1
Q000030	0	C001829_fr_006	1
Q000030	0	C001829_fr_007	1
Q000030	0	C001829_fr_008	1
Q000030	0	C001829_fr_009	1
Q000030	0	C001829_fr_010	1
Q000030	0	C001829_fr_011	1
Q000030	0	C001829_fr_012	1
Q000031	0	C001793_fr_000	1
Q000031	0	C001793_fr_001	1
Q000031	0	C001793_fr_002	1
Q000032	0	C001969_fr_000	1
Q000032	0	C001969_fr_001	1
Q000032	0	C001969_fr_002	1
Q000032	0	C001969_fr_003	1
Q000032	0	C001969_fr_004	1
Q000033	0	C002032_fr_000	1
Q000033	0	C002032_fr_001	1
Q000033	0	C002032_fr_002	1
Q000033	0	C002032_fr_003	1
Q000033	0	C002032_fr_004	1
Q000033	0	C002032_fr_005	1
Q000033	0	C002032_fr_006	1
Q000034	0	C002917_fr_000	1
Q000034	0	C002917_fr_001	1
Q000034	0	C002917_fr_002	1
Q000034	0	C002917_fr_003	1
Q000034	0	C002917_fr_004	1
Q000035	0	C003346_fr_000	1
Q000035	0	C003346_fr_001	1
Q000035	0	C003346_fr_002	1
Q000035	0	C003346_fr_003	1
Q000035	0	C003346_fr_004	1
Q000035	0	C003346_fr_005	1
Q000035	0	C003346_fr_006	1
Q000036	0	C001199_fr_000	1
Q000036	0	C001199_fr_001	1
Q000036	0	C001199_fr_002	1
Q000036	0	C001199_fr_003	1
Q000036	0	C001199_fr_004	1
Q000036	0	C001199_fr_005	1
Q000037	0	C000718_fr_000	1
Q000037	0	C000718_fr_001	1
Q000038	0	C003094_fr_000	1
Q000038	0	C003094_fr_001	1
Q000038	0	C003094_fr_002	1
Q000038	0	C003094_fr_003	1
Q000038	0	C003094_fr_004	1
Q000038	0	C003094_fr_005	1
Q000039	0	C001278_fr_000	1
Q000039	0	C001278_fr_001	1
Q000039	0	C001278_fr_002	1
Q000039	0	C001278_fr_003	1
Q000039	0	C001278_fr_004	1
Q000039	0	C001278_fr_005	1
Q000039	0	C001278_fr_006	1
Q000039	0	C001278_fr_007	1
Q000039	0	C001278_fr_008	1
Q000039	0	C001278_fr_009	1
Q000039	0	C001278_fr_010	1
Q000039	0	C001278_fr_011	1
Q000039	0	C001278_fr_012	1
Q000039	0	C001278_fr_013	1
Q000039	0	C001278_fr_014	1
Q000039	0	C001278_fr_015	1
Q000039	0	C001278_fr_016	1
Q000039	0	C001278_fr_017	1
Q000040	0	C000740_fr_000	1
Q000040	0	C000740_fr_001	1
Q000040	0	C000740_fr_002	1
Q000040	0	C000740_fr_003	1
Q000040	0	C000740_fr_004	1
Q000041	0	C002953_fr_000	1
Q000041	0	C002953_fr_001	1
Q000041	0	C002953_fr_002	1
Q000041	0	C002953_fr_003	1
Q000041	0	C002953_fr_004	1
Q000042	0	C000805_fr_000	1
Q000042	0	C000805_fr_001	1
Q000042	0	C000805_fr_002	1
Q000043	0	C001396_fr_000	1
Q000043	0	C001396_fr_001	1
Q000043	0	C001396_fr_002	1
Q000044	0	C002304_fr_000	1
Q000044	0	C002304_fr_001	1
Q000044	0	C002304_fr_002	1
Q000044	0	C002304_fr_003	1
Q000044	0	C002304_fr_004	1
Q000044	0	C002304_fr_005	1
Q000044	0	C002304_fr_006	1
Q000044	0	C002304_fr_007	1
Q000044	0	C002304_fr_008	1
Q000045	0	C001749_fr_000	1
Q000045	0	C001749_fr_001	1
Q000045	0	C001749_fr_002	1
Q000045	0	C001749_fr_003	1
Q000045	0	C001749_fr_004	1
Q000045	0	C001749_fr_005	1
Q000045	0	C001749_fr_006	1
Q000046	0	C002730_fr_000	1
Q000046	0	C002730_fr_001	1
Q000046	0	C002730_fr_002	1
Q000047	0	C002303_fr_000	1
Q000048	0	C002319_fr_000	1
Q000048	0	C002319_fr_001	1
Q000048	0	C002319_fr_002	1
Q000049	0	C002174_fr_000	1
Q000049	0	C002174_fr_001	1
Q000049	0	C002174_fr_002	1
Q000049	0	C002174_fr_003	1
Q000049	0	C002174_fr_004	1
Q000049	0	C002174_fr_005	1
Q000049	0	C002174_fr_006	1
Q000049	0	C002174_fr_007	1
Q000049	0	C002174_fr_008	1
Q000050	0	C002315_fr_000	1
Q000050	0	C002315_fr_001	1
Q000050	0	C002315_fr_002	1
Q000050	0	C002315_fr_003	1
Q000050	0	C002315_fr_004	1
Q000050	0	C002315_fr_005	1
Q000051	0	C003526_fr_000	1
Q000051	0	C003526_fr_001	1
Q000051	0	C003526_fr_002	1
Q000052	0	C002541_fr_000	1
Q000053	0	C003421_fr_000	1
Q000053	0	C003421_fr_001	1
Q000053	0	C003421_fr_002	1
Q000054	0	C000942_fr_000	1
Q000054	0	C000942_fr_001	1
Q000054	0	C000942_fr_002	1
Q000054	0	C000942_fr_003	1
Q000054	0	C000942_fr_004	1
Q000055	0	C002602_fr_000	1
Q000055	0	C002602_fr_001	1
Q000055	0	C002602_fr_002	1
Q000055	0	C002602_fr_003	1
Q000055	0	C002602_fr_004	1
Q000055	0	C002602_fr_005	1
Q000056	0	C001693_fr_000	1
Q000056	0	C001693_fr_001	1
Q000056	0	C001693_fr_002	1
Q000056	0	C001693_fr_003	1
Q000056	0	C001693_fr_004	1
Q000056	0	C001693_fr_005	1
Q000056	0	C001693_fr_006	1
Q000056	0	C001693_fr_007	1
Q000056	0	C001693_fr_008	1
Q000057	0	C001285_fr_000	1
Q000057	0	C001285_fr_001	1
Q000057	0	C001285_fr_002	1
Q000057	0	C001285_fr_003	1
Q000057	0	C001285_fr_004	1
Q000057	0	C001285_fr_005	1
Q000057	0	C001285_fr_006	1
Q000058	0	C000763_fr_000	1
Q000058	0	C000763_fr_001	1
Q000058	0	C000763_fr_002	1
Q000058	0	C000763_fr_003	1
Q000058	0	C000763_fr_004	1
Q000059	0	C001763_fr_000	1
Q000059	0	C001763_fr_001	1
Q000059	0	C001763_fr_002	1
Q000059	0	C001763_fr_003	1
Q000059	0	C001763_fr_004	1
Q000059	0	C001763_fr_005	1
Q000059	0	C001763_fr_006	1
Q000060	0	C002632_fr_000	1
Q000060	0	C002632_fr_001	1
Q000060	0	C002632_fr_002	1
Q000060	0	C002632_fr_003	1
Q000060	0	C002632_fr_004	1
Q000060	0	C002632_fr_005	1
Q000060	0	C002632_fr_006	1
Q000061	0	C000651_fr_000	1
Q000061	0	C000651_fr_001	1
Q000061	0	C000651_fr_002	1
Q000061	0	C000651_fr_003	1
Q000061	0	C000651_fr_004	1
Q000061	0	C000651_fr_005	1
Q000061	0	C000651_fr_006	1
Q000061	0	C000651_fr_007	1
Q000061	0	C000651_fr_008	1
Q000061	0	C000651_fr_009	1
Q000062	0	C001566_fr_000	1
Q000062	0	C001566_fr_001	1
Q000062	0	C001566_fr_002	1
Q000062	0	C001566_fr_003	1
Q000062	0	C001566_fr_004	1
Q000062	0	C001566_fr_005	1
Q000062	0	C001566_fr_006	1
Q000063	0	C000943_fr_000	1
Q000063	0	C000943_fr_001	1
Q000063	0	C000943_fr_002	1
Q000063	0	C000943_fr_003	1
Q000063	0	C000943_fr_004	1
Q000063	0	C000943_fr_005	1
Q000063	0	C000943_fr_006	1
Q000063	0	C000943_fr_007	1
Q000064	0	C003445_fr_000	1
Q000064	0	C003445_fr_001	1
Q000064	0	C003445_fr_002	1
Q000064	0	C003445_fr_003	1
Q000064	0	C003445_fr_004	1
Q000064	0	C003445_fr_005	1
Q000065	0	C002701_fr_000	1
Q000065	0	C002701_fr_001	1
Q000065	0	C002701_fr_002	1
Q000066	0	C001858_fr_000	1
Q000066	0	C001858_fr_001	1
Q000066	0	C001858_fr_002	1
Q000066	0	C001858_fr_003	1
Q000067	0	C001858_fr_000	1
Q000067	0	C001858_fr_001	1
Q000067	0	C001858_fr_002	1
Q000067	0	C001858_fr_003	1
Q000068	0	C001858_fr_000	1
Q000068	0	C001858_fr_001	1
Q000068	0	C001858_fr_002	1
Q000068	0	C001858_fr_003	1
Q000069	0	C003043_fr_000	1
Q000069	0	C003043_fr_001	1
Q000069	0	C003043_fr_002	1
Q000069	0	C003043_fr_003	1
Q000069	0	C003043_fr_004	1
Q000070	0	C002946_fr_000	1
Q000070	0	C002946_fr_001	1
Q000070	0	C002946_fr_002	1
Q000071	0	C002490_fr_000	1
Q000071	0	C002490_fr_001	1
Q000071	0	C002490_fr_002	1
Q000071	0	C002490_fr_003	1
Q000071	0	C002490_fr_004	1
Q000071	0	C002490_fr_005	1
Q000071	0	C002490_fr_006	1
Q000072	0	C001435_fr_000	1
Q000072	0	C001435_fr_001	1
Q000072	0	C001435_fr_002	1
Q000072	0	C001435_fr_003	1
Q000072	0	C001435_fr_004	1
Q000073	0	C002585_fr_000	1
Q000073	0	C002585_fr_001	1
Q000073	0	C002585_fr_002	1
Q000074	0	C000691_fr_000	1
Q000074	0	C000691_fr_001	1
Q000074	0	C000691_fr_002	1
Q000074	0	C000691_fr_003	1
Q000074	0	C000691_fr_004	1
Q000074	0	C000691_fr_005	1
Q000074	0	C000691_fr_006	1
Q000075	0	C001611_fr_000	1
Q000076	0	C003420_fr_000	1
Q000076	0	C003420_fr_001	1
Q000076	0	C003420_fr_002	1
Q000076	0	C003420_fr_003	1
Q000076	0	C003420_fr_004	1
Q000076	0	C003420_fr_005	1
Q000076	0	C003420_fr_006	1
Q000076	0	C003420_fr_007	1
Q000076	0	C003420_fr_008	1
Q000076	0	C003420_fr_009	1
Q000076	0	C003420_fr_010	1
Q000076	0	C003420_fr_011	1
Q000076	0	C003420_fr_012	1
Q000077	0	C001273_fr_000	1
Q000077	0	C001273_fr_001	1
Q000077	0	C001273_fr_002	1
Q000077	0	C001273_fr_003	1
Q000077	0	C001273_fr_004	1
Q000078	0	C000759_fr_000	1
Q000078	0	C000759_fr_001	1
Q000078	0	C000759_fr_002	1
Q000078	0	C000759_fr_003	1
Q000078	0	C000759_fr_004	1
Q000078	0	C000759_fr_005	1
Q000078	0	C000759_fr_006	1
Q000079	0	C000643_fr_000	1
Q000079	0	C000643_fr_001	1
Q000079	0	C000643_fr_002	1
Q000080	0	C000863_fr_000	1
Q000080	0	C000863_fr_001	1
Q000080	0	C000863_fr_002	1
Q000080	0	C000863_fr_003	1
Q000080	0	C000863_fr_004	1
Q000080	0	C000863_fr_005	1
Q000080	0	C000863_fr_006	1
Q000081	0	C001952_fr_000	1
Q000081	0	C001952_fr_001	1
Q000081	0	C001952_fr_002	1
Q000081	0	C001952_fr_003	1
Q000081	0	C001952_fr_004	1
Q000081	0	C001952_fr_005	1
Q000081	0	C001952_fr_006	1
Q000081	0	C001952_fr_007	1
Q000081	0	C001952_fr_008	1
Q000082	0	C001977_fr_000	1
Q000082	0	C001977_fr_001	1
Q000082	0	C001977_fr_002	1
Q000082	0	C001977_fr_003	1
Q000082	0	C001977_fr_004	1
Q000083	0	C002564_fr_000	1
Q000084	0	C000974_fr_000	1
Q000084	0	C000974_fr_001	1
Q000084	0	C000974_fr_002	1
Q000084	0	C000974_fr_003	1
Q000084	0	C000974_fr_004	1
Q000084	0	C000974_fr_005	1
Q000084	0	C000974_fr_006	1
Q000084	0	C000974_fr_007	1
Q000084	0	C000974_fr_008	1
Q000085	0	C003029_fr_000	1
Q000085	0	C003029_fr_001	1
Q000085	0	C003029_fr_002	1
Q000086	0	C001721_fr_000	1
Q000086	0	C001721_fr_001	1
Q000086	0	C001721_fr_002	1
Q000087	0	C002075_fr_000	1
Q000087	0	C002075_fr_001	1
Q000087	0	C002075_fr_002	1
Q000087	0	C002075_fr_003	1
Q000087	0	C002075_fr_004	1
Q000087	0	C002075_fr_005	1
Q000087	0	C002075_fr_006	1
Q000087	0	C002075_fr_007	1
Q000087	0	C002075_fr_008	1
Q000088	0	C000935_fr_000	1
Q000088	0	C000935_fr_001	1
Q000088	0	C000935_fr_002	1
Q000089	0	C002977_fr_000	1
Q000089	0	C002977_fr_001	1
Q000089	0	C002977_fr_002	1
Q000089	0	C002977_fr_003	1
Q000089	0	C002977_fr_004	1
Q000089	0	C002977_fr_005	1
Q000089	0	C002977_fr_006	1
Q000090	0	C001054_fr_000	1
Q000091	0	C001501_fr_000	1
Q000091	0	C001501_fr_001	1
Q000091	0	C001501_fr_002	1
Q000091	0	C001501_fr_003	1
Q000091	0	C001501_fr_004	1
Q000091	0	C001501_fr_005	1
Q000091	0	C001501_fr_006	1
Q000091	0	C001501_fr_007	1
Q000091	0	C001501_fr_008	1
Q000092	0	C001849_fr_000	1
Q000092	0	C001849_fr_001	1
Q000092	0	C001849_fr_002	1
Q000092	0	C001849_fr_003	1
Q000092	0	C001849_fr_004	1
Q000092	0	C001849_fr_005	1
Q000092	0	C001849_fr_006	1
Q000092	0	C001849_fr_007	1
Q000092	0	C001849_fr_008	1
Q000092	0	C001849_fr_009	1
Q000092	0	C001849_fr_010	1
Q000092	0	C001849_fr_011	1
Q000092	0	C001849_fr_012	1
Q000092	0	C001849_fr_013	1
Q000092	0	C001849_fr_014	1
Q000092	0	C001849_fr_015	1
Q000092	0	C001849_fr_016	1
Q000092	0	C001849_fr_017	1
Q000092	0	C001849_fr_018	1
Q000092	0	C001849_fr_019	1
Q000092	0	C001849_fr_020	1
Q000092	0	C001849_fr_021	1
Q000092	0	C001849_fr_022	1
Q000092	0	C001849_fr_023	1
Q000092	0	C001849_fr_024	1
Q000092	0	C001849_fr_025	1
Q000092	0	C001849_fr_026	1
Q000092	0	C001849_fr_027	1
Q000092	0	C001849_fr_028	1
Q000092	0	C001849_fr_029	1
Q000092	0	C001849_fr_030	1
Q000092	0	C001849_fr_031	1
Q000092	0	C001849_fr_032	1
Q000092	0	C001849_fr_033	1
Q000092	0	C001849_fr_034	1
Q000092	0	C001849_fr_035	1
Q000093	0	C002560_fr_000	1
Q000093	0	C002560_fr_001	1
Q000093	0	C002560_fr_002	1
Q000093	0	C002560_fr_003	1
Q000093	0	C002560_fr_004	1
Q000094	0	C003284_fr_000	1
Q000094	0	C003284_fr_001	1
Q000094	0	C003284_fr_002	1
Q000094	0	C003284_fr_003	1
Q000094	0	C003284_fr_004	1
Q000095	0	C002756_fr_000	1
Q000095	0	C002756_fr_001	1
Q000095	0	C002756_fr_002	1
Q000095	0	C002756_fr_003	1
Q000095	0	C002756_fr_004	1
Q000095	0	C002756_fr_005	1
Q000095	0	C002756_fr_006	1
Q000095	0	C002756_fr_007	1
Q000095	0	C002756_fr_008	1
Q000095	0	C002756_fr_009	1
Q000095	0	C002756_fr_010	1
Q000095	0	C002756_fr_011	1
Q000096	0	C000624_fr_000	1
Q000096	0	C000624_fr_001	1
Q000096	0	C000624_fr_002	1
Q000096	0	C000624_fr_003	1
Q000097	0	C001970_fr_000	1
Q000097	0	C001970_fr_001	1
Q000097	0	C001970_fr_002	1
Q000097	0	C001970_fr_003	1
Q000097	0	C001970_fr_004	1
Q000097	0	C001970_fr_005	1
Q000097	0	C001970_fr_006	1
Q000097	0	C001970_fr_007	1
Q000097	0	C001970_fr_008	1
Q000098	0	C002969_fr_000	1
Q000098	0	C002969_fr_001	1
Q000098	0	C002969_fr_002	1
Q000099	0	C001279_fr_000	1
Q000099	0	C001279_fr_001	1
Q000099	0	C001279_fr_002	1
Q000099	0	C001279_fr_003	1
Q000099	0	C001279_fr_004	1
Q000100	0	C001180_fr_000	1
Q000100	0	C001180_fr_001	1
Q000100	0	C001180_fr_002	1
Q000100	0	C001180_fr_003	1
Q000100	0	C001180_fr_004	1
Q000100	0	C001180_fr_005	1
Q000100	0	C001180_fr_006	1
Q000100	0	C001180_fr_007	1
Q000100	0	C001180_fr_008	1
Q000101	0	C002106_fr_000	1
Q000101	0	C002106_fr_001	1
Q000101	0	C002106_fr_002	1
Q000101	0	C002106_fr_003	1
Q000101	0	C002106_fr_004	1
Q000101	0	C002106_fr_005	1
Q000102	0	C001137_fr_000	1
Q000102	0	C001137_fr_001	1
Q000102	0	C001137_fr_002	1
Q000102	0	C001137_fr_003	1
Q000102	0	C001137_fr_004	1
Q000102	0	C001137_fr_005	1
Q000102	0	C001137_fr_006	1
Q000103	0	C003079_fr_000	1
Q000103	0	C003079_fr_001	1
Q000103	0	C003079_fr_002	1
Q000104	0	C001939_fr_000	1
Q000104	0	C001939_fr_001	1
Q000104	0	C001939_fr_002	1
Q000104	0	C001939_fr_003	1
Q000104	0	C001939_fr_004	1
Q000104	0	C001939_fr_005	1
Q000105	0	C001884_fr_000	1
Q000105	0	C001884_fr_001	1
Q000105	0	C001884_fr_002	1
Q000105	0	C001884_fr_003	1
Q000105	0	C001884_fr_004	1
Q000105	0	C001884_fr_005	1
Q000105	0	C001884_fr_006	1
Q000105	0	C001884_fr_007	1
Q000105	0	C001884_fr_008	1
Q000105	0	C001884_fr_009	1
Q000106	0	C000791_fr_000	1
Q000106	0	C000791_fr_001	1
Q000106	0	C000791_fr_002	1
Q000106	0	C000791_fr_003	1
Q000106	0	C000791_fr_004	1
Q000106	0	C000791_fr_005	1
Q000106	0	C000791_fr_006	1
Q000106	0	C000791_fr_007	1
Q000106	0	C000791_fr_008	1
Q000106	0	C000791_fr_009	1
Q000106	0	C000791_fr_010	1
Q000106	0	C000791_fr_011	1
Q000106	0	C000791_fr_012	1
Q000106	0	C000791_fr_013	1
Q000106	0	C000791_fr_014	1
Q000107	0	C001371_fr_000	1
Q000107	0	C001371_fr_001	1
Q000107	0	C001371_fr_002	1
Q000108	0	C002359_fr_000	1
Q000108	0	C002359_fr_001	1
Q000108	0	C002359_fr_002	1
Q000109	0	C002320_fr_000	1
Q000109	0	C002320_fr_001	1
Q000109	0	C002320_fr_002	1
Q000110	0	C003499_fr_000	1
Q000110	0	C003499_fr_001	1
Q000110	0	C003499_fr_002	1
Q000110	0	C003499_fr_003	1
Q000110	0	C003499_fr_004	1
Q000110	0	C003499_fr_005	1
Q000111	0	C000769_fr_000	1
Q000111	0	C000769_fr_001	1
Q000111	0	C000769_fr_002	1
Q000111	0	C000769_fr_003	1
Q000111	0	C000769_fr_004	1
Q000111	0	C000769_fr_005	1
Q000111	0	C000769_fr_006	1
Q000112	0	C002913_fr_000	1
Q000112	0	C002913_fr_001	1
Q000112	0	C002913_fr_002	1
Q000113	0	C002614_fr_000	1
Q000113	0	C002614_fr_001	1
Q000113	0	C002614_fr_002	1
Q000113	0	C002614_fr_003	1
Q000113	0	C002614_fr_004	1
Q000114	0	C003404_fr_000	1
Q000114	0	C003404_fr_001	1
Q000114	0	C003404_fr_002	1
Q000115	0	C000697_fr_000	1
Q000115	0	C000697_fr_001	1
Q000115	0	C000697_fr_002	1
Q000115	0	C000697_fr_003	1
Q000115	0	C000697_fr_004	1
Q000115	0	C000697_fr_005	1
Q000115	0	C000697_fr_006	1
Q000116	0	C002575_fr_000	1
Q000116	0	C002575_fr_001	1
Q000116	0	C002575_fr_002	1
Q000116	0	C002575_fr_003	1
Q000116	0	C002575_fr_004	1
Q000117	0	C002000_fr_000	1
Q000117	0	C002000_fr_001	1
Q000117	0	C002000_fr_002	1
Q000118	0	C001859_fr_000	1
Q000118	0	C001859_fr_001	1
Q000118	0	C001859_fr_002	1
Q000119	0	C001908_fr_000	1
Q000119	0	C001908_fr_001	1
Q000119	0	C001908_fr_002	1
Q000119	0	C001908_fr_003	1
Q000119	0	C001908_fr_004	1
Q000119	0	C001908_fr_005	1
Q000119	0	C001908_fr_006	1
Q000120	0	C002316_fr_000	1
Q000120	0	C002316_fr_001	1
Q000120	0	C002316_fr_002	1
Q000120	0	C002316_fr_003	1
Q000120	0	C002316_fr_004	1
Q000120	0	C002316_fr_005	1
Q000120	0	C002316_fr_006	1
Q000120	0	C002316_fr_007	1
Q000120	0	C002316_fr_008	1
Q000121	0	C001707_fr_000	1
Q000121	0	C001707_fr_001	1
Q000121	0	C001707_fr_002	1
Q000121	0	C001707_fr_003	1
Q000121	0	C001707_fr_004	1
Q000121	0	C001707_fr_005	1
Q000121	0	C001707_fr_006	1
Q000121	0	C001707_fr_007	1
Q000121	0	C001707_fr_008	1
Q000122	0	C002450_fr_000	1
Q000122	0	C002450_fr_001	1
Q000122	0	C002450_fr_002	1
Q000123	0	C002376_fr_000	1
Q000123	0	C002376_fr_001	1
Q000123	0	C002376_fr_002	1
Q000124	0	C003547_fr_000	1
Q000124	0	C003547_fr_001	1
Q000124	0	C003547_fr_002	1
Q000124	0	C003547_fr_003	1
Q000124	0	C003547_fr_004	1
Q000124	0	C003547_fr_005	1
Q000124	0	C003547_fr_006	1
Q000125	0	C002345_fr_000	1
Q000125	0	C002345_fr_001	1
Q000125	0	C002345_fr_002	1
Q000126	0	C001131_fr_000	1
Q000126	0	C001131_fr_001	1
Q000126	0	C001131_fr_002	1
Q000126	0	C001131_fr_003	1
Q000126	0	C001131_fr_004	1
Q000126	0	C001131_fr_005	1
Q000127	0	C003425_fr_000	1
Q000127	0	C003425_fr_001	1
Q000127	0	C003425_fr_002	1
Q000127	0	C003425_fr_003	1
Q000127	0	C003425_fr_004	1
Q000127	0	C003425_fr_005	1
Q000127	0	C003425_fr_006	1
Q000128	0	C001238_fr_000	1
Q000128	0	C001238_fr_001	1
Q000128	0	C001238_fr_002	1
Q000128	0	C001238_fr_003	1
Q000128	0	C001238_fr_004	1
Q000128	0	C001238_fr_005	1
Q000128	0	C001238_fr_006	1
Q000128	0	C001238_fr_007	1
Q000128	0	C001238_fr_008	1
Q000129	0	C003241_fr_000	1
Q000129	0	C003241_fr_001	1
Q000129	0	C003241_fr_002	1
Q000129	0	C003241_fr_003	1
Q000129	0	C003241_fr_004	1
Q000129	0	C003241_fr_005	1
Q000129	0	C003241_fr_006	1
Q000129	0	C003241_fr_007	1
Q000129	0	C003241_fr_008	1
Q000130	0	C003495_fr_000	1
Q000130	0	C003495_fr_001	1
Q000130	0	C003495_fr_002	1
Q000130	0	C003495_fr_003	1
Q000130	0	C003495_fr_004	1
Q000130	0	C003495_fr_005	1
Q000131	0	C002489_fr_000	1
Q000131	0	C002489_fr_001	1
Q000131	0	C002489_fr_002	1
Q000131	0	C002489_fr_003	1
Q000131	0	C002489_fr_004	1
Q000132	0	C002601_fr_000	1
Q000133	0	C002990_fr_000	1
Q000133	0	C002990_fr_001	1
Q000133	0	C002990_fr_002	1
Q000133	0	C002990_fr_003	1
Q000133	0	C002990_fr_004	1
Q000133	0	C002990_fr_005	1
Q000133	0	C002990_fr_006	1
Q000133	0	C002990_fr_007	1
Q000133	0	C002990_fr_008	1
Q000133	0	C002990_fr_009	1
Q000133	0	C002990_fr_010	1
Q000133	0	C002990_fr_011	1
Q000133	0	C002990_fr_012	1
Q000133	0	C002990_fr_013	1
Q000133	0	C002990_fr_014	1
Q000134	0	C003166_fr_000	1
Q000134	0	C003166_fr_001	1
Q000134	0	C003166_fr_002	1
Q000135	0	C002798_fr_000	1
Q000135	0	C002798_fr_001	1
Q000135	0	C002798_fr_002	1
Q000135	0	C002798_fr_003	1
Q000136	0	C001745_fr_000	1
Q000136	0	C001745_fr_001	1
Q000136	0	C001745_fr_002	1
Q000137	0	C003530_fr_000	1
Q000137	0	C003530_fr_001	1
Q000137	0	C003530_fr_002	1
Q000138	0	C002742_fr_000	1
Q000138	0	C002742_fr_001	1
Q000138	0	C002742_fr_002	1
Q000138	0	C002742_fr_003	1
Q000138	0	C002742_fr_004	1
Q000138	0	C002742_fr_005	1
Q000138	0	C002742_fr_006	1
Q000138	0	C002742_fr_007	1
Q000138	0	C002742_fr_008	1
Q000139	0	C003374_fr_000	1
Q000139	0	C003374_fr_001	1
Q000139	0	C003374_fr_002	1
Q000139	0	C003374_fr_003	1
Q000139	0	C003374_fr_004	1
Q000139	0	C003374_fr_005	1
Q000139	0	C003374_fr_006	1
Q000139	0	C003374_fr_007	1
Q000139	0	C003374_fr_008	1
Q000140	0	C003160_fr_000	1
Q000140	0	C003160_fr_001	1
Q000140	0	C003160_fr_002	1
Q000140	0	C003160_fr_003	1
Q000141	0	C002878_fr_000	1
Q000141	0	C002878_fr_001	1
Q000141	0	C002878_fr_002	1
Q000142	0	C001891_fr_000	1
Q000142	0	C001891_fr_001	1
Q000142	0	C001891_fr_002	1
Q000142	0	C001891_fr_003	1
Q000142	0	C001891_fr_004	1
Q000142	0	C001891_fr_005	1
Q000142	0	C001891_fr_006	1
Q000142	0	C001891_fr_007	1
Q000142	0	C001891_fr_008	1
Q000143	0	C002988_fr_000	1
Q000143	0	C002988_fr_001	1
Q000143	0	C002988_fr_002	1
Q000144	0	C000998_fr_000	1
Q000144	0	C000998_fr_001	1
Q000144	0	C000998_fr_002	1
Q000144	0	C000998_fr_003	1
Q000144	0	C000998_fr_004	1
Q000144	0	C000998_fr_005	1
Q000144	0	C000998_fr_006	1
Q000144	0	C000998_fr_007	1
Q000144	0	C000998_fr_008	1
Q000144	0	C000998_fr_009	1
Q000144	0	C000998_fr_010	1
Q000144	0	C000998_fr_011	1
Q000145	0	C000777_fr_000	1
Q000145	0	C000777_fr_001	1
Q000145	0	C000777_fr_002	1
Q000145	0	C000777_fr_003	1
Q000145	0	C000777_fr_004	1
Q000145	0	C000777_fr_005	1
Q000145	0	C000777_fr_006	1
Q000145	0	C000777_fr_007	1
Q000146	0	C001701_fr_000	1
Q000146	0	C001701_fr_001	1
Q000146	0	C001701_fr_002	1
Q000147	0	C002183_fr_000	1
Q000148	0	C000620_fr_000	1
Q000148	0	C000620_fr_001	1
Q000148	0	C000620_fr_002	1
Q000148	0	C000620_fr_003	1
Q000148	0	C000620_fr_004	1
Q000148	0	C000620_fr_005	1
Q000149	0	C001612_fr_000	1
Q000149	0	C001612_fr_001	1
Q000149	0	C001612_fr_002	1
Q000149	0	C001612_fr_003	1
Q000149	0	C001612_fr_004	1
Q000149	0	C001612_fr_005	1
Q000149	0	C001612_fr_006	1
Q000149	0	C001612_fr_007	1
Q000150	0	C002277_fr_000	1
Q000150	0	C002277_fr_001	1
Q000150	0	C002277_fr_002	1
Q000150	0	C002277_fr_003	1
Q000150	0	C002277_fr_004	1
Q000150	0	C002277_fr_005	1
Q000151	0	C003048_fr_000	1
Q000151	0	C003048_fr_001	1
Q000151	0	C003048_fr_002	1
Q000152	0	C003189_fr_000	1
Q000152	0	C003189_fr_001	1
Q000152	0	C003189_fr_002	1
Q000153	0	C001511_fr_000	1
Q000153	0	C001511_fr_001	1
Q000153	0	C001511_fr_002	1
Q000153	0	C001511_fr_003	1
Q000153	0	C001511_fr_004	1
Q000154	0	C001242_fr_000	1
Q000155	0	C001930_fr_000	1
Q000155	0	C001930_fr_001	1
Q000155	0	C001930_fr_002	1
Q000155	0	C001930_fr_003	1
Q000155	0	C001930_fr_004	1
Q000155	0	C001930_fr_005	1
Q000155	0	C001930_fr_006	1
Q000155	0	C001930_fr_007	1
Q000155	0	C001930_fr_008	1
Q000155	0	C001930_fr_009	1
Q000155	0	C001930_fr_010	1
Q000156	0	C002151_fr_000	1
Q000156	0	C002151_fr_001	1
Q000156	0	C002151_fr_002	1
Q000157	0	C001192_fr_000	1
Q000157	0	C001192_fr_001	1
Q000157	0	C001192_fr_002	1
Q000157	0	C001192_fr_003	1
Q000157	0	C001192_fr_004	1
Q000158	0	C001033_fr_000	1
Q000158	0	C001033_fr_001	1
Q000158	0	C001033_fr_002	1
Q000158	0	C001033_fr_003	1
Q000158	0	C001033_fr_004	1
Q000158	0	C001033_fr_005	1
Q000158	0	C001033_fr_006	1
Q000158	0	C001033_fr_007	1
Q000158	0	C001033_fr_008	1
Q000158	0	C001033_fr_009	1
Q000158	0	C001033_fr_010	1
Q000158	0	C001033_fr_011	1
Q000158	0	C001033_fr_012	1
Q000159	0	C003556_fr_000	1
Q000160	0	C002622_fr_000	1
Q000161	0	C003441_fr_000	1
Q000162	0	C002463_fr_000	1
Q000163	0	C002920_fr_000	1
Q000163	0	C002920_fr_001	1
Q000163	0	C002920_fr_002	1
Q000164	0	C001286_fr_000	1
Q000164	0	C001286_fr_001	1
Q000164	0	C001286_fr_002	1
Q000165	0	C001364_fr_000	1
Q000166	0	C002046_fr_000	1
Q000166	0	C002046_fr_001	1
Q000166	0	C002046_fr_002	1
Q000166	0	C002046_fr_003	1
Q000167	0	C001220_fr_000	1
Q000167	0	C001220_fr_001	1
Q000167	0	C001220_fr_002	1
Q000167	0	C001220_fr_003	1
Q000167	0	C001220_fr_004	1
Q000167	0	C001220_fr_005	1
Q000167	0	C001220_fr_006	1
Q000167	0	C001220_fr_007	1
Q000167	0	C001220_fr_008	1
Q000167	0	C001220_fr_009	1
Q000168	0	C001524_fr_000	1
Q000168	0	C001524_fr_001	1
Q000168	0	C001524_fr_002	1
Q000168	0	C001524_fr_003	1
Q000168	0	C001524_fr_004	1
Q000169	0	C003065_fr_000	1
Q000169	0	C003065_fr_001	1
Q000169	0	C003065_fr_002	1
Q000170	0	C002222_fr_000	1
Q000170	0	C002222_fr_001	1
Q000170	0	C002222_fr_002	1
Q000170	0	C002222_fr_003	1
Q000170	0	C002222_fr_004	1
Q000170	0	C002222_fr_005	1
Q000170	0	C002222_fr_006	1
Q000170	0	C002222_fr_007	1
Q000170	0	C002222_fr_008	1
Q000170	0	C002222_fr_009	1
Q000171	0	C002042_fr_000	1
Q000171	0	C002042_fr_001	1
Q000171	0	C002042_fr_002	1
Q000171	0	C002042_fr_003	1
Q000171	0	C002042_fr_004	1
Q000172	0	C003196_fr_000	1
Q000172	0	C003196_fr_001	1
Q000172	0	C003196_fr_002	1
Q000172	0	C003196_fr_003	1
Q000172	0	C003196_fr_004	1
Q000172	0	C003196_fr_005	1
Q000173	0	C000977_fr_000	1
Q000173	0	C000977_fr_001	1
Q000173	0	C000977_fr_002	1
Q000173	0	C000977_fr_003	1
Q000174	0	C000742_fr_000	1
Q000174	0	C000742_fr_001	1
Q000174	0	C000742_fr_002	1
Q000174	0	C000742_fr_003	1
Q000174	0	C000742_fr_004	1
Q000174	0	C000742_fr_005	1
Q000174	0	C000742_fr_006	1
Q000174	0	C000742_fr_007	1
Q000174	0	C000742_fr_008	1
Q000174	0	C000742_fr_009	1
Q000174	0	C000742_fr_010	1
Q000174	0	C000742_fr_011	1
Q000175	0	C000721_fr_000	1
Q000175	0	C000721_fr_001	1
Q000175	0	C000721_fr_002	1
Q000176	0	C000917_fr_000	1
Q000176	0	C000917_fr_001	1
Q000176	0	C000917_fr_002	1
Q000176	0	C000917_fr_003	1
Q000177	0	C003012_fr_000	1
Q000177	0	C003012_fr_001	1
Q000177	0	C003012_fr_002	1
Q000178	0	C001837_fr_000	1
Q000178	0	C001837_fr_001	1
Q000178	0	C001837_fr_002	1
Q000179	0	C003212_fr_000	1
Q000179	0	C003212_fr_001	1
Q000179	0	C003212_fr_002	1
Q000179	0	C003212_fr_003	1
Q000179	0	C003212_fr_004	1
Q000180	0	C003451_fr_000	1
Q000180	0	C003451_fr_001	1
Q000180	0	C003451_fr_002	1
Q000181	0	C002130_fr_000	1
Q000181	0	C002130_fr_001	1
Q000181	0	C002130_fr_002	1
Q000181	0	C002130_fr_003	1
Q000181	0	C002130_fr_004	1
Q000181	0	C002130_fr_005	1
Q000182	0	C003427_fr_000	1
Q000182	0	C003427_fr_001	1
Q000182	0	C003427_fr_002	1
Q000183	0	C002806_fr_000	1
Q000183	0	C002806_fr_001	1
Q000183	0	C002806_fr_002	1
Q000183	0	C002806_fr_003	1
Q000183	0	C002806_fr_004	1
Q000183	0	C002806_fr_005	1
Q000184	0	C001086_fr_000	1
Q000184	0	C001086_fr_001	1
Q000184	0	C001086_fr_002	1
Q000184	0	C001086_fr_003	1
Q000184	0	C001086_fr_004	1
Q000184	0	C001086_fr_005	1
Q000185	0	C003282_fr_000	1
Q000185	0	C003282_fr_001	1
Q000185	0	C003282_fr_002	1
Q000185	0	C003282_fr_003	1
Q000185	0	C003282_fr_004	1
Q000185	0	C003282_fr_005	1
Q000186	0	C002476_fr_000	1
Q000186	0	C002476_fr_001	1
Q000186	0	C002476_fr_002	1
Q000186	0	C002476_fr_003	1
Q000186	0	C002476_fr_004	1
Q000186	0	C002476_fr_005	1
Q000186	0	C002476_fr_006	1
Q000187	0	C001179_fr_000	1
Q000187	0	C001179_fr_001	1
Q000187	0	C001179_fr_002	1
Q000187	0	C001179_fr_003	1
Q000187	0	C001179_fr_004	1
Q000187	0	C001179_fr_005	1
Q000187	0	C001179_fr_006	1
Q000187	0	C001179_fr_007	1
Q000188	0	C000730_fr_000	1
Q000188	0	C000730_fr_001	1
Q000188	0	C000730_fr_002	1
Q000188	0	C000730_fr_003	1
Q000188	0	C000730_fr_004	1
Q000188	0	C000730_fr_005	1
Q000188	0	C000730_fr_006	1
Q000188	0	C000730_fr_007	1
Q000188	0	C000730_fr_008	1
Q000188	0	C000730_fr_009	1
Q000188	0	C000730_fr_010	1
Q000188	0	C000730_fr_011	1
Q000188	0	C000730_fr_012	1
Q000188	0	C000730_fr_013	1
Q000188	0	C000730_fr_014	1
Q000188	0	C000730_fr_015	1
Q000188	0	C000730_fr_016	1
Q000189	0	C001687_fr_000	1
Q000189	0	C001687_fr_001	1
Q000189	0	C001687_fr_002	1
Q000189	0	C001687_fr_003	1
Q000189	0	C001687_fr_004	1
Q000190	0	C003146_fr_000	1
Q000190	0	C003146_fr_001	1
Q000190	0	C003146_fr_002	1
Q000190	0	C003146_fr_003	1
Q000190	0	C003146_fr_004	1
Q000191	0	C002634_fr_000	1
Q000191	0	C002634_fr_001	1
Q000191	0	C002634_fr_002	1
Q000192	0	C001664_fr_000	1
Q000192	0	C001664_fr_001	1
Q000192	0	C001664_fr_002	1
Q000192	0	C001664_fr_003	1
Q000192	0	C001664_fr_004	1
Q000193	0	C001094_fr_000	1
Q000193	0	C001094_fr_001	1
Q000193	0	C001094_fr_002	1
Q000193	0	C001094_fr_003	1
Q000193	0	C001094_fr_004	1
Q000194	0	C001644_fr_000	1
Q000194	0	C001644_fr_001	1
Q000194	0	C001644_fr_002	1
Q000194	0	C001644_fr_003	1
Q000194	0	C001644_fr_004	1
Q000194	0	C001644_fr_005	1
Q000195	0	C001754_fr_000	1
Q000195	0	C001754_fr_001	1
Q000195	0	C001754_fr_002	1
Q000195	0	C001754_fr_003	1
Q000195	0	C001754_fr_004	1
Q000195	0	C001754_fr_005	1
Q000195	0	C001754_fr_006	1
Q000195	0	C001754_fr_007	1
Q000195	0	C001754_fr_008	1
Q000196	0	C002011_fr_000	1
Q000197	0	C001049_fr_000	1
Q000197	0	C001049_fr_001	1
Q000197	0	C001049_fr_002	1
Q000197	0	C001049_fr_003	1
Q000198	0	C003274_fr_000	1
Q000198	0	C003274_fr_001	1
Q000198	0	C003274_fr_002	1
Q000198	0	C003274_fr_003	1
Q000198	0	C003274_fr_004	1
Q000198	0	C003274_fr_005	1
Q000198	0	C003274_fr_006	1
Q000198	0	C003274_fr_007	1
Q000198	0	C003274_fr_008	1
Q000199	0	C002449_fr_000	1
Q000199	0	C002449_fr_001	1
Q000199	0	C002449_fr_002	1
Q000200	0	C000668_fr_000	1
Q000200	0	C000668_fr_001	1
Q000200	0	C000668_fr_002	1
Q000200	0	C000668_fr_003	1
Q000200	0	C000668_fr_004	1
Q000200	0	C000668_fr_005	1
Q000201	0	C001305_fr_000	1
Q000201	0	C001305_fr_001	1
Q000201	0	C001305_fr_002	1
Q000202	0	C001431_fr_000	1
Q000202	0	C001431_fr_001	1
Q000202	0	C001431_fr_002	1
Q000203	0	C000887_fr_000	1
Q000203	0	C000887_fr_001	1
Q000203	0	C000887_fr_002	1
Q000203	0	C000887_fr_003	1
Q000203	0	C000887_fr_004	1
Q000204	0	C003433_fr_000	1
Q000204	0	C003433_fr_001	1
Q000204	0	C003433_fr_002	1
Q000204	0	C003433_fr_003	1
Q000204	0	C003433_fr_004	1
Q000205	0	C002290_fr_000	1
Q000205	0	C002290_fr_001	1
Q000205	0	C002290_fr_002	1
Q000205	0	C002290_fr_003	1
Q000205	0	C002290_fr_004	1
Q000206	0	C000821_fr_000	1
Q000206	0	C000821_fr_001	1
Q000206	0	C000821_fr_002	1
Q000206	0	C000821_fr_003	1
Q000206	0	C000821_fr_004	1
Q000207	0	C003254_fr_000	1
Q000207	0	C003254_fr_001	1
Q000207	0	C003254_fr_002	1
Q000207	0	C003254_fr_003	1
Q000207	0	C003254_fr_004	1
Q000207	0	C003254_fr_005	1
Q000208	0	C002515_fr_000	1
Q000208	0	C002515_fr_001	1
Q000208	0	C002515_fr_002	1
Q000208	0	C002515_fr_003	1
Q000208	0	C002515_fr_004	1
Q000208	0	C002515_fr_005	1
Q000209	0	C002406_fr_000	1
Q000209	0	C002406_fr_001	1
Q000209	0	C002406_fr_002	1
Q000209	0	C002406_fr_003	1
Q000209	0	C002406_fr_004	1
Q000209	0	C002406_fr_005	1
Q000209	0	C002406_fr_006	1
Q000209	0	C002406_fr_007	1
Q000209	0	C002406_fr_008	1
Q000210	0	C000679_fr_000	1
Q000210	0	C000679_fr_001	1
Q000210	0	C000679_fr_002	1
Q000211	0	C003462_fr_000	1
Q000211	0	C003462_fr_001	1
Q000211	0	C003462_fr_002	1
Q000211	0	C003462_fr_003	1
Q000211	0	C003462_fr_004	1
Q000211	0	C003462_fr_005	1
Q000212	0	C002266_fr_000	1
Q000212	0	C002266_fr_001	1
Q000212	0	C002266_fr_002	1
Q000213	0	C001130_fr_000	1
Q000213	0	C001130_fr_001	1
Q000213	0	C001130_fr_002	1
Q000214	0	C003247_fr_000	1
Q000214	0	C003247_fr_001	1
Q000214	0	C003247_fr_002	1
Q000214	0	C003247_fr_003	1
Q000215	0	C001437_fr_000	1
Q000215	0	C001437_fr_001	1
Q000215	0	C001437_fr_002	1
Q000215	0	C001437_fr_003	1
Q000215	0	C001437_fr_004	1
Q000215	0	C001437_fr_005	1
Q000215	0	C001437_fr_006	1
Q000215	0	C001437_fr_007	1
Q000215	0	C001437_fr_008	1
Q000215	0	C001437_fr_009	1
Q000215	0	C001437_fr_010	1
Q000215	0	C001437_fr_011	1
Q000215	0	C001437_fr_012	1
Q000215	0	C001437_fr_013	1
Q000215	0	C001437_fr_014	1
Q000215	0	C001437_fr_015	1
Q000215	0	C001437_fr_016	1
Q000215	0	C001437_fr_017	1
Q000215	0	C001437_fr_018	1
Q000216	0	C003271_fr_000	1
Q000216	0	C003271_fr_001	1
Q000216	0	C003271_fr_002	1
Q000216	0	C003271_fr_003	1
Q000216	0	C003271_fr_004	1
Q000216	0	C003271_fr_005	1
Q000216	0	C003271_fr_006	1
Q000216	0	C003271_fr_007	1
Q000216	0	C003271_fr_008	1
Q000217	0	C000698_fr_000	1
Q000217	0	C000698_fr_001	1
Q000217	0	C000698_fr_002	1
Q000217	0	C000698_fr_003	1
Q000217	0	C000698_fr_004	1
Q000217	0	C000698_fr_005	1
Q000217	0	C000698_fr_006	1
Q000217	0	C000698_fr_007	1
Q000217	0	C000698_fr_008	1
Q000217	0	C000698_fr_009	1
Q000217	0	C000698_fr_010	1
Q000218	0	C002137_fr_000	1
Q000218	0	C002137_fr_001	1
Q000218	0	C002137_fr_002	1
Q000218	0	C002137_fr_003	1
Q000218	0	C002137_fr_004	1
Q000218	0	C002137_fr_005	1
Q000218	0	C002137_fr_006	1
Q000218	0	C002137_fr_007	1
Q000218	0	C002137_fr_008	1
Q000218	0	C002137_fr_009	1
Q000218	0	C002137_fr_010	1
Q000218	0	C002137_fr_011	1
Q000219	0	C002181_fr_000	1
Q000219	0	C002181_fr_001	1
Q000219	0	C002181_fr_002	1
Q000219	0	C002181_fr_003	1
Q000219	0	C002181_fr_004	1
Q000220	0	C002239_fr_000	1
Q000220	0	C002239_fr_001	1
Q000221	0	C002527_fr_000	1
Q000222	0	C001658_fr_000	1
Q000222	0	C001658_fr_001	1
Q000222	0	C001658_fr_002	1
Q000223	0	C003089_fr_000	1
Q000223	0	C003089_fr_001	1
Q000223	0	C003089_fr_002	1
Q000223	0	C003089_fr_003	1
Q000224	0	C001727_fr_000	1
Q000224	0	C001727_fr_001	1
Q000224	0	C001727_fr_002	1
Q000225	0	C001736_fr_000	1
Q000225	0	C001736_fr_001	1
Q000225	0	C001736_fr_002	1
Q000225	0	C001736_fr_003	1
Q000225	0	C001736_fr_004	1
Q000225	0	C001736_fr_005	1
Q000225	0	C001736_fr_006	1
Q000225	0	C001736_fr_007	1
Q000225	0	C001736_fr_008	1
Q000226	0	C003335_fr_000	1
Q000226	0	C003335_fr_001	1
Q000226	0	C003335_fr_002	1
Q000226	0	C003335_fr_003	1
Q000226	0	C003335_fr_004	1
Q000226	0	C003335_fr_005	1
Q000226	0	C003335_fr_006	1
Q000226	0	C003335_fr_007	1
Q000226	0	C003335_fr_008	1
Q000227	0	C001626_fr_000	1
Q000227	0	C001626_fr_001	1
Q000227	0	C001626_fr_002	1
Q000227	0	C001626_fr_003	1
Q000227	0	C001626_fr_004	1
Q000227	0	C001626_fr_005	1
Q000228	0	C001126_fr_000	1
Q000228	0	C001126_fr_001	1
Q000228	0	C001126_fr_002	1
Q000228	0	C001126_fr_003	1
Q000228	0	C001126_fr_004	1
Q000229	0	C001319_fr_000	1
Q000229	0	C001319_fr_001	1
Q000229	0	C001319_fr_002	1
Q000229	0	C001319_fr_003	1
Q000229	0	C001319_fr_004	1
Q000229	0	C001319_fr_005	1
Q000230	0	C000676_fr_000	1
Q000230	0	C000676_fr_001	1
Q000230	0	C000676_fr_002	1
Q000230	0	C000676_fr_003	1
Q000230	0	C000676_fr_004	1
Q000230	0	C000676_fr_005	1
Q000230	0	C000676_fr_006	1
Q000230	0	C000676_fr_007	1
Q000230	0	C000676_fr_008	1
Q000230	0	C000676_fr_009	1
Q000230	0	C000676_fr_010	1
Q000230	0	C000676_fr_011	1
Q000231	0	C001160_fr_000	1
Q000231	0	C001160_fr_001	1
Q000231	0	C001160_fr_002	1
Q000232	0	C000772_fr_000	1
Q000232	0	C000772_fr_001	1
Q000232	0	C000772_fr_002	1
Q000232	0	C000772_fr_003	1
Q000232	0	C000772_fr_004	1
Q000232	0	C000772_fr_005	1
Q000232	0	C000772_fr_006	1
Q000232	0	C000772_fr_007	1
Q000232	0	C000772_fr_008	1
Q000232	0	C000772_fr_009	1
Q000232	0	C000772_fr_010	1
Q000232	0	C000772_fr_011	1
Q000232	0	C000772_fr_012	1
Q000232	0	C000772_fr_013	1
Q000232	0	C000772_fr_014	1
Q000232	0	C000772_fr_015	1
Q000232	0	C000772_fr_016	1
Q000232	0	C000772_fr_017	1
Q000233	0	C002702_fr_000	1
Q000233	0	C002702_fr_001	1
Q000233	0	C002702_fr_002	1
Q000233	0	C002702_fr_003	1
Q000233	0	C002702_fr_004	1
Q000233	0	C002702_fr_005	1
Q000233	0	C002702_fr_006	1
Q000234	0	C003244_fr_000	1
Q000235	0	C001189_fr_000	1
Q000235	0	C001189_fr_001	1
Q000235	0	C001189_fr_002	1
Q000236	0	C002845_fr_000	1
Q000236	0	C002845_fr_001	1
Q000236	0	C002845_fr_002	1
Q000236	0	C002845_fr_003	1
Q000236	0	C002845_fr_004	1
Q000236	0	C002845_fr_005	1
Q000236	0	C002845_fr_006	1
Q000236	0	C002845_fr_007	1
Q000236	0	C002845_fr_008	1
Q000236	0	C002845_fr_009	1
Q000236	0	C002845_fr_010	1
Q000237	0	C002337_fr_000	1
Q000237	0	C002337_fr_001	1
Q000238	0	C000692_fr_000	1
Q000238	0	C000692_fr_001	1
Q000238	0	C000692_fr_002	1
Q000239	0	C001293_fr_000	1
Q000239	0	C001293_fr_001	1
Q000239	0	C001293_fr_002	1
Q000239	0	C001293_fr_003	1
Q000240	0	C002471_fr_000	1
Q000240	0	C002471_fr_001	1
Q000240	0	C002471_fr_002	1
Q000241	0	C003318_fr_000	1
Q000241	0	C003318_fr_001	1
Q000241	0	C003318_fr_002	1
Q000241	0	C003318_fr_003	1
Q000241	0	C003318_fr_004	1
Q000242	0	C002891_fr_000	1
Q000242	0	C002891_fr_001	1
Q000242	0	C002891_fr_002	1
Q000242	0	C002891_fr_003	1
Q000242	0	C002891_fr_004	1
Q000243	0	C002355_fr_000	1
Q000243	0	C002355_fr_001	1
Q000243	0	C002355_fr_002	1
Q000243	0	C002355_fr_003	1
Q000243	0	C002355_fr_004	1
Q000244	0	C002178_fr_000	1
Q000244	0	C002178_fr_001	1
Q000244	0	C002178_fr_002	1
Q000245	0	C002816_fr_000	1
Q000245	0	C002816_fr_001	1
Q000245	0	C002816_fr_002	1
Q000246	0	C002199_fr_000	1
Q000246	0	C002199_fr_001	1
Q000246	0	C002199_fr_002	1
Q000246	0	C002199_fr_003	1
Q000246	0	C002199_fr_004	1
Q000246	0	C002199_fr_005	1
Q000247	0	C001203_fr_000	1
Q000247	0	C001203_fr_001	1
Q000247	0	C001203_fr_002	1
Q000248	0	C001531_fr_000	1
Q000248	0	C001531_fr_001	1
Q000248	0	C001531_fr_002	1
Q000249	0	C002980_fr_000	1
Q000249	0	C002980_fr_001	1
Q000249	0	C002980_fr_002	1
Q000250	0	C001836_fr_000	1
Q000250	0	C001836_fr_001	1
Q000250	0	C001836_fr_002	1
Q000250	0	C001836_fr_003	1
Q000250	0	C001836_fr_004	1
Q000250	0	C001836_fr_005	1
Q000250	0	C001836_fr_006	1
Q000250	0	C001836_fr_007	1
Q000250	0	C001836_fr_008	1
Q000250	0	C001836_fr_009	1
Q000250	0	C001836_fr_010	1
Q000251	0	C003020_fr_000	1
Q000251	0	C003020_fr_001	1
Q000251	0	C003020_fr_002	1
Q000252	0	C001007_fr_000	1
Q000252	0	C001007_fr_001	1
Q000252	0	C001007_fr_002	1
Q000252	0	C001007_fr_003	1
Q000253	0	C002338_fr_000	1
Q000253	0	C002338_fr_001	1
Q000253	0	C002338_fr_002	1
Q000253	0	C002338_fr_003	1
Q000253	0	C002338_fr_004	1
Q000253	0	C002338_fr_005	1
Q000253	0	C002338_fr_006	1
Q000253	0	C002338_fr_007	1
Q000253	0	C002338_fr_008	1
Q000253	0	C002338_fr_009	1
Q000253	0	C002338_fr_010	1
Q000253	0	C002338_fr_011	1
Q000253	0	C002338_fr_012	1
Q000253	0	C002338_fr_013	1
Q000253	0	C002338_fr_014	1
Q000253	0	C002338_fr_015	1
Q000253	0	C002338_fr_016	1
Q000253	0	C002338_fr_017	1
Q000253	0	C002338_fr_018	1
Q000253	0	C002338_fr_019	1
Q000253	0	C002338_fr_020	1
Q000254	0	C000649_fr_000	1
Q000254	0	C000649_fr_001	1
Q000254	0	C000649_fr_002	1
Q000254	0	C000649_fr_003	1
Q000254	0	C000649_fr_004	1
Q000254	0	C000649_fr_005	1
Q000254	0	C000649_fr_006	1
Q000254	0	C000649_fr_007	1
Q000254	0	C000649_fr_008	1
Q000255	0	C001702_fr_000	1
Q000255	0	C001702_fr_001	1
Q000255	0	C001702_fr_002	1
Q000255	0	C001702_fr_003	1
Q000255	0	C001702_fr_004	1
Q000255	0	C001702_fr_005	1
Q000255	0	C001702_fr_006	1
Q000255	0	C001702_fr_007	1
Q000255	0	C001702_fr_008	1
Q000256	0	C001882_fr_000	1
Q000256	0	C001882_fr_001	1
Q000256	0	C001882_fr_002	1
Q000257	0	C002350_fr_000	1
Q000257	0	C002350_fr_001	1
Q000257	0	C002350_fr_002	1
Q000257	0	C002350_fr_003	1
Q000257	0	C002350_fr_004	1
Q000258	0	C001788_fr_000	1
Q000258	0	C001788_fr_001	1
Q000258	0	C001788_fr_002	1
Q000259	0	C002986_fr_000	1
Q000259	0	C002986_fr_001	1
Q000259	0	C002986_fr_002	1
Q000260	0	C002375_fr_000	1
Q000260	0	C002375_fr_001	1
Q000261	0	C000663_fr_000	1
Q000261	0	C000663_fr_001	1
Q000261	0	C000663_fr_002	1
Q000261	0	C000663_fr_003	1
Q000261	0	C000663_fr_004	1
Q000261	0	C000663_fr_005	1
Q000261	0	C000663_fr_006	1
Q000261	0	C000663_fr_007	1
Q000261	0	C000663_fr_008	1
Q000262	0	C002536_fr_000	1
Q000262	0	C002536_fr_001	1
Q000262	0	C002536_fr_002	1
Q000263	0	C003485_fr_000	1
Q000263	0	C003485_fr_001	1
Q000263	0	C003485_fr_002	1
Q000263	0	C003485_fr_003	1
Q000263	0	C003485_fr_004	1
Q000263	0	C003485_fr_005	1
Q000264	0	C001892_fr_000	1
Q000264	0	C001892_fr_001	1
Q000264	0	C001892_fr_002	1
Q000265	0	C002536_fr_000	1
Q000265	0	C002536_fr_001	1
Q000265	0	C002536_fr_002	1
Q000266	0	C003062_fr_000	1
Q000266	0	C003062_fr_001	1
Q000266	0	C003062_fr_002	1
Q000267	0	C002810_fr_000	1
Q000267	0	C002810_fr_001	1
Q000267	0	C002810_fr_002	1
Q000267	0	C002810_fr_003	1
Q000268	0	C000839_fr_000	1
Q000268	0	C000839_fr_001	1
Q000268	0	C000839_fr_002	1
Q000269	0	C001272_fr_000	1
Q000270	0	C003102_fr_000	1
Q000270	0	C003102_fr_001	1
Q000270	0	C003102_fr_002	1
Q000271	0	C001305_fr_000	1
Q000271	0	C001305_fr_001	1
Q000271	0	C001305_fr_002	1
Q000272	0	C002509_fr_000	1
Q000272	0	C002509_fr_001	1
Q000272	0	C002509_fr_002	1
Q000272	0	C002509_fr_003	1
Q000272	0	C002509_fr_004	1
Q000272	0	C002509_fr_005	1
Q000273	0	C003162_fr_000	1
Q000273	0	C003162_fr_001	1
Q000273	0	C003162_fr_002	1
Q000274	0	C001781_fr_000	1
Q000274	0	C001781_fr_001	1
Q000275	0	C003352_fr_000	1
Q000275	0	C003352_fr_001	1
Q000275	0	C003352_fr_002	1
Q000276	0	C003269_fr_000	1
Q000277	0	C003307_fr_000	1
Q000277	0	C003307_fr_001	1
Q000277	0	C003307_fr_002	1
Q000277	0	C003307_fr_003	1
Q000277	0	C003307_fr_004	1
Q000277	0	C003307_fr_005	1
Q000277	0	C003307_fr_006	1
Q000277	0	C003307_fr_007	1
Q000277	0	C003307_fr_008	1
Q000278	0	C003095_fr_000	1
Q000278	0	C003095_fr_001	1
Q000278	0	C003095_fr_002	1
Q000278	0	C003095_fr_003	1
Q000279	0	C000840_fr_000	1
Q000279	0	C000840_fr_001	1
Q000279	0	C000840_fr_002	1
Q000279	0	C000840_fr_003	1
Q000279	0	C000840_fr_004	1
Q000279	0	C000840_fr_005	1
Q000279	0	C000840_fr_006	1
Q000280	0	C000675_fr_000	1
Q000280	0	C000675_fr_001	1
Q000280	0	C000675_fr_002	1
Q000280	0	C000675_fr_003	1
Q000280	0	C000675_fr_004	1
Q000280	0	C000675_fr_005	1
Q000280	0	C000675_fr_006	1
Q000280	0	C000675_fr_007	1
Q000280	0	C000675_fr_008	1
Q000280	0	C000675_fr_009	1
Q000280	0	C000675_fr_010	1
Q000280	0	C000675_fr_011	1
Q000281	0	C001695_fr_000	1
Q000281	0	C001695_fr_001	1
Q000282	0	C001122_fr_000	1
Q000282	0	C001122_fr_001	1
Q000282	0	C001122_fr_002	1
Q000282	0	C001122_fr_003	1
Q000282	0	C001122_fr_004	1
Q000282	0	C001122_fr_005	1
Q000282	0	C001122_fr_006	1
Q000283	0	C002891_fr_000	1
Q000283	0	C002891_fr_001	1
Q000283	0	C002891_fr_002	1
Q000283	0	C002891_fr_003	1
Q000283	0	C002891_fr_004	1
Q000284	0	C002469_fr_000	1
Q000284	0	C002469_fr_001	1
Q000284	0	C002469_fr_002	1
Q000285	0	C001239_fr_000	1
Q000285	0	C001239_fr_001	1
Q000285	0	C001239_fr_002	1
Q000286	0	C002531_fr_000	1
Q000286	0	C002531_fr_001	1
Q000286	0	C002531_fr_002	1
Q000287	0	C002084_fr_000	1
Q000287	0	C002084_fr_001	1
Q000287	0	C002084_fr_002	1
Q000288	0	C003446_fr_000	1
Q000288	0	C003446_fr_001	1
Q000288	0	C003446_fr_002	1
Q000288	0	C003446_fr_003	1
Q000288	0	C003446_fr_004	1
Q000289	0	C001141_fr_000	1
Q000289	0	C001141_fr_001	1
Q000289	0	C001141_fr_002	1
Q000289	0	C001141_fr_003	1
Q000289	0	C001141_fr_004	1
Q000289	0	C001141_fr_005	1
Q000290	0	C001248_fr_000	1
Q000290	0	C001248_fr_001	1
Q000291	0	C002012_fr_000	1
Q000291	0	C002012_fr_001	1
Q000291	0	C002012_fr_002	1
Q000291	0	C002012_fr_003	1
Q000291	0	C002012_fr_004	1
Q000291	0	C002012_fr_005	1
Q000291	0	C002012_fr_006	1
Q000292	0	C002227_fr_000	1
Q000292	0	C002227_fr_001	1
Q000292	0	C002227_fr_002	1
Q000292	0	C002227_fr_003	1
Q000292	0	C002227_fr_004	1
Q000292	0	C002227_fr_005	1
Q000293	0	C001676_fr_000	1
Q000293	0	C001676_fr_001	1
Q000293	0	C001676_fr_002	1
Q000293	0	C001676_fr_003	1
Q000293	0	C001676_fr_004	1
Q000293	0	C001676_fr_005	1
Q000293	0	C001676_fr_006	1
Q000293	0	C001676_fr_007	1
Q000293	0	C001676_fr_008	1
Q000293	0	C001676_fr_009	1
Q000294	0	C002950_fr_000	1
Q000294	0	C002950_fr_001	1
Q000294	0	C002950_fr_002	1
Q000294	0	C002950_fr_003	1
Q000295	0	C000862_fr_000	1
Q000295	0	C000862_fr_001	1
Q000295	0	C000862_fr_002	1
Q000295	0	C000862_fr_003	1
Q000295	0	C000862_fr_004	1
Q000295	0	C000862_fr_005	1
Q000295	0	C000862_fr_006	1
Q000296	0	C003001_fr_000	1
Q000296	0	C003001_fr_001	1
Q000296	0	C003001_fr_002	1
Q000296	0	C003001_fr_003	1
Q000296	0	C003001_fr_004	1
Q000296	0	C003001_fr_005	1
Q000296	0	C003001_fr_006	1
Q000296	0	C003001_fr_007	1
Q000297	0	C000687_fr_000	1
Q000297	0	C000687_fr_001	1
Q000297	0	C000687_fr_002	1
Q000297	0	C000687_fr_003	1
Q000297	0	C000687_fr_004	1
Q000298	0	C001080_fr_000	1
Q000298	0	C001080_fr_001	1
Q000298	0	C001080_fr_002	1
Q000298	0	C001080_fr_003	1
Q000298	0	C001080_fr_004	1
Q000298	0	C001080_fr_005	1
Q000299	0	C001263_fr_000	1
Q000300	0	C002489_fr_000	1
Q000300	0	C002489_fr_001	1
Q000300	0	C002489_fr_002	1
Q000300	0	C002489_fr_003	1
Q000300	0	C002489_fr_004	1
Q000301	0	C003334_fr_000	1
Q000301	0	C003334_fr_001	1
Q000301	0	C003334_fr_002	1
Q000301	0	C003334_fr_003	1
Q000301	0	C003334_fr_004	1
Q000301	0	C003334_fr_005	1
Q000301	0	C003334_fr_006	1
Q000301	0	C003334_fr_007	1
Q000301	0	C003334_fr_008	1
Q000302	0	C002178_fr_000	1
Q000302	0	C002178_fr_001	1
Q000302	0	C002178_fr_002	1
Q000303	0	C000791_fr_000	1
Q000303	0	C000791_fr_001	1
Q000303	0	C000791_fr_002	1
Q000303	0	C000791_fr_003	1
Q000303	0	C000791_fr_004	1
Q000303	0	C000791_fr_005	1
Q000303	0	C000791_fr_006	1
Q000303	0	C000791_fr_007	1
Q000303	0	C000791_fr_008	1
Q000303	0	C000791_fr_009	1
Q000303	0	C000791_fr_010	1
Q000303	0	C000791_fr_011	1
Q000303	0	C000791_fr_012	1
Q000303	0	C000791_fr_013	1
Q000303	0	C000791_fr_014	1
Q000304	0	C003467_fr_000	1
Q000304	0	C003467_fr_001	1
Q000304	0	C003467_fr_002	1
Q000304	0	C003467_fr_003	1
Q000304	0	C003467_fr_004	1
Q000304	0	C003467_fr_005	1
Q000304	0	C003467_fr_006	1
Q000305	0	C002048_fr_000	1
Q000305	0	C002048_fr_001	1
Q000305	0	C002048_fr_002	1
Q000306	0	C002757_fr_000	1
Q000306	0	C002757_fr_001	1
Q000306	0	C002757_fr_002	1
Q000307	0	C002979_fr_000	1
Q000307	0	C002979_fr_001	1
Q000307	0	C002979_fr_002	1
Q000307	0	C002979_fr_003	1
Q000307	0	C002979_fr_004	1
Q000307	0	C002979_fr_005	1
Q000307	0	C002979_fr_006	1
Q000307	0	C002979_fr_007	1
Q000307	0	C002979_fr_008	1
Q000308	0	C001202_fr_000	1
Q000308	0	C001202_fr_001	1
Q000308	0	C001202_fr_002	1
Q000308	0	C001202_fr_003	1
Q000308	0	C001202_fr_004	1
Q000309	0	C002436_fr_000	1
Q000309	0	C002436_fr_001	1
Q000309	0	C002436_fr_002	1
Q000309	0	C002436_fr_003	1
Q000309	0	C002436_fr_004	1
Q000309	0	C002436_fr_005	1
Q000309	0	C002436_fr_006	1
Q000309	0	C002436_fr_007	1
Q000309	0	C002436_fr_008	1
Q000310	0	C002780_fr_000	1
Q000310	0	C002780_fr_001	1
Q000310	0	C002780_fr_002	1
Q000310	0	C002780_fr_003	1
Q000310	0	C002780_fr_004	1
Q000310	0	C002780_fr_005	1
Q000311	0	C000836_fr_000	1
Q000311	0	C000836_fr_001	1
Q000311	0	C000836_fr_002	1
Q000312	0	C003477_fr_000	1
Q000312	0	C003477_fr_001	1
Q000312	0	C003477_fr_002	1
Q000312	0	C003477_fr_003	1
Q000312	0	C003477_fr_004	1
Q000312	0	C003477_fr_005	1
Q000313	0	C003406_fr_000	1
Q000313	0	C003406_fr_001	1
Q000313	0	C003406_fr_002	1
Q000313	0	C003406_fr_003	1
Q000313	0	C003406_fr_004	1
Q000313	0	C003406_fr_005	1
Q000313	0	C003406_fr_006	1
Q000313	0	C003406_fr_007	1
Q000313	0	C003406_fr_008	1
Q000313	0	C003406_fr_009	1
Q000313	0	C003406_fr_010	1
Q000313	0	C003406_fr_011	1
Q000314	0	C000827_fr_000	1
Q000314	0	C000827_fr_001	1
Q000314	0	C000827_fr_002	1
Q000314	0	C000827_fr_003	1
Q000314	0	C000827_fr_004	1
Q000314	0	C000827_fr_005	1
Q000314	0	C000827_fr_006	1
Q000315	0	C001159_fr_000	1
Q000315	0	C001159_fr_001	1
Q000316	0	C001168_fr_000	1
Q000316	0	C001168_fr_001	1
Q000316	0	C001168_fr_002	1
Q000317	0	C003463_fr_000	1
Q000317	0	C003463_fr_001	1
Q000317	0	C003463_fr_002	1
Q000317	0	C003463_fr_003	1
Q000317	0	C003463_fr_004	1
Q000318	0	C000679_fr_000	1
Q000318	0	C000679_fr_001	1
Q000318	0	C000679_fr_002	1
Q000319	0	C002138_fr_000	1
Q000319	0	C002138_fr_001	1
Q000319	0	C002138_fr_002	1
Q000320	0	C002390_fr_000	1
Q000320	0	C002390_fr_001	1
Q000320	0	C002390_fr_002	1
Q000321	0	C001276_fr_000	1
Q000321	0	C001276_fr_001	1
Q000321	0	C001276_fr_002	1
Q000322	0	C003258_fr_000	1
Q000322	0	C003258_fr_001	1
Q000322	0	C003258_fr_002	1
Q000322	0	C003258_fr_003	1
Q000322	0	C003258_fr_004	1
Q000322	0	C003258_fr_005	1
Q000322	0	C003258_fr_006	1
Q000322	0	C003258_fr_007	1
Q000322	0	C003258_fr_008	1
Q000322	0	C003258_fr_009	1
Q000322	0	C003258_fr_010	1
Q000322	0	C003258_fr_011	1
Q000322	0	C003258_fr_012	1
Q000322	0	C003258_fr_013	1
Q000323	0	C003204_fr_000	1
Q000323	0	C003204_fr_001	1
Q000323	0	C003204_fr_002	1
Q000323	0	C003204_fr_003	1
Q000323	0	C003204_fr_004	1
Q000324	0	C002398_fr_000	1
Q000324	0	C002398_fr_001	1
Q000324	0	C002398_fr_002	1
Q000324	0	C002398_fr_003	1
Q000324	0	C002398_fr_004	1
Q000324	0	C002398_fr_005	1
Q000324	0	C002398_fr_006	1
Q000324	0	C002398_fr_007	1
Q000325	0	C000681_fr_000	1
Q000325	0	C000681_fr_001	1
Q000325	0	C000681_fr_002	1
Q000325	0	C000681_fr_003	1
Q000325	0	C000681_fr_004	1
Q000325	0	C000681_fr_005	1
Q000325	0	C000681_fr_006	1
Q000326	0	C002648_fr_000	1
Q000326	0	C002648_fr_001	1
Q000326	0	C002648_fr_002	1
Q000326	0	C002648_fr_003	1
Q000326	0	C002648_fr_004	1
Q000326	0	C002648_fr_005	1
Q000327	0	C000924_fr_000	1
Q000327	0	C000924_fr_001	1
Q000327	0	C000924_fr_002	1
Q000327	0	C000924_fr_003	1
Q000327	0	C000924_fr_004	1
Q000328	0	C002699_fr_000	1
Q000328	0	C002699_fr_001	1
Q000328	0	C002699_fr_002	1
