Q000001	0	C000015_hu_000	1
Q000002	0	C000017_hu_000	1
Q000003	0	C003363_hu_000	1
Q000003	0	C003363_hu_001	1
Q000003	0	C003363_hu_002	1
Q000003	0	C003363_hu_003	1
Q000003	0	C003363_hu_004	1
Q000003	0	C003363_hu_005	1
Q000003	0	C003363_hu_006	1
Q000003	0	C003363_hu_007	1
Q000003	0	C003363_hu_008	1
Q000003	0	C003363_hu_009	1
Q000003	0	C003363_hu_010	1
Q000003	0	C003363_hu_011	1
Q000003	0	C003363_hu_012	1
Q000003	0	C003363_hu_013	1
Q000003	0	C003363_hu_014	1
Q000003	0	C003363_hu_015	1
Q000003	0	C003363_hu_016	1
Q000003	0	C003363_hu_017	1
Q000003	0	C003363_hu_018	1
Q000003	0	C003363_hu_019	1
Q000003	0	C003363_hu_020	1
Q000004	0	C001442_hu_000	1
Q000004	0	C001442_hu_001	1
Q000004	0	C001442_hu_002	1
Q000005	0	C000035_hu_000	1
Q000006	0	C000037_hu_000	1
Q000007	0	C000038_hu_000	1
Q000008	0	C000040_hu_000	1
Q000009	0	C000047_hu_000	1
Q000010	0	C002912_hu_000	1
Q000010	0	C002912_hu_001	1
Q000010	0	C002912_hu_002	1
Q000010	0	C002912_hu_003	1
Q000010	0	C002912_hu_004	1
Q000010	0	C002912_hu_005	1
Q000010	0	C002912_hu_006	1
Q000011	0	C000044_hu_000	1
Q000012	0	C001498_hu_000	1
Q000012	0	C001498_hu_001	1
Q000012	0	C001498_hu_002	1
Q000012	0	C001498_hu_003	1
Q000013	0	C000046_hu_000	1
Q000014	0	C001621_hu_000	1
Q000014	0	C001621_hu_001	1
Q000014	0	C001621_hu_002	1
Q000014	0	C001621_hu_003	1
Q000015	0	C000052_hu_000	1
Q000016	0	C000054_hu_000	1
Q000017	0	C000056_hu_000	1
Q000018	0	C000023_hu_000	1
Q000019	0	C000029_hu_000	1
Q000020	0	C000027_hu_000	1
Q000021	0	C000028_hu_000	1
Q000022	0	C000025_hu_000	1
Q000023	0	C000672_hu_000	1
Q000023	0	C000672_hu_001	1
Q000023	0	C000672_hu_002	1
Q000023	0	C000672_hu_003	1
Q000023	0	C000672_hu_004	1
Q000023	0	C000672_hu_005	1
Q000023	0	C000672_hu_006	1
Q000023	0	C000672_hu_007	1
Q000023	0	C000672_hu_008	1
Q000024	0	C002303_hu_000	1
Q000024	0	C002303_hu_001	1
Q000024	0	C002303_hu_002	1
Q000024	0	C002303_hu_003	1
Q000024	0	C002303_hu_004	1
Q000025	0	C003150_hu_000	1
Q000025	0	C003150_hu_001	1
Q000025	0	C003150_hu_002	1
Q000025	0	C003150_hu_003	1
Q000025	0	C003150_hu_004	1
Q000025	0	C003150_hu_005	1
Q000025	0	C003150_hu_006	1
Q000025	0	C003150_hu_007	1
Q000025	0	C003150_hu_008	1
Q000026	0	C003354_hu_000	1
Q000026	0	C003354_hu_001	1
Q000026	0	C003354_hu_002	1
Q000026	0	C003354_hu_003	1
Q000026	0	C003354_hu_004	1
Q000026	0	C003354_hu_005	1
Q000027	0	C001665_hu_000	1
Q000027	0	C001665_hu_001	1
Q000028	0	C002233_hu_000	1
Q000028	0	C002233_hu_001	1
Q000028	0	C002233_hu_002	1
Q000028	0	C002233_hu_003	1
Q000028	0	C002233_hu_004	1
Q000028	0	C002233_hu_005	1
Q000028	0	C002233_hu_006	1
Q000029	0	C001569_hu_000	1
Q000029	0	C001569_hu_001	1
Q000029	0	C001569_hu_002	1
Q000029	0	C001569_hu_003	1
Q000029	0	C001569_hu_004	1
Q000029	0	C001569_hu_005	1
Q000029	0	C001569_hu_006	1
Q000030	0	C003155_hu_000	1
Q000030	0	C003155_hu_001	1
Q000030	0	C003155_hu_002	1
Q000031	0	C001442_hu_000	1
Q000031	0	C001442_hu_001	1
Q000031	0	C001442_hu_002	1
Q000032	0	C003494_hu_000	1
Q000032	0	C003494_hu_001	1
Q000032	0	C003494_hu_002	1
Q000033	0	C001600_hu_000	1
Q000033	0	C001600_hu_001	1
Q000033	0	C001600_hu_002	1
Q000033	0	C001600_hu_003	1
Q000033	0	C001600_hu_004	1
Q000033	0	C001600_hu_005	1
Q000034	0	C000088_hu_000	1
Q000035	0	C000089_hu_000	1
Q000036	0	C001213_hu_000	1
Q000037	0	C003406_hu_000	1
Q000037	0	C003406_hu_001	1
Q000037	0	C003406_hu_002	1
Q000037	0	C003406_hu_003	1
Q000038	0	C000149_hu_000	1
Q000039	0	C000150_hu_000	1
Q000040	0	C000151_hu_000	1
Q000041	0	C002322_hu_000	1
Q000041	0	C002322_hu_001	1
Q000041	0	C002322_hu_002	1
Q000041	0	C002322_hu_003	1
Q000041	0	C002322_hu_004	1
Q000041	0	C002322_hu_005	1
Q000042	0	C000154_hu_000	1
Q000043	0	C000155_hu_000	1
Q000044	0	C000156_hu_000	1
Q000045	0	C002143_hu_000	1
Q000045	0	C002143_hu_001	1
Q000045	0	C002143_hu_002	1
Q000045	0	C002143_hu_003	1
Q000045	0	C002143_hu_004	1
Q000045	0	C002143_hu_005	1
Q000045	0	C002143_hu_006	1
Q000045	0	C002143_hu_007	1
Q000045	0	C002143_hu_008	1
Q000045	0	C002143_hu_009	1
Q000045	0	C002143_hu_010	1
Q000045	0	C002143_hu_011	1
Q000045	0	C002143_hu_012	1
Q000045	0	C002143_hu_013	1
Q000045	0	C002143_hu_014	1
Q000045	0	C002143_hu_015	1
Q000045	0	C002143_hu_016	1
Q000045	0	C002143_hu_017	1
Q000045	0	C002143_hu_018	1
Q000045	0	C002143_hu_019	1
Q000045	0	C002143_hu_020	1
Q000045	0	C002143_hu_021	1
Q000045	0	C002143_hu_022	1
Q000046	0	C001668_hu_000	1
Q000046	0	C001668_hu_001	1
Q000046	0	C001668_hu_002	1
Q000046	0	C001668_hu_003	1
Q000047	0	C000063_hu_000	1
Q000048	0	C002964_hu_000	1
Q000048	0	C002964_hu_001	1
Q000048	0	C002964_hu_002	1
Q000048	0	C002964_hu_003	1
Q000048	0	C002964_hu_004	1
Q000048	0	C002964_hu_005	1
Q000048	0	C002964_hu_006	1
Q000048	0	C002964_hu_007	1
Q000048	0	C002964_hu_008	1
Q000048	0	C002964_hu_009	1
Q000048	0	C002964_hu_010	1
Q000048	0	C002964_hu_011	1
Q000048	0	C002964_hu_012	1
Q000048	0	C002964_hu_013	1
Q000048	0	C002964_hu_014	1
Q000048	0	C002964_hu_015	1
Q000048	0	C002964_hu_016	1
Q000048	0	C002964_hu_017	1
Q000048	0	C002964_hu_018	1
Q000048	0	C002964_hu_019	1
Q000048	0	C002964_hu_020	1
Q000048	0	C002964_hu_021	1
Q000049	0	C001985_hu_000	1
Q000049	0	C001985_hu_001	1
Q000049	0	C001985_hu_002	1
Q000050	0	C000070_hu_000	1
Q000051	0	C000092_hu_000	1
Q000052	0	C002481_hu_000	1
Q000052	0	C002481_hu_001	1
Q000052	0	C002481_hu_002	1
Q000052	0	C002481_hu_003	1
Q000052	0	C002481_hu_004	1
Q000052	0	C002481_hu_005	1
Q000052	0	C002481_hu_006	1
Q000052	0	C002481_hu_007	1
Q000052	0	C002481_hu_008	1
Q000052	0	C002481_hu_009	1
Q000052	0	C002481_hu_010	1
Q000052	0	C002481_hu_011	1
Q000052	0	C002481_hu_012	1
Q000052	0	C002481_hu_013	1
Q000052	0	C002481_hu_014	1
Q000052	0	C002481_hu_015	1
Q000052	0	C002481_hu_016	1
Q000052	0	C002481_hu_017	1
Q000052	0	C002481_hu_018	1
Q000052	0	C002481_hu_019	1
Q000052	0	C002481_hu_020	1
Q000052	0	C002481_hu_021	1
Q000052	0	C002481_hu_022	1
Q000052	0	C002481_hu_023	1
Q000052	0	C002481_hu_024	1
Q000052	0	C002481_hu_025	1
Q000052	0	C002481_hu_026	1
Q000052	0	C002481_hu_027	1
Q000052	0	C002481_hu_028	1
Q000052	0	C002481_hu_029	1
Q000052	0	C002481_hu_030	1
Q000052	0	C002481_hu_031	1
Q000052	0	C002481_hu_032	1
Q000052	0	C002481_hu_033	1
Q000052	0	C002481_hu_034	1
Q000052	0	C002481_hu_035	1
Q000052	0	C002481_hu_036	1
Q000052	0	C002481_hu_037	1
Q000052	0	C002481_hu_038	1
Q000052	0	C002481_hu_039	1
Q000052	0	C002481_hu_040	1
Q000052	0	C002481_hu_041	1
Q000052	0	C002481_hu_042	1
Q000052	0	C002481_hu_043	1
Q000052	0	C002481_hu_044	1
Q000052	0	C002481_hu_045	1
Q000052	0	C002481_hu_046	1
Q000052	0	C002481_hu_047	1
Q000052	0	C002481_hu_048	1
Q000052	0	C002481_hu_049	1
Q000052	0	C002481_hu_050	1
Q000052	0	C002481_hu_051	1
Q000052	0	C002481_hu_052	1
Q000052	0	C002481_hu_053	1
Q000052	0	C002481_hu_054	1
Q000052	0	C002481_hu_055	1
Q000053	0	C002106_hu_000	1
Q000053	0	C002106_hu_001	1
Q000053	0	C002106_hu_002	1
Q000053	0	C002106_hu_003	1
Q000054	0	C000106_hu_000	1
Q000055	0	C002894_hu_000	1
Q000055	0	C002894_hu_001	1
Q000055	0	C002894_hu_002	1
Q000055	0	C002894_hu_003	1
Q000055	0	C002894_hu_004	1
Q000055	0	C002894_hu_005	1
Q000055	0	C002894_hu_006	1
Q000055	0	C002894_hu_007	1
Q000056	0	C002277_hu_000	1
Q000056	0	C002277_hu_001	1
Q000056	0	C002277_hu_002	1
Q000056	0	C002277_hu_003	1
Q000056	0	C002277_hu_004	1
Q000056	0	C002277_hu_005	1
Q000056	0	C002277_hu_006	1
Q000056	0	C002277_hu_007	1
Q000056	0	C002277_hu_008	1
Q000056	0	C002277_hu_009	1
Q000056	0	C002277_hu_010	1
Q000057	0	C000107_hu_000	1
Q000058	0	C000233_hu_000	1
Q000059	0	C000762_hu_000	1
Q000059	0	C000762_hu_001	1
Q000059	0	C000762_hu_002	1
Q000059	0	C000762_hu_003	1
Q000060	0	C000109_hu_000	1
Q000061	0	C000098_hu_000	1
Q000062	0	C000111_hu_000	1
Q000063	0	C000095_hu_000	1
Q000064	0	C002394_hu_000	1
Q000064	0	C002394_hu_001	1
Q000064	0	C002394_hu_002	1
Q000064	0	C002394_hu_003	1
Q000064	0	C002394_hu_004	1
Q000064	0	C002394_hu_005	1
Q000064	0	C002394_hu_006	1
Q000064	0	C002394_hu_007	1
Q000064	0	C002394_hu_008	1
Q000064	0	C002394_hu_009	1
Q000064	0	C002394_hu_010	1
Q000065	0	C003346_hu_000	1
Q000065	0	C003346_hu_001	1
Q000065	0	C003346_hu_002	1
Q000065	0	C003346_hu_003	1
Q000065	0	C003346_hu_004	1
Q000066	0	C002954_hu_000	1
Q000066	0	C002954_hu_001	1
Q000066	0	C002954_hu_002	1
Q000066	0	C002954_hu_003	1
Q000067	0	C000114_hu_000	1
Q000068	0	C001754_hu_000	1
Q000069	0	C000116_hu_000	1
Q000070	0	C000120_hu_000	1
Q000071	0	C000121_hu_000	1
Q000072	0	C002423_hu_000	1
Q000072	0	C002423_hu_001	1
Q000072	0	C002423_hu_002	1
Q000072	0	C002423_hu_003	1
Q000073	0	C000825_hu_000	1
Q000073	0	C000825_hu_001	1
Q000073	0	C000825_hu_002	1
Q000073	0	C000825_hu_003	1
Q000073	0	C000825_hu_004	1
Q000073	0	C000825_hu_005	1
Q000074	0	C000123_hu_000	1
Q000075	0	C002412_hu_000	1
Q000075	0	C002412_hu_001	1
Q000075	0	C002412_hu_002	1
Q000075	0	C002412_hu_003	1
Q000076	0	C003402_hu_000	1
Q000076	0	C003402_hu_001	1
Q000076	0	C003402_hu_002	1
Q000076	0	C003402_hu_003	1
Q000076	0	C003402_hu_004	1
Q000076	0	C003402_hu_005	1
Q000077	0	C000127_hu_000	1
Q000078	0	C000128_hu_000	1
Q000079	0	C000129_hu_000	1
Q000080	0	C000133_hu_000	1
Q000081	0	C001695_hu_000	1
Q000081	0	C001695_hu_001	1
Q000081	0	C001695_hu_002	1
Q000081	0	C001695_hu_003	1
Q000082	0	C002516_hu_000	1
Q000083	0	C000136_hu_000	1
Q000084	0	C000137_hu_000	1
Q000085	0	C003110_hu_000	1
Q000085	0	C003110_hu_001	1
Q000085	0	C003110_hu_002	1
Q000085	0	C003110_hu_003	1
Q000085	0	C003110_hu_004	1
Q000085	0	C003110_hu_005	1
Q000085	0	C003110_hu_006	1
Q000085	0	C003110_hu_007	1
Q000085	0	C003110_hu_008	1
Q000085	0	C003110_hu_009	1
Q000085	0	C003110_hu_010	1
Q000085	0	C003110_hu_011	1
Q000085	0	C003110_hu_012	1
Q000085	0	C003110_hu_013	1
Q000086	0	C000139_hu_000	1
Q000087	0	C002433_hu_000	1
Q000087	0	C002433_hu_001	1
Q000087	0	C002433_hu_002	1
Q000087	0	C002433_hu_003	1
Q000088	0	C000143_hu_000	1
Q000089	0	C000144_hu_000	1
Q000090	0	C001221_hu_000	1
Q000090	0	C001221_hu_001	1
Q000090	0	C001221_hu_002	1
Q000090	0	C001221_hu_003	1
Q000090	0	C001221_hu_004	1
Q000090	0	C001221_hu_005	1
Q000091	0	C002665_hu_000	1
Q000091	0	C002665_hu_001	1
Q000091	0	C002665_hu_002	1
Q000091	0	C002665_hu_003	1
Q000091	0	C002665_hu_004	1
Q000092	0	C000723_hu_000	1
Q000092	0	C000723_hu_001	1
Q000092	0	C000723_hu_002	1
Q000092	0	C000723_hu_003	1
Q000092	0	C000723_hu_004	1
Q000093	0	C003088_hu_000	1
Q000094	0	C002418_hu_000	1
Q000094	0	C002418_hu_001	1
Q000094	0	C002418_hu_002	1
Q000094	0	C002418_hu_003	1
Q000094	0	C002418_hu_004	1
Q000094	0	C002418_hu_005	1
Q000094	0	C002418_hu_006	1
Q000094	0	C002418_hu_007	1
Q000094	0	C002418_hu_008	1
Q000094	0	C002418_hu_009	1
Q000094	0	C002418_hu_010	1
Q000094	0	C002418_hu_011	1
Q000094	0	C002418_hu_012	1
Q000094	0	C002418_hu_013	1
Q000094	0	C002418_hu_014	1
Q000094	0	C002418_hu_015	1
Q000094	0	C002418_hu_016	1
Q000094	0	C002418_hu_017	1
Q000094	0	C002418_hu_018	1
Q000094	0	C002418_hu_019	1
Q000094	0	C002418_hu_020	1
Q000094	0	C002418_hu_021	1
Q000094	0	C002418_hu_022	1
Q000094	0	C002418_hu_023	1
Q000094	0	C002418_hu_024	1
Q000094	0	C002418_hu_025	1
Q000094	0	C002418_hu_026	1
Q000095	0	C002971_hu_000	1
Q000095	0	C002971_hu_001	1
Q000095	0	C002971_hu_002	1
Q000095	0	C002971_hu_003	1
Q000096	0	C000779_hu_000	1
Q000096	0	C000779_hu_001	1
Q000096	0	C000779_hu_002	1
Q000096	0	C000779_hu_003	1
Q000096	0	C000779_hu_004	1
Q000096	0	C000779_hu_005	1
Q000096	0	C000779_hu_006	1
Q000097	0	C002666_hu_000	1
Q000097	0	C002666_hu_001	1
Q000097	0	C002666_hu_002	1
Q000097	0	C002666_hu_003	1
Q000097	0	C002666_hu_004	1
Q000097	0	C002666_hu_005	1
Q000097	0	C002666_hu_006	1
Q000097	0	C002666_hu_007	1
Q000097	0	C002666_hu_008	1
Q000097	0	C002666_hu_009	1
Q000097	0	C002666_hu_010	1
Q000097	0	C002666_hu_011	1
Q000097	0	C002666_hu_012	1
Q000097	0	C002666_hu_013	1
Q000097	0	C002666_hu_014	1
Q000098	0	C002451_hu_000	1
Q000098	0	C002451_hu_001	1
Q000098	0	C002451_hu_002	1
Q000098	0	C002451_hu_003	1
Q000098	0	C002451_hu_004	1
Q000098	0	C002451_hu_005	1
Q000098	0	C002451_hu_006	1
Q000098	0	C002451_hu_007	1
Q000099	0	C002661_hu_000	1
Q000099	0	C002661_hu_001	1
Q000099	0	C002661_hu_002	1
Q000099	0	C002661_hu_003	1
Q000099	0	C002661_hu_004	1
Q000099	0	C002661_hu_005	1
Q000099	0	C002661_hu_006	1
Q000099	0	C002661_hu_007	1
Q000099	0	C002661_hu_008	1
Q000099	0	C002661_hu_009	1
Q000099	0	C002661_hu_010	1
Q000099	0	C002661_hu_011	1
Q000099	0	C002661_hu_012	1
Q000099	0	C002661_hu_013	1
Q000099	0	C002661_hu_014	1
Q000099	0	C002661_hu_015	1
Q000099	0	C002661_hu_016	1
Q000099	0	C002661_hu_017	1
Q000099	0	C002661_hu_018	1
Q000100	0	C000844_hu_000	1
Q000100	0	C000844_hu_001	1
Q000100	0	C000844_hu_002	1
Q000100	0	C000844_hu_003	1
Q000100	0	C000844_hu_004	1
Q000100	0	C000844_hu_005	1
Q000100	0	C000844_hu_006	1
Q000100	0	C000844_hu_007	1
Q000100	0	C000844_hu_008	1
Q000100	0	C000844_hu_009	1
Q000101	0	C001054_hu_000	1
Q000101	0	C001054_hu_001	1
Q000101	0	C001054_hu_002	1
Q000101	0	C001054_hu_003	1
Q000101	0	C001054_hu_004	1
Q000101	0	C001054_hu_005	1
Q000101	0	C001054_hu_006	1
Q000101	0	C001054_hu_007	1
Q000101	0	C001054_hu_008	1
Q000101	0	C001054_hu_009	1
Q000101	0	C001054_hu_010	1
Q000101	0	C001054_hu_011	1
Q000101	0	C001054_hu_012	1
Q000101	0	C001054_hu_013	1
Q000101	0	C001054_hu_014	1
Q000101	0	C001054_hu_015	1
Q000101	0	C001054_hu_016	1
Q000101	0	C001054_hu_017	1
Q000102	0	C001611_hu_000	1
Q000102	0	C001611_hu_001	1
Q000102	0	C001611_hu_002	1
Q000102	0	C001611_hu_003	1
Q000102	0	C001611_hu_004	1
Q000103	0	C001781_hu_000	1
Q000103	0	C001781_hu_001	1
Q000103	0	C001781_hu_002	1
Q000103	0	C001781_hu_003	1
Q000103	0	C001781_hu_004	1
Q000103	0	C001781_hu_005	1
Q000103	0	C001781_hu_006	1
Q000103	0	C001781_hu_007	1
Q000103	0	C001781_hu_008	1
Q000104	0	C003269_hu_000	1
Q000104	0	C003269_hu_001	1
Q000104	0	C003269_hu_002	1
Q000105	0	C002586_hu_000	1
Q000105	0	C002586_hu_001	1
Q000105	0	C002586_hu_002	1
Q000105	0	C002586_hu_003	1
Q000105	0	C002586_hu_004	1
Q000106	0	C001525_hu_000	1
Q000106	0	C001525_hu_001	1
Q000106	0	C001525_hu_002	1
Q000106	0	C001525_hu_003	1
Q000106	0	C001525_hu_004	1
Q000106	0	C001525_hu_005	1
Q000106	0	C001525_hu_006	1
Q000106	0	C001525_hu_007	1
Q000107	0	C000174_hu_000	1
Q000108	0	C002701_hu_000	1
Q000108	0	C002701_hu_001	1
Q000108	0	C002701_hu_002	1
Q000108	0	C002701_hu_003	1
Q000108	0	C002701_hu_004	1
Q000108	0	C002701_hu_005	1
Q000108	0	C002701_hu_006	1
Q000109	0	C000177_hu_000	1
Q000110	0	C003082_hu_000	1
Q000110	0	C003082_hu_001	1
Q000111	0	C002130_hu_000	1
Q000111	0	C002130_hu_001	1
Q000111	0	C002130_hu_002	1
Q000111	0	C002130_hu_003	1
Q000111	0	C002130_hu_004	1
Q000111	0	C002130_hu_005	1
Q000111	0	C002130_hu_006	1
Q000112	0	C000180_hu_000	1
Q000113	0	C000181_hu_000	1
Q000114	0	C000179_hu_000	1
Q000115	0	C001039_hu_000	1
Q000115	0	C001039_hu_001	1
Q000115	0	C001039_hu_002	1
Q000115	0	C001039_hu_003	1
Q000115	0	C001039_hu_004	1
Q000115	0	C001039_hu_005	1
Q000115	0	C001039_hu_006	1
Q000115	0	C001039_hu_007	1
Q000115	0	C001039_hu_008	1
Q000115	0	C001039_hu_009	1
Q000115	0	C001039_hu_010	1
Q000115	0	C001039_hu_011	1
Q000115	0	C001039_hu_012	1
Q000115	0	C001039_hu_013	1
Q000115	0	C001039_hu_014	1
Q000115	0	C001039_hu_015	1
Q000115	0	C001039_hu_016	1
Q000115	0	C001039_hu_017	1
Q000115	0	C001039_hu_018	1
Q000115	0	C001039_hu_019	1
Q000115	0	C001039_hu_020	1
Q000115	0	C001039_hu_021	1
Q000115	0	C001039_hu_022	1
Q000115	0	C001039_hu_023	1
Q000115	0	C001039_hu_024	1
Q000115	0	C001039_hu_025	1
Q000115	0	C001039_hu_026	1
Q000115	0	C001039_hu_027	1
Q000115	0	C001039_hu_028	1
Q000115	0	C001039_hu_029	1
Q000115	0	C001039_hu_030	1
Q000115	0	C001039_hu_031	1
Q000115	0	C001039_hu_032	1
Q000115	0	C001039_hu_033	1
Q000115	0	C001039_hu_034	1
Q000115	0	C001039_hu_035	1
Q000115	0	C001039_hu_036	1
Q000115	0	C001039_hu_037	1
Q000115	0	C001039_hu_038	1
Q000115	0	C001039_hu_039	1
Q000115	0	C001039_hu_040	1
Q000115	0	C001039_hu_041	1
Q000115	0	C001039_hu_042	1
Q000115	0	C001039_hu_043	1
Q000115	0	C001039_hu_044	1
Q000115	0	C001039_hu_045	1
Q000115	0	C001039_hu_046	1
Q000115	0	C001039_hu_047	1
Q000115	0	C001039_hu_048	1
Q000116	0	C002572_hu_000	1
Q000116	0	C002572_hu_001	1
Q000116	0	C002572_hu_002	1
Q000116	0	C002572_hu_003	1
Q000116	0	C002572_hu_004	1
Q000116	0	C002572_hu_005	1
Q000116	0	C002572_hu_006	1
Q000116	0	C002572_hu_007	1
Q000116	0	C002572_hu_008	1
Q000116	0	C002572_hu_009	1
Q000116	0	C002572_hu_010	1
Q000116	0	C002572_hu_011	1
Q000116	0	C002572_hu_012	1
Q000116	0	C002572_hu_013	1
Q000116	0	C002572_hu_014	1
Q000116	0	C002572_hu_015	1
Q000116	0	C002572_hu_016	1
Q000116	0	C002572_hu_017	1
Q000116	0	C002572_hu_018	1
Q000116	0	C002572_hu_019	1
Q000116	0	C002572_hu_020	1
Q000116	0	C002572_hu_021	1
Q000116	0	C002572_hu_022	1
Q000116	0	C002572_hu_023	1
Q000116	0	C002572_hu_024	1
Q000116	0	C002572_hu_025	1
Q000116	0	C002572_hu_026	1
Q000116	0	C002572_hu_027	1
Q000116	0	C002572_hu_028	1
Q000117	0	C002451_hu_000	1
Q000117	0	C002451_hu_001	1
Q000117	0	C002451_hu_002	1
Q000117	0	C002451_hu_003	1
Q000117	0	C002451_hu_004	1
Q000117	0	C002451_hu_005	1
Q000117	0	C002451_hu_006	1
Q000117	0	C002451_hu_007	1
Q000118	0	C000193_hu_000	1
Q000119	0	C002849_hu_000	1
Q000119	0	C002849_hu_001	1
Q000119	0	C002849_hu_002	1
Q000120	0	C000192_hu_000	1
Q000121	0	C000189_hu_000	1
Q000122	0	C001003_hu_000	1
Q000122	0	C001003_hu_001	1
Q000122	0	C001003_hu_002	1
Q000122	0	C001003_hu_003	1
Q000122	0	C001003_hu_004	1
Q000122	0	C001003_hu_005	1
Q000122	0	C001003_hu_006	1
Q000122	0	C001003_hu_007	1
Q000123	0	C000210_hu_000	1
Q000124	0	C001803_hu_000	1
Q000124	0	C001803_hu_001	1
Q000124	0	C001803_hu_002	1
Q000124	0	C001803_hu_003	1
Q000125	0	C002211_hu_000	1
Q000125	0	C002211_hu_001	1
Q000125	0	C002211_hu_002	1
Q000126	0	C002054_hu_000	1
Q000126	0	C002054_hu_001	1
Q000126	0	C002054_hu_002	1
Q000126	0	C002054_hu_003	1
Q000126	0	C002054_hu_004	1
Q000127	0	C002413_hu_000	1
Q000127	0	C002413_hu_001	1
Q000127	0	C002413_hu_002	1
Q000128	0	C001376_hu_000	1
Q000128	0	C001376_hu_001	1
Q000128	0	C001376_hu_002	1
Q000128	0	C001376_hu_003	1
Q000129	0	C001827_hu_000	1
Q000129	0	C001827_hu_001	1
Q000129	0	C001827_hu_002	1
Q000129	0	C001827_hu_003	1
Q000130	0	C003202_hu_000	1
Q000130	0	C003202_hu_001	1
Q000130	0	C003202_hu_002	1
Q000130	0	C003202_hu_003	1
Q000130	0	C003202_hu_004	1
Q000131	0	C001277_hu_000	1
Q000131	0	C001277_hu_001	1
Q000131	0	C001277_hu_002	1
Q000132	0	C000293_hu_000	1
Q000133	0	C000201_hu_000	1
Q000134	0	C000202_hu_000	1
Q000135	0	C000203_hu_000	1
Q000136	0	C000204_hu_000	1
Q000137	0	C000205_hu_000	1
Q000138	0	C000206_hu_000	1
Q000139	0	C002728_hu_000	1
Q000139	0	C002728_hu_001	1
Q000139	0	C002728_hu_002	1
Q000139	0	C002728_hu_003	1
Q000139	0	C002728_hu_004	1
Q000139	0	C002728_hu_005	1
Q000140	0	C000212_hu_000	1
Q000141	0	C002463_hu_000	1
Q000141	0	C002463_hu_001	1
Q000141	0	C002463_hu_002	1
Q000141	0	C002463_hu_003	1
Q000141	0	C002463_hu_004	1
Q000141	0	C002463_hu_005	1
Q000141	0	C002463_hu_006	1
Q000142	0	C001348_hu_000	1
Q000142	0	C001348_hu_001	1
Q000142	0	C001348_hu_002	1
Q000142	0	C001348_hu_003	1
Q000142	0	C001348_hu_004	1
Q000143	0	C000216_hu_000	1
Q000144	0	C000195_hu_000	1
Q000145	0	C000197_hu_000	1
Q000146	0	C000198_hu_000	1
Q000147	0	C000199_hu_000	1
Q000148	0	C001939_hu_000	1
Q000148	0	C001939_hu_001	1
Q000148	0	C001939_hu_002	1
Q000148	0	C001939_hu_003	1
Q000148	0	C001939_hu_004	1
Q000148	0	C001939_hu_005	1
Q000148	0	C001939_hu_006	1
Q000148	0	C001939_hu_007	1
Q000148	0	C001939_hu_008	1
Q000149	0	C000224_hu_000	1
Q000150	0	C001201_hu_000	1
Q000150	0	C001201_hu_001	1
Q000150	0	C001201_hu_002	1
Q000150	0	C001201_hu_003	1
Q000150	0	C001201_hu_004	1
Q000150	0	C001201_hu_005	1
Q000151	0	C000236_hu_000	1
Q000152	0	C000876_hu_000	1
Q000152	0	C000876_hu_001	1
Q000152	0	C000876_hu_002	1
Q000152	0	C000876_hu_003	1
Q000152	0	C000876_hu_004	1
Q000152	0	C000876_hu_005	1
Q000153	0	C000219_hu_000	1
Q000154	0	C000220_hu_000	1
Q000155	0	C002867_hu_000	1
Q000155	0	C002867_hu_001	1
Q000155	0	C002867_hu_002	1
Q000155	0	C002867_hu_003	1
Q000155	0	C002867_hu_004	1
Q000156	0	C000221_hu_000	1
Q000157	0	C000227_hu_000	1
Q000158	0	C000237_hu_000	1
Q000159	0	C000235_hu_000	1
Q000160	0	C002042_hu_000	1
Q000160	0	C002042_hu_001	1
Q000160	0	C002042_hu_002	1
Q000160	0	C002042_hu_003	1
Q000160	0	C002042_hu_004	1
Q000160	0	C002042_hu_005	1
Q000161	0	C002354_hu_000	1
Q000161	0	C002354_hu_001	1
Q000161	0	C002354_hu_002	1
Q000161	0	C002354_hu_003	1
Q000162	0	C001930_hu_000	1
Q000162	0	C001930_hu_001	1
Q000162	0	C001930_hu_002	1
Q000162	0	C001930_hu_003	1
Q000163	0	C000239_hu_000	1
Q000164	0	C001073_hu_000	1
Q000164	0	C001073_hu_001	1
Q000164	0	C001073_hu_002	1
Q000165	0	C002954_hu_000	1
Q000165	0	C002954_hu_001	1
Q000165	0	C002954_hu_002	1
Q000165	0	C002954_hu_003	1
Q000166	0	C000382_hu_000	1
Q000167	0	C002320_hu_000	1
Q000167	0	C002320_hu_001	1
Q000167	0	C002320_hu_002	1
Q000168	0	C000381_hu_000	1
Q000169	0	C002320_hu_000	1
Q000169	0	C002320_hu_001	1
Q000169	0	C002320_hu_002	1
Q000170	0	C002460_hu_000	1
Q000170	0	C002460_hu_001	1
Q000170	0	C002460_hu_002	1
Q000170	0	C002460_hu_003	1
Q000170	0	C002460_hu_004	1
Q000170	0	C002460_hu_005	1
Q000170	0	C002460_hu_006	1
Q000170	0	C002460_hu_007	1
Q000170	0	C002460_hu_008	1
Q000170	0	C002460_hu_009	1
Q000170	0	C002460_hu_010	1
Q000170	0	C002460_hu_011	1
Q000170	0	C002460_hu_012	1
Q000170	0	C002460_hu_013	1
Q000170	0	C002460_hu_014	1
Q000170	0	C002460_hu_015	1
Q000170	0	C002460_hu_016	1
Q000170	0	C002460_hu_017	1
Q000170	0	C002460_hu_018	1
Q000170	0	C002460_hu_019	1
Q000170	0	C002460_hu_020	1
Q000170	0	C002460_hu_021	1
Q000170	0	C002460_hu_022	1
Q000170	0	C002460_hu_023	1
Q000170	0	C002460_hu_024	1
Q000170	0	C002460_hu_025	1
Q000170	0	C002460_hu_026	1
Q000170	0	C002460_hu_027	1
Q000170	0	C002460_hu_028	1
Q000170	0	C002460_hu_029	1
Q000170	0	C002460_hu_030	1
Q000170	0	C002460_hu_031	1
Q000171	0	C001411_hu_000	1
Q000171	0	C001411_hu_001	1
Q000171	0	C001411_hu_002	1
Q000171	0	C001411_hu_003	1
Q000171	0	C001411_hu_004	1
Q000171	0	C001411_hu_005	1
Q000171	0	C001411_hu_006	1
Q000172	0	C001199_hu_000	1
Q000172	0	C001199_hu_001	1
Q000172	0	C001199_hu_002	1
Q000172	0	C001199_hu_003	1
Q000172	0	C001199_hu_004	1
Q000172	0	C001199_hu_005	1
Q000172	0	C001199_hu_006	1
Q000172	0	C001199_hu_007	1
Q000172	0	C001199_hu_008	1
Q000172	0	C001199_hu_009	1
Q000172	0	C001199_hu_010	1
Q000173	0	C001779_hu_000	1
Q000173	0	C001779_hu_001	1
Q000173	0	C001779_hu_002	1
Q000173	0	C001779_hu_003	1
Q000174	0	C002933_hu_000	1
Q000174	0	C002933_hu_001	1
Q000174	0	C002933_hu_002	1
Q000174	0	C002933_hu_003	1
Q000174	0	C002933_hu_004	1
Q000174	0	C002933_hu_005	1
Q000174	0	C002933_hu_006	1
Q000174	0	C002933_hu_007	1
Q000174	0	C002933_hu_008	1
Q000175	0	C000245_hu_000	1
Q000176	0	C000246_hu_000	1
Q000177	0	C001729_hu_000	1
Q000177	0	C001729_hu_001	1
Q000177	0	C001729_hu_002	1
Q000177	0	C001729_hu_003	1
Q000177	0	C001729_hu_004	1
Q000178	0	C001122_hu_000	1
Q000178	0	C001122_hu_001	1
Q000178	0	C001122_hu_002	1
Q000178	0	C001122_hu_003	1
Q000178	0	C001122_hu_004	1
Q000178	0	C001122_hu_005	1
Q000178	0	C001122_hu_006	1
Q000178	0	C001122_hu_007	1
Q000179	0	C000251_hu_000	1
Q000180	0	C001014_hu_000	1
Q000180	0	C001014_hu_001	1
Q000181	0	C002355_hu_000	1
Q000181	0	C002355_hu_001	1
Q000182	0	C001756_hu_000	1
Q000182	0	C001756_hu_001	1
Q000182	0	C001756_hu_002	1
Q000182	0	C001756_hu_003	1
Q000182	0	C001756_hu_004	1
Q000183	0	C002218_hu_000	1
Q000183	0	C002218_hu_001	1
Q000183	0	C002218_hu_002	1
Q000183	0	C002218_hu_003	1
Q000183	0	C002218_hu_004	1
Q000183	0	C002218_hu_005	1
Q000183	0	C002218_hu_006	1
Q000183	0	C002218_hu_007	1
Q000183	0	C002218_hu_008	1
Q000183	0	C002218_hu_009	1
Q000184	0	C000266_hu_000	1
Q000185	0	C000267_hu_000	1
Q000186	0	C000268_hu_000	1
Q000187	0	C001586_hu_000	1
Q000187	0	C001586_hu_001	1
Q000187	0	C001586_hu_002	1
Q000187	0	C001586_hu_003	1
Q000187	0	C001586_hu_004	1
Q000187	0	C001586_hu_005	1
Q000187	0	C001586_hu_006	1
Q000187	0	C001586_hu_007	1
Q000187	0	C001586_hu_008	1
Q000187	0	C001586_hu_009	1
Q000187	0	C001586_hu_010	1
Q000187	0	C001586_hu_011	1
Q000188	0	C000269_hu_000	1
Q000189	0	C000962_hu_000	1
Q000189	0	C000962_hu_001	1
Q000189	0	C000962_hu_002	1
Q000189	0	C000962_hu_003	1
Q000190	0	C001849_hu_000	1
Q000190	0	C001849_hu_001	1
Q000190	0	C001849_hu_002	1
Q000190	0	C001849_hu_003	1
Q000190	0	C001849_hu_004	1
Q000190	0	C001849_hu_005	1
Q000190	0	C001849_hu_006	1
Q000190	0	C001849_hu_007	1
Q000190	0	C001849_hu_008	1
Q000190	0	C001849_hu_009	1
Q000190	0	C001849_hu_010	1
Q000190	0	C001849_hu_011	1
Q000190	0	C001849_hu_012	1
Q000190	0	C001849_hu_013	1
Q000190	0	C001849_hu_014	1
Q000190	0	C001849_hu_015	1
Q000190	0	C001849_hu_016	1
Q000191	0	C000284_hu_000	1
Q000192	0	C001773_hu_000	1
Q000192	0	C001773_hu_001	1
Q000192	0	C001773_hu_002	1
Q000192	0	C001773_hu_003	1
Q000192	0	C001773_hu_004	1
Q000192	0	C001773_hu_005	1
Q000193	0	C000182_hu_000	1
Q000194	0	C000730_hu_000	1
Q000194	0	C000730_hu_001	1
Q000194	0	C000730_hu_002	1
Q000194	0	C000730_hu_003	1
Q000194	0	C000730_hu_004	1
Q000194	0	C000730_hu_005	1
Q000194	0	C000730_hu_006	1
Q000194	0	C000730_hu_007	1
Q000194	0	C000730_hu_008	1
Q000194	0	C000730_hu_009	1
Q000194	0	C000730_hu_010	1
Q000194	0	C000730_hu_011	1
Q000194	0	C000730_hu_012	1
Q000194	0	C000730_hu_013	1
Q000194	0	C000730_hu_014	1
Q000194	0	C000730_hu_015	1
Q000194	0	C000730_hu_016	1
Q000194	0	C000730_hu_017	1
Q000194	0	C000730_hu_018	1
Q000194	0	C000730_hu_019	1
Q000194	0	C000730_hu_020	1
Q000194	0	C000730_hu_021	1
Q000194	0	C000730_hu_022	1
Q000194	0	C000730_hu_023	1
Q000194	0	C000730_hu_024	1
Q000194	0	C000730_hu_025	1
Q000194	0	C000730_hu_026	1
Q000194	0	C000730_hu_027	1
Q000194	0	C000730_hu_028	1
Q000195	0	C000274_hu_000	1
Q000196	0	C001714_hu_000	1
Q000196	0	C001714_hu_001	1
Q000196	0	C001714_hu_002	1
Q000196	0	C001714_hu_003	1
Q000196	0	C001714_hu_004	1
Q000196	0	C001714_hu_005	1
Q000196	0	C001714_hu_006	1
Q000196	0	C001714_hu_007	1
Q000196	0	C001714_hu_008	1
Q000196	0	C001714_hu_009	1
Q000196	0	C001714_hu_010	1
Q000196	0	C001714_hu_011	1
Q000196	0	C001714_hu_012	1
Q000197	0	C000301_hu_000	1
Q000198	0	C000320_hu_000	1
Q000199	0	C002674_hu_000	1
Q000199	0	C002674_hu_001	1
Q000199	0	C002674_hu_002	1
Q000199	0	C002674_hu_003	1
Q000199	0	C002674_hu_004	1
Q000199	0	C002674_hu_005	1
Q000199	0	C002674_hu_006	1
Q000199	0	C002674_hu_007	1
Q000199	0	C002674_hu_008	1
Q000199	0	C002674_hu_009	1
Q000199	0	C002674_hu_010	1
Q000200	0	C000321_hu_000	1
Q000201	0	C000324_hu_000	1
Q000202	0	C001490_hu_000	1
Q000202	0	C001490_hu_001	1
Q000202	0	C001490_hu_002	1
Q000202	0	C001490_hu_003	1
Q000202	0	C001490_hu_004	1
Q000202	0	C001490_hu_005	1
Q000202	0	C001490_hu_006	1
Q000202	0	C001490_hu_007	1
Q000202	0	C001490_hu_008	1
Q000202	0	C001490_hu_009	1
Q000203	0	C003162_hu_000	1
Q000203	0	C003162_hu_001	1
Q000203	0	C003162_hu_002	1
Q000203	0	C003162_hu_003	1
Q000203	0	C003162_hu_004	1
Q000203	0	C003162_hu_005	1
Q000204	0	C000330_hu_000	1
Q000205	0	C002471_hu_000	1
Q000205	0	C002471_hu_001	1
Q000205	0	C002471_hu_002	1
Q000206	0	C000335_hu_000	1
Q000207	0	C001199_hu_000	1
Q000207	0	C001199_hu_001	1
Q000207	0	C001199_hu_002	1
Q000207	0	C001199_hu_003	1
Q000207	0	C001199_hu_004	1
Q000207	0	C001199_hu_005	1
Q000207	0	C001199_hu_006	1
Q000207	0	C001199_hu_007	1
Q000207	0	C001199_hu_008	1
Q000207	0	C001199_hu_009	1
Q000207	0	C001199_hu_010	1
Q000208	0	C000306_hu_000	1
Q000209	0	C000307_hu_000	1
Q000210	0	C001115_hu_000	1
Q000210	0	C001115_hu_001	1
Q000210	0	C001115_hu_002	1
Q000210	0	C001115_hu_003	1
Q000210	0	C001115_hu_004	1
Q000210	0	C001115_hu_005	1
Q000211	0	C003463_hu_000	1
Q000211	0	C003463_hu_001	1
Q000211	0	C003463_hu_002	1
Q000212	0	C000314_hu_000	1
Q000213	0	C002793_hu_000	1
Q000213	0	C002793_hu_001	1
Q000213	0	C002793_hu_002	1
Q000213	0	C002793_hu_003	1
Q000213	0	C002793_hu_004	1
Q000213	0	C002793_hu_005	1
Q000213	0	C002793_hu_006	1
Q000213	0	C002793_hu_007	1
Q000213	0	C002793_hu_008	1
Q000213	0	C002793_hu_009	1
Q000213	0	C002793_hu_010	1
Q000213	0	C002793_hu_011	1
Q000214	0	C000316_hu_000	1
Q000215	0	C001896_hu_000	1
Q000215	0	C001896_hu_001	1
Q000215	0	C001896_hu_002	1
Q000215	0	C001896_hu_003	1
Q000215	0	C001896_hu_004	1
Q000215	0	C001896_hu_005	1
Q000215	0	C001896_hu_006	1
Q000215	0	C001896_hu_007	1
Q000216	0	C000317_hu_000	1
Q000217	0	C000366_hu_000	1
Q000218	0	C000367_hu_000	1
Q000219	0	C000759_hu_000	1
Q000220	0	C002987_hu_000	1
Q000220	0	C002987_hu_001	1
Q000220	0	C002987_hu_002	1
Q000220	0	C002987_hu_003	1
Q000220	0	C002987_hu_004	1
Q000220	0	C002987_hu_005	1
Q000221	0	C001403_hu_000	1
Q000221	0	C001403_hu_001	1
Q000222	0	C002476_hu_000	1
Q000222	0	C002476_hu_001	1
Q000222	0	C002476_hu_002	1
Q000222	0	C002476_hu_003	1
Q000222	0	C002476_hu_004	1
Q000222	0	C002476_hu_005	1
Q000222	0	C002476_hu_006	1
Q000222	0	C002476_hu_007	1
Q000222	0	C002476_hu_008	1
Q000222	0	C002476_hu_009	1
Q000222	0	C002476_hu_010	1
Q000223	0	C000806_hu_000	1
Q000223	0	C000806_hu_001	1
Q000223	0	C000806_hu_002	1
Q000223	0	C000806_hu_003	1
Q000223	0	C000806_hu_004	1
Q000223	0	C000806_hu_005	1
Q000223	0	C000806_hu_006	1
Q000223	0	C000806_hu_007	1
Q000223	0	C000806_hu_008	1
Q000223	0	C000806_hu_009	1
Q000223	0	C000806_hu_010	1
Q000223	0	C000806_hu_011	1
Q000223	0	C000806_hu_012	1
Q000224	0	C000374_hu_000	1
Q000225	0	C001621_hu_000	1
Q000225	0	C001621_hu_001	1
Q000225	0	C001621_hu_002	1
Q000225	0	C001621_hu_003	1
Q000226	0	C003133_hu_000	1
Q000226	0	C003133_hu_001	1
Q000226	0	C003133_hu_002	1
Q000226	0	C003133_hu_003	1
Q000226	0	C003133_hu_004	1
Q000226	0	C003133_hu_005	1
Q000226	0	C003133_hu_006	1
Q000227	0	C000346_hu_000	1
Q000228	0	C002344_hu_000	1
Q000228	0	C002344_hu_001	1
Q000228	0	C002344_hu_002	1
Q000228	0	C002344_hu_003	1
Q000228	0	C002344_hu_004	1
Q000228	0	C002344_hu_005	1
Q000228	0	C002344_hu_006	1
Q000228	0	C002344_hu_007	1
Q000228	0	C002344_hu_008	1
Q000228	0	C002344_hu_009	1
Q000229	0	C003228_hu_000	1
Q000229	0	C003228_hu_001	1
Q000229	0	C003228_hu_002	1
Q000229	0	C003228_hu_003	1
Q000229	0	C003228_hu_004	1
Q000230	0	C002539_hu_000	1
Q000230	0	C002539_hu_001	1
Q000230	0	C002539_hu_002	1
Q000230	0	C002539_hu_003	1
Q000230	0	C002539_hu_004	1
Q000230	0	C002539_hu_005	1
Q000231	0	C000355_hu_000	1
Q000232	0	C002243_hu_000	1
Q000232	0	C002243_hu_001	1
Q000232	0	C002243_hu_002	1
Q000232	0	C002243_hu_003	1
Q000232	0	C002243_hu_004	1
Q000233	0	C000863_hu_000	1
Q000233	0	C000863_hu_001	1
Q000233	0	C000863_hu_002	1
Q000233	0	C000863_hu_003	1
Q000233	0	C000863_hu_004	1
Q000234	0	C000356_hu_000	1
Q000235	0	C002751_hu_000	1
Q000235	0	C002751_hu_001	1
Q000236	0	C001666_hu_000	1
Q000236	0	C001666_hu_001	1
Q000236	0	C001666_hu_002	1
Q000236	0	C001666_hu_003	1
Q000236	0	C001666_hu_004	1
Q000236	0	C001666_hu_005	1
Q000236	0	C001666_hu_006	1
Q000236	0	C001666_hu_007	1
Q000236	0	C001666_hu_008	1
Q000236	0	C001666_hu_009	1
Q000236	0	C001666_hu_010	1
Q000236	0	C001666_hu_011	1
Q000236	0	C001666_hu_012	1
Q000236	0	C001666_hu_013	1
Q000236	0	C001666_hu_014	1
Q000236	0	C001666_hu_015	1
Q000236	0	C001666_hu_016	1
Q000237	0	C002253_hu_000	1
Q000237	0	C002253_hu_001	1
Q000237	0	C002253_hu_002	1
Q000237	0	C002253_hu_003	1
Q000237	0	C002253_hu_004	1
Q000237	0	C002253_hu_005	1
Q000238	0	C000391_hu_000	1
Q000239	0	C000393_hu_000	1
Q000240	0	C002803_hu_000	1
Q000240	0	C002803_hu_001	1
Q000240	0	C002803_hu_002	1
Q000240	0	C002803_hu_003	1
Q000240	0	C002803_hu_004	1
Q000241	0	C000393_hu_000	1
Q000242	0	C002845_hu_000	1
Q000242	0	C002845_hu_001	1
Q000242	0	C002845_hu_002	1
Q000242	0	C002845_hu_003	1
Q000242	0	C002845_hu_004	1
Q000243	0	C000357_hu_000	1
Q000244	0	C000360_hu_000	1
Q000245	0	C000397_hu_000	1
Q000246	0	C000943_hu_000	1
Q000246	0	C000943_hu_001	1
Q000246	0	C000943_hu_002	1
Q000246	0	C000943_hu_003	1
Q000246	0	C000943_hu_004	1
Q000246	0	C000943_hu_005	1
Q000246	0	C000943_hu_006	1
Q000246	0	C000943_hu_007	1
Q000246	0	C000943_hu_008	1
Q000246	0	C000943_hu_009	1
Q000246	0	C000943_hu_010	1
Q000247	0	C001716_hu_000	1
Q000247	0	C001716_hu_001	1
Q000247	0	C001716_hu_002	1
Q000247	0	C001716_hu_003	1
Q000247	0	C001716_hu_004	1
Q000247	0	C001716_hu_005	1
Q000247	0	C001716_hu_006	1
Q000248	0	C000400_hu_000	1
Q000249	0	C003087_hu_000	1
Q000249	0	C003087_hu_001	1
Q000249	0	C003087_hu_002	1
Q000249	0	C003087_hu_003	1
Q000250	0	C000654_hu_000	1
Q000250	0	C000654_hu_001	1
Q000250	0	C000654_hu_002	1
Q000250	0	C000654_hu_003	1
Q000251	0	C000410_hu_000	1
Q000252	0	C000410_hu_000	1
Q000253	0	C002996_hu_000	1
Q000253	0	C002996_hu_001	1
Q000254	0	C001099_hu_000	1
Q000254	0	C001099_hu_001	1
Q000254	0	C001099_hu_002	1
Q000254	0	C001099_hu_003	1
Q000254	0	C001099_hu_004	1
Q000254	0	C001099_hu_005	1
Q000255	0	C001956_hu_000	1
Q000255	0	C001956_hu_001	1
Q000255	0	C001956_hu_002	1
Q000255	0	C001956_hu_003	1
Q000255	0	C001956_hu_004	1
Q000256	0	C001022_hu_000	1
Q000256	0	C001022_hu_001	1
Q000256	0	C001022_hu_002	1
Q000256	0	C001022_hu_003	1
Q000256	0	C001022_hu_004	1
Q000256	0	C001022_hu_005	1
Q000257	0	C000910_hu_000	1
Q000257	0	C000910_hu_001	1
Q000257	0	C000910_hu_002	1
Q000257	0	C000910_hu_003	1
Q000257	0	C000910_hu_004	1
Q000257	0	C000910_hu_005	1
Q000258	0	C002353_hu_000	1
Q000258	0	C002353_hu_001	1
Q000259	0	C000975_hu_000	1
Q000259	0	C000975_hu_001	1
Q000259	0	C000975_hu_002	1
Q000259	0	C000975_hu_003	1
Q000259	0	C000975_hu_004	1
Q000259	0	C000975_hu_005	1
Q000260	0	C001991_hu_000	1
Q000260	0	C001991_hu_001	1
Q000260	0	C001991_hu_002	1
Q000260	0	C001991_hu_003	1
Q000260	0	C001991_hu_004	1
Q000260	0	C001991_hu_005	1
Q000261	0	C001433_hu_000	1
Q000261	0	C001433_hu_001	1
Q000261	0	C001433_hu_002	1
Q000261	0	C001433_hu_003	1
Q000261	0	C001433_hu_004	1
Q000261	0	C001433_hu_005	1
Q000261	0	C001433_hu_006	1
Q000262	0	C002653_hu_000	1
Q000262	0	C002653_hu_001	1
Q000262	0	C002653_hu_002	1
Q000262	0	C002653_hu_003	1
Q000262	0	C002653_hu_004	1
Q000262	0	C002653_hu_005	1
Q000263	0	C001579_hu_000	1
Q000263	0	C001579_hu_001	1
Q000263	0	C001579_hu_002	1
Q000263	0	C001579_hu_003	1
Q000263	0	C001579_hu_004	1
Q000264	0	C000476_hu_000	1
Q000265	0	C001614_hu_000	1
Q000265	0	C001614_hu_001	1
Q000265	0	C001614_hu_002	1
Q000265	0	C001614_hu_003	1
Q000265	0	C001614_hu_004	1
Q000265	0	C001614_hu_005	1
Q000265	0	C001614_hu_006	1
Q000265	0	C001614_hu_007	1
Q000265	0	C001614_hu_008	1
Q000266	0	C001658_hu_000	1
Q000266	0	C001658_hu_001	1
Q000266	0	C001658_hu_002	1
Q000266	0	C001658_hu_003	1
Q000266	0	C001658_hu_004	1
Q000267	0	C002093_hu_000	1
Q000267	0	C002093_hu_001	1
Q000267	0	C002093_hu_002	1
Q000267	0	C002093_hu_003	1
Q000267	0	C002093_hu_004	1
Q000268	0	C003526_hu_000	1
Q000268	0	C003526_hu_001	1
Q000268	0	C003526_hu_002	1
Q000268	0	C003526_hu_003	1
Q000268	0	C003526_hu_004	1
Q000268	0	C003526_hu_005	1
Q000268	0	C003526_hu_006	1
Q000268	0	C003526_hu_007	1
Q000268	0	C003526_hu_008	1
Q000268	0	C003526_hu_009	1
Q000268	0	C003526_hu_010	1
Q000268	0	C003526_hu_011	1
Q000268	0	C003526_hu_012	1
Q000268	0	C003526_hu_013	1
Q000268	0	C003526_hu_014	1
Q000269	0	C002015_hu_000	1
Q000269	0	C002015_hu_001	1
Q000269	0	C002015_hu_002	1
Q000269	0	C002015_hu_003	1
Q000269	0	C002015_hu_004	1
Q000269	0	C002015_hu_005	1
Q000269	0	C002015_hu_006	1
Q000270	0	C000452_hu_000	1
Q000271	0	C000461_hu_000	1
Q000272	0	C001238_hu_000	1
Q000272	0	C001238_hu_001	1
Q000272	0	C001238_hu_002	1
Q000272	0	C001238_hu_003	1
Q000272	0	C001238_hu_004	1
Q000273	0	C003536_hu_000	1
Q000273	0	C003536_hu_001	1
Q000273	0	C003536_hu_002	1
Q000273	0	C003536_hu_003	1
Q000273	0	C003536_hu_004	1
Q000273	0	C003536_hu_005	1
Q000273	0	C003536_hu_006	1
Q000273	0	C003536_hu_007	1
Q000273	0	C003536_hu_008	1
Q000273	0	C003536_hu_009	1
Q000274	0	C002531_hu_000	1
Q000274	0	C002531_hu_001	1
Q000274	0	C002531_hu_002	1
Q000274	0	C002531_hu_003	1
Q000274	0	C002531_hu_004	1
Q000274	0	C002531_hu_005	1
Q000275	0	C002425_hu_000	1
Q000275	0	C002425_hu_001	1
Q000275	0	C002425_hu_002	1
Q000275	0	C002425_hu_003	1
Q000275	0	C002425_hu_004	1
Q000275	0	C002425_hu_005	1
Q000275	0	C002425_hu_006	1
Q000275	0	C002425_hu_007	1
Q000276	0	C001824_hu_000	1
Q000276	0	C001824_hu_001	1
Q000276	0	C001824_hu_002	1
Q000276	0	C001824_hu_003	1
Q000276	0	C001824_hu_004	1
Q000277	0	C003440_hu_000	1
Q000277	0	C003440_hu_001	1
Q000277	0	C003440_hu_002	1
Q000277	0	C003440_hu_003	1
Q000277	0	C003440_hu_004	1
Q000277	0	C003440_hu_005	1
Q000277	0	C003440_hu_006	1
Q000278	0	C001998_hu_000	1
Q000278	0	C001998_hu_001	1
Q000278	0	C001998_hu_002	1
Q000278	0	C001998_hu_003	1
Q000278	0	C001998_hu_004	1
Q000278	0	C001998_hu_005	1
Q000278	0	C001998_hu_006	1
Q000279	0	C000697_hu_000	1
Q000279	0	C000697_hu_001	1
Q000279	0	C000697_hu_002	1
Q000280	0	C001402_hu_000	1
Q000280	0	C001402_hu_001	1
Q000280	0	C001402_hu_002	1
Q000280	0	C001402_hu_003	1
Q000280	0	C001402_hu_004	1
Q000280	0	C001402_hu_005	1
Q000281	0	C001126_hu_000	1
Q000281	0	C001126_hu_001	1
Q000282	0	C000431_hu_000	1
Q000283	0	C002398_hu_000	1
Q000283	0	C002398_hu_001	1
Q000284	0	C002084_hu_000	1
Q000284	0	C002084_hu_001	1
Q000284	0	C002084_hu_002	1
Q000284	0	C002084_hu_003	1
Q000284	0	C002084_hu_004	1
Q000284	0	C002084_hu_005	1
Q000284	0	C002084_hu_006	1
Q000284	0	C002084_hu_007	1
Q000284	0	C002084_hu_008	1
Q000284	0	C002084_hu_009	1
Q000284	0	C002084_hu_010	1
Q000284	0	C002084_hu_011	1
Q000284	0	C002084_hu_012	1
Q000284	0	C002084_hu_013	1
Q000284	0	C002084_hu_014	1
Q000284	0	C002084_hu_015	1
Q000284	0	C002084_hu_016	1
Q000284	0	C002084_hu_017	1
Q000284	0	C002084_hu_018	1
Q000284	0	C002084_hu_019	1
Q000284	0	C002084_hu_020	1
Q000285	0	C003480_hu_000	1
Q000285	0	C003480_hu_001	1
Q000285	0	C003480_hu_002	1
Q000285	0	C003480_hu_003	1
Q000285	0	C003480_hu_004	1
Q000285	0	C003480_hu_005	1
Q000285	0	C003480_hu_006	1
Q000285	0	C003480_hu_007	1
Q000285	0	C003480_hu_008	1
Q000285	0	C003480_hu_009	1
Q000285	0	C003480_hu_010	1
Q000285	0	C003480_hu_011	1
Q000285	0	C003480_hu_012	1
Q000285	0	C003480_hu_013	1
Q000286	0	C002729_hu_000	1
Q000286	0	C002729_hu_001	1
Q000286	0	C002729_hu_002	1
Q000286	0	C002729_hu_003	1
Q000286	0	C002729_hu_004	1
Q000286	0	C002729_hu_005	1
Q000286	0	C002729_hu_006	1
Q000286	0	C002729_hu_007	1
Q000286	0	C002729_hu_008	1
Q000286	0	C002729_hu_009	1
Q000286	0	C002729_hu_010	1
Q000286	0	C002729_hu_011	1
Q000286	0	C002729_hu_012	1
Q000286	0	C002729_hu_013	1
Q000286	0	C002729_hu_014	1
Q000286	0	C002729_hu_015	1
Q000286	0	C002729_hu_016	1
Q000286	0	C002729_hu_017	1
Q000286	0	C002729_hu_018	1
Q000286	0	C002729_hu_019	1
Q000286	0	C002729_hu_020	1
Q000287	0	C002755_hu_000	1
Q000287	0	C002755_hu_001	1
Q000287	0	C002755_hu_002	1
Q000287	0	C002755_hu_003	1
Q000287	0	C002755_hu_004	1
Q000287	0	C002755_hu_005	1
Q000287	0	C002755_hu_006	1
Q000287	0	C002755_hu_007	1
Q000287	0	C002755_hu_008	1
Q000287	0	C002755_hu_009	1
Q000287	0	C002755_hu_010	1
Q000288	0	C000450_hu_000	1
Q000289	0	C000651_hu_000	1
Q000289	0	C000651_hu_001	1
Q000289	0	C000651_hu_002	1
Q000289	0	C000651_hu_003	1
Q000289	0	C000651_hu_004	1
Q000289	0	C000651_hu_005	1
Q000289	0	C000651_hu_006	1
Q000289	0	C000651_hu_007	1
Q000289	0	C000651_hu_008	1
Q000289	0	C000651_hu_009	1
Q000290	0	C001649_hu_000	1
Q000290	0	C001649_hu_001	1
Q000290	0	C001649_hu_002	1
Q000290	0	C001649_hu_003	1
Q000290	0	C001649_hu_004	1
Q000290	0	C001649_hu_005	1
Q000290	0	C001649_hu_006	1
Q000290	0	C001649_hu_007	1
Q000290	0	C001649_hu_008	1
Q000290	0	C001649_hu_009	1
Q000290	0	C001649_hu_010	1
Q000290	0	C001649_hu_011	1
Q000290	0	C001649_hu_012	1
Q000291	0	C000429_hu_000	1
Q000292	0	C001707_hu_000	1
Q000292	0	C001707_hu_001	1
Q000292	0	C001707_hu_002	1
Q000292	0	C001707_hu_003	1
Q000292	0	C001707_hu_004	1
Q000292	0	C001707_hu_005	1
Q000292	0	C001707_hu_006	1
Q000292	0	C001707_hu_007	1
Q000292	0	C001707_hu_008	1
Q000292	0	C001707_hu_009	1
Q000292	0	C001707_hu_010	1
Q000292	0	C001707_hu_011	1
Q000292	0	C001707_hu_012	1
Q000292	0	C001707_hu_013	1
Q000293	0	C002659_hu_000	1
Q000293	0	C002659_hu_001	1
Q000293	0	C002659_hu_002	1
Q000294	0	C001133_hu_000	1
Q000294	0	C001133_hu_001	1
Q000294	0	C001133_hu_002	1
Q000294	0	C001133_hu_003	1
Q000294	0	C001133_hu_004	1
Q000294	0	C001133_hu_005	1
Q000294	0	C001133_hu_006	1
Q000294	0	C001133_hu_007	1
Q000294	0	C001133_hu_008	1
Q000294	0	C001133_hu_009	1
Q000294	0	C001133_hu_010	1
Q000294	0	C001133_hu_011	1
Q000294	0	C001133_hu_012	1
Q000295	0	C000492_hu_000	1
Q000296	0	C001204_hu_000	1
Q000296	0	C001204_hu_001	1
Q000296	0	C001204_hu_002	1
Q000296	0	C001204_hu_003	1
Q000297	0	C000529_hu_000	1
Q000298	0	C001593_hu_000	1
Q000298	0	C001593_hu_001	1
Q000298	0	C001593_hu_002	1
Q000298	0	C001593_hu_003	1
Q000298	0	C001593_hu_004	1
Q000299	0	C000533_hu_000	1
Q000300	0	C000534_hu_000	1
Q000301	0	C000541_hu_000	1
Q000302	0	C000527_hu_000	1
Q000303	0	C001217_hu_000	1
Q000304	0	C001047_hu_000	1
Q000304	0	C001047_hu_001	1
Q000305	0	C000522_hu_000	1
Q000306	0	C000526_hu_000	1
Q000307	0	C000525_hu_000	1
Q000308	0	C000523_hu_000	1
Q000309	0	C000517_hu_000	1
Q000310	0	C000540_hu_000	1
Q000311	0	C000520_hu_000	1
Q000312	0	C003021_hu_000	1
Q000313	0	C002871_hu_000	1
Q000313	0	C002871_hu_001	1
Q000314	0	C000550_hu_000	1
Q000315	0	C000551_hu_000	1
Q000316	0	C000514_hu_000	1
Q000317	0	C000516_hu_000	1
Q000318	0	C000546_hu_000	1
Q000319	0	C000546_hu_000	1
Q000320	0	C000544_hu_000	1
Q000321	0	C000546_hu_000	1
Q000322	0	C000545_hu_000	1
Q000323	0	C003206_hu_000	1
Q000323	0	C003206_hu_001	1
Q000324	0	C000535_hu_000	1
Q000325	0	C000546_hu_000	1
Q000326	0	C002178_hu_000	1
Q000326	0	C002178_hu_001	1
Q000327	0	C000555_hu_000	1
Q000328	0	C000676_hu_000	1
Q000328	0	C000676_hu_001	1
Q000328	0	C000676_hu_002	1
Q000328	0	C000676_hu_003	1
Q000328	0	C000676_hu_004	1
Q000328	0	C000676_hu_005	1
Q000329	0	C000554_hu_000	1
Q000330	0	C001319_hu_000	1
Q000330	0	C001319_hu_001	1
Q000330	0	C001319_hu_002	1
Q000331	0	C000558_hu_000	1
Q000332	0	C001437_hu_000	1
Q000332	0	C001437_hu_001	1
Q000332	0	C001437_hu_002	1
Q000332	0	C001437_hu_003	1
Q000332	0	C001437_hu_004	1
Q000332	0	C001437_hu_005	1
Q000332	0	C001437_hu_006	1
Q000332	0	C001437_hu_007	1
Q000332	0	C001437_hu_008	1
Q000332	0	C001437_hu_009	1
Q000333	0	C000637_hu_000	1
Q000333	0	C000637_hu_001	1
Q000333	0	C000637_hu_002	1
Q000333	0	C000637_hu_003	1
Q000333	0	C000637_hu_004	1
Q000334	0	C000557_hu_000	1
Q000335	0	C000563_hu_000	1
Q000336	0	C000564_hu_000	1
Q000337	0	C000565_hu_000	1
Q000338	0	C000566_hu_000	1
Q000339	0	C000568_hu_000	1
Q000340	0	C003029_hu_000	1
Q000340	0	C003029_hu_001	1
Q000340	0	C003029_hu_002	1
Q000340	0	C003029_hu_003	1
Q000340	0	C003029_hu_004	1
Q000340	0	C003029_hu_005	1
Q000340	0	C003029_hu_006	1
Q000340	0	C003029_hu_007	1
Q000340	0	C003029_hu_008	1
Q000341	0	C001205_hu_000	1
Q000341	0	C001205_hu_001	1
Q000341	0	C001205_hu_002	1
Q000341	0	C001205_hu_003	1
Q000341	0	C001205_hu_004	1
Q000342	0	C000575_hu_000	1
Q000343	0	C002113_hu_000	1
Q000343	0	C002113_hu_001	1
Q000343	0	C002113_hu_002	1
Q000343	0	C002113_hu_003	1
Q000343	0	C002113_hu_004	1
Q000343	0	C002113_hu_005	1
Q000343	0	C002113_hu_006	1
Q000343	0	C002113_hu_007	1
Q000344	0	C002359_hu_000	1
Q000344	0	C002359_hu_001	1
Q000344	0	C002359_hu_002	1
Q000344	0	C002359_hu_003	1
Q000344	0	C002359_hu_004	1
Q000345	0	C000611_hu_000	1
Q000346	0	C000612_hu_000	1
Q000347	0	C000596_hu_000	1
Q000348	0	C000597_hu_000	1
Q000349	0	C000598_hu_000	1
Q000350	0	C003399_hu_000	1
Q000350	0	C003399_hu_001	1
Q000350	0	C003399_hu_002	1
Q000350	0	C003399_hu_003	1
Q000350	0	C003399_hu_004	1
Q000350	0	C003399_hu_005	1
Q000350	0	C003399_hu_006	1
Q000351	0	C000593_hu_000	1
Q000352	0	C000617_hu_000	1
Q000353	0	C000615_hu_000	1
Q000354	0	C001352_hu_000	1
Q000354	0	C001352_hu_001	1
Q000354	0	C001352_hu_002	1
Q000354	0	C001352_hu_003	1
Q000354	0	C001352_hu_004	1
Q000354	0	C001352_hu_005	1
Q000354	0	C001352_hu_006	1
Q000355	0	C000602_hu_000	1
Q000356	0	C000603_hu_000	1
Q000357	0	C000606_hu_000	1
Q000358	0	C000619_hu_000	1
Q000359	0	C000589_hu_000	1
Q000360	0	C000590_hu_000	1
Q000361	0	C000591_hu_000	1
Q000362	0	C000585_hu_000	1
