Q000001	0	C001295_nl_000	1
Q000001	0	C001295_nl_001	1
Q000001	0	C001295_nl_002	1
Q000002	0	C001066_nl_000	1
Q000002	0	C001066_nl_001	1
Q000002	0	C001066_nl_002	1
Q000002	0	C001066_nl_003	1
Q000002	0	C001066_nl_004	1
Q000002	0	C001066_nl_005	1
Q000002	0	C001066_nl_006	1
Q000002	0	C001066_nl_007	1
Q000002	0	C001066_nl_008	1
Q000002	0	C001066_nl_009	1
Q000003	0	C002308_nl_000	1
Q000003	0	C002308_nl_001	1
Q000003	0	C002308_nl_002	1
Q000003	0	C002308_nl_003	1
Q000004	0	C003190_nl_000	1
Q000004	0	C003190_nl_001	1
Q000004	0	C003190_nl_002	1
Q000004	0	C003190_nl_003	1
Q000004	0	C003190_nl_004	1
Q000004	0	C003190_nl_005	1
Q000005	0	C002830_nl_000	1
Q000005	0	C002830_nl_001	1
Q000005	0	C002830_nl_002	1
Q000005	0	C002830_nl_003	1
Q000006	0	C000928_nl_000	1
Q000006	0	C000928_nl_001	1
Q000006	0	C000928_nl_002	1
Q000006	0	C000928_nl_003	1
Q000006	0	C000928_nl_004	1
Q000006	0	C000928_nl_005	1
Q000006	0	C000928_nl_006	1
Q000006	0	C000928_nl_007	1
Q000006	0	C000928_nl_008	1
Q000006	0	C000928_nl_009	1
Q000006	0	C000928_nl_010	1
Q000006	0	C000928_nl_011	1
Q000007	0	C001398_nl_000	1
Q000007	0	C001398_nl_001	1
Q000007	0	C001398_nl_002	1
Q000007	0	C001398_nl_003	1
Q000007	0	C001398_nl_004	1
Q000007	0	C001398_nl_005	1
Q000007	0	C001398_nl_006	1
Q000007	0	C001398_nl_007	1
Q000007	0	C001398_nl_008	1
Q000007	0	C001398_nl_009	1
Q000007	0	C001398_nl_010	1
Q000007	0	C001398_nl_011	1
Q000007	0	C001398_nl_012	1
Q000007	0	C001398_nl_013	1
Q000007	0	C001398_nl_014	1
Q000007	0	C001398_nl_015	1
Q000008	0	C002539_nl_000	1
Q000008	0	C002539_nl_001	1
Q000008	0	C002539_nl_002	1
Q000008	0	C002539_nl_003	1
Q000008	0	C002539_nl_004	1
Q000008	0	C002539_nl_005	1
Q000008	0	C002539_nl_006	1
Q000008	0	C002539_nl_007	1
Q000008	0	C002539_nl_008	1
Q000009	0	C001920_nl_000	1
Q000009	0	C001920_nl_001	1
Q000009	0	C001920_nl_002	1
Q000009	0	C001920_nl_003	1
Q000009	0	C001920_nl_004	1
Q000010	0	C002903_nl_000	1
Q000010	0	C002903_nl_001	1
Q000010	0	C002903_nl_002	1
Q000010	0	C002903_nl_003	1
Q000011	0	C003426_nl_000	1
Q000011	0	C003426_nl_001	1
Q000011	0	C003426_nl_002	1
Q000011	0	C003426_nl_003	1
Q000011	0	C003426_nl_004	1
Q000011	0	C003426_nl_005	1
Q000011	0	C003426_nl_006	1
Q000011	0	C003426_nl_007	1
Q000012	0	C000803_nl_000	1
Q000012	0	C000803_nl_001	1
Q000012	0	C000803_nl_002	1
Q000012	0	C000803_nl_003	1
Q000012	0	C000803_nl_004	1
Q000012	0	C000803_nl_005	1
Q000012	0	C000803_nl_006	1
Q000012	0	C000803_nl_007	1
Q000012	0	C000803_nl_008	1
Q000012	0	C000803_nl_009	1
Q000012	0	C000803_nl_010	1
Q000012	0	C000803_nl_011	1
Q000013	0	C003424_nl_000	1
Q000013	0	C003424_nl_001	1
Q000013	0	C003424_nl_002	1
Q000013	0	C003424_nl_003	1
Q000013	0	C003424_nl_004	1
Q000013	0	C003424_nl_005	1
Q000013	0	C003424_nl_006	1
Q000013	0	C003424_nl_007	1
Q000014	0	C001760_nl_000	1
Q000014	0	C001760_nl_001	1
Q000014	0	C001760_nl_002	1
Q000014	0	C001760_nl_003	1
Q000014	0	C001760_nl_004	1
Q000014	0	C001760_nl_005	1
Q000014	0	C001760_nl_006	1
Q000014	0	C001760_nl_007	1
Q000014	0	C001760_nl_008	1
Q000015	0	C001465_nl_000	1
Q000015	0	C001465_nl_001	1
Q000015	0	C001465_nl_002	1
Q000015	0	C001465_nl_003	1
Q000015	0	C001465_nl_004	1
Q000015	0	C001465_nl_005	1
Q000015	0	C001465_nl_006	1
Q000015	0	C001465_nl_007	1
Q000015	0	C001465_nl_008	1
Q000015	0	C001465_nl_009	1
Q000015	0	C001465_nl_010	1
Q000015	0	C001465_nl_011	1
Q000016	0	C001239_nl_000	1
Q000016	0	C001239_nl_001	1
Q000016	0	C001239_nl_002	1
Q000016	0	C001239_nl_003	1
Q000016	0	C001239_nl_004	1
Q000016	0	C001239_nl_005	1
Q000016	0	C001239_nl_006	1
Q000016	0	C001239_nl_007	1
Q000016	0	C001239_nl_008	1
Q000016	0	C001239_nl_009	1
Q000016	0	C001239_nl_010	1
Q000016	0	C001239_nl_011	1
Q000016	0	C001239_nl_012	1
Q000016	0	C001239_nl_013	1
Q000017	0	C001746_nl_000	1
Q000017	0	C001746_nl_001	1
Q000017	0	C001746_nl_002	1
Q000017	0	C001746_nl_003	1
Q000017	0	C001746_nl_004	1
Q000017	0	C001746_nl_005	1
Q000017	0	C001746_nl_006	1
Q000017	0	C001746_nl_007	1
Q000017	0	C001746_nl_008	1
Q000017	0	C001746_nl_009	1
Q000017	0	C001746_nl_010	1
Q000017	0	C001746_nl_011	1
Q000018	0	C000690_nl_000	1
Q000018	0	C000690_nl_001	1
Q000018	0	C000690_nl_002	1
Q000018	0	C000690_nl_003	1
Q000018	0	C000690_nl_004	1
Q000019	0	C002647_nl_000	1
Q000019	0	C002647_nl_001	1
Q000019	0	C002647_nl_002	1
Q000019	0	C002647_nl_003	1
Q000019	0	C002647_nl_004	1
Q000019	0	C002647_nl_005	1
Q000019	0	C002647_nl_006	1
Q000020	0	C003008_nl_000	1
Q000020	0	C003008_nl_001	1
Q000020	0	C003008_nl_002	1
Q000021	0	C000740_nl_000	1
Q000021	0	C000740_nl_001	1
Q000021	0	C000740_nl_002	1
Q000021	0	C000740_nl_003	1
Q000021	0	C000740_nl_004	1
Q000021	0	C000740_nl_005	1
Q000021	0	C000740_nl_006	1
Q000021	0	C000740_nl_007	1
Q000022	0	C001984_nl_000	1
Q000022	0	C001984_nl_001	1
Q000022	0	C001984_nl_002	1
Q000022	0	C001984_nl_003	1
Q000022	0	C001984_nl_004	1
Q000022	0	C001984_nl_005	1
Q000022	0	C001984_nl_006	1
Q000022	0	C001984_nl_007	1
Q000022	0	C001984_nl_008	1
Q000022	0	C001984_nl_009	1
Q000022	0	C001984_nl_010	1
Q000022	0	C001984_nl_011	1
Q000022	0	C001984_nl_012	1
Q000022	0	C001984_nl_013	1
Q000022	0	C001984_nl_014	1
Q000022	0	C001984_nl_015	1
Q000022	0	C001984_nl_016	1
Q000022	0	C001984_nl_017	1
Q000022	0	C001984_nl_018	1
Q000022	0	C001984_nl_019	1
Q000022	0	C001984_nl_020	1
Q000023	0	C002394_nl_000	1
Q000023	0	C002394_nl_001	1
Q000023	0	C002394_nl_002	1
Q000023	0	C002394_nl_003	1
Q000023	0	C002394_nl_004	1
Q000023	0	C002394_nl_005	1
Q000024	0	C002005_nl_000	1
Q000024	0	C002005_nl_001	1
Q000024	0	C002005_nl_002	1
Q000024	0	C002005_nl_003	1
Q000024	0	C002005_nl_004	1
Q000024	0	C002005_nl_005	1
Q000024	0	C002005_nl_006	1
Q000025	0	C000991_nl_000	1
Q000025	0	C000991_nl_001	1
Q000025	0	C000991_nl_002	1
Q000025	0	C000991_nl_003	1
Q000025	0	C000991_nl_004	1
Q000025	0	C000991_nl_005	1
Q000026	0	C001473_nl_000	1
Q000026	0	C001473_nl_001	1
Q000026	0	C001473_nl_002	1
Q000026	0	C001473_nl_003	1
Q000027	0	C001180_nl_000	1
Q000027	0	C001180_nl_001	1
Q000027	0	C001180_nl_002	1
Q000027	0	C001180_nl_003	1
Q000027	0	C001180_nl_004	1
Q000027	0	C001180_nl_005	1
Q000027	0	C001180_nl_006	1
Q000027	0	C001180_nl_007	1
Q000027	0	C001180_nl_008	1
Q000027	0	C001180_nl_009	1
Q000027	0	C001180_nl_010	1
Q000027	0	C001180_nl_011	1
Q000027	0	C001180_nl_012	1
Q000027	0	C001180_nl_013	1
Q000027	0	C001180_nl_014	1
Q000027	0	C001180_nl_015	1
Q000027	0	C001180_nl_016	1
Q000027	0	C001180_nl_017	1
Q000027	0	C001180_nl_018	1
Q000027	0	C001180_nl_019	1
Q000027	0	C001180_nl_020	1
Q000027	0	C001180_nl_021	1
Q000027	0	C001180_nl_022	1
Q000027	0	C001180_nl_023	1
Q000027	0	C001180_nl_024	1
Q000027	0	C001180_nl_025	1
Q000027	0	C001180_nl_026	1
Q000027	0	C001180_nl_027	1
Q000027	0	C001180_nl_028	1
Q000027	0	C001180_nl_029	1
Q000027	0	C001180_nl_030	1
Q000027	0	C001180_nl_031	1
Q000027	0	C001180_nl_032	1
Q000027	0	C001180_nl_033	1
Q000027	0	C001180_nl_034	1
Q000027	0	C001180_nl_035	1
Q000027	0	C001180_nl_036	1
Q000028	0	C002943_nl_000	1
Q000028	0	C002943_nl_001	1
Q000028	0	C002943_nl_002	1
Q000028	0	C002943_nl_003	1
Q000028	0	C002943_nl_004	1
Q000028	0	C002943_nl_005	1
Q000028	0	C002943_nl_006	1
Q000028	0	C002943_nl_007	1
Q000028	0	C002943_nl_008	1
Q000028	0	C002943_nl_009	1
Q000028	0	C002943_nl_010	1
Q000028	0	C002943_nl_011	1
Q000028	0	C002943_nl_012	1
Q000028	0	C002943_nl_013	1
Q000028	0	C002943_nl_014	1
Q000028	0	C002943_nl_015	1
Q000028	0	C002943_nl_016	1
Q000028	0	C002943_nl_017	1
Q000028	0	C002943_nl_018	1
Q000028	0	C002943_nl_019	1
Q000028	0	C002943_nl_020	1
Q000028	0	C002943_nl_021	1
Q000028	0	C002943_nl_022	1
Q000028	0	C002943_nl_023	1
Q000029	0	C001617_nl_000	1
Q000029	0	C001617_nl_001	1
Q000029	0	C001617_nl_002	1
Q000029	0	C001617_nl_003	1
Q000029	0	C001617_nl_004	1
Q000029	0	C001617_nl_005	1
Q000029	0	C001617_nl_006	1
Q000029	0	C001617_nl_007	1
Q000029	0	C001617_nl_008	1
Q000029	0	C001617_nl_009	1
Q000029	0	C001617_nl_010	1
Q000030	0	C001829_nl_000	1
Q000030	0	C001829_nl_001	1
Q000030	0	C001829_nl_002	1
Q000030	0	C001829_nl_003	1
Q000030	0	C001829_nl_004	1
Q000030	0	C001829_nl_005	1
Q000030	0	C001829_nl_006	1
Q000030	0	C001829_nl_007	1
Q000030	0	C001829_nl_008	1
Q000030	0	C001829_nl_009	1
Q000030	0	C001829_nl_010	1
Q000030	0	C001829_nl_011	1
Q000030	0	C001829_nl_012	1
Q000030	0	C001829_nl_013	1
Q000030	0	C001829_nl_014	1
Q000031	0	C001793_nl_000	1
Q000031	0	C001793_nl_001	1
Q000032	0	C001969_nl_000	1
Q000032	0	C001969_nl_001	1
Q000032	0	C001969_nl_002	1
Q000032	0	C001969_nl_003	1
Q000032	0	C001969_nl_004	1
Q000032	0	C001969_nl_005	1
Q000032	0	C001969_nl_006	1
Q000033	0	C002032_nl_000	1
Q000033	0	C002032_nl_001	1
Q000033	0	C002032_nl_002	1
Q000033	0	C002032_nl_003	1
Q000033	0	C002032_nl_004	1
Q000033	0	C002032_nl_005	1
Q000033	0	C002032_nl_006	1
Q000033	0	C002032_nl_007	1
Q000033	0	C002032_nl_008	1
Q000033	0	C002032_nl_009	1
Q000033	0	C002032_nl_010	1
Q000033	0	C002032_nl_011	1
Q000033	0	C002032_nl_012	1
Q000033	0	C002032_nl_013	1
Q000033	0	C002032_nl_014	1
Q000033	0	C002032_nl_015	1
Q000033	0	C002032_nl_016	1
Q000033	0	C002032_nl_017	1
Q000033	0	C002032_nl_018	1
Q000033	0	C002032_nl_019	1
Q000033	0	C002032_nl_020	1
Q000033	0	C002032_nl_021	1
Q000033	0	C002032_nl_022	1
Q000033	0	C002032_nl_023	1
Q000034	0	C002917_nl_000	1
Q000034	0	C002917_nl_001	1
Q000034	0	C002917_nl_002	1
Q000034	0	C002917_nl_003	1
Q000034	0	C002917_nl_004	1
Q000034	0	C002917_nl_005	1
Q000034	0	C002917_nl_006	1
Q000034	0	C002917_nl_007	1
Q000034	0	C002917_nl_008	1
Q000034	0	C002917_nl_009	1
Q000034	0	C002917_nl_010	1
Q000034	0	C002917_nl_011	1
Q000035	0	C003346_nl_000	1
Q000035	0	C003346_nl_001	1
Q000035	0	C003346_nl_002	1
Q000036	0	C001199_nl_000	1
Q000036	0	C001199_nl_001	1
Q000036	0	C001199_nl_002	1
Q000036	0	C001199_nl_003	1
Q000036	0	C001199_nl_004	1
Q000036	0	C001199_nl_005	1
Q000036	0	C001199_nl_006	1
Q000036	0	C001199_nl_007	1
Q000036	0	C001199_nl_008	1
Q000037	0	C000718_nl_000	1
Q000037	0	C000718_nl_001	1
Q000037	0	C000718_nl_002	1
Q000038	0	C003094_nl_000	1
Q000038	0	C003094_nl_001	1
Q000038	0	C003094_nl_002	1
Q000038	0	C003094_nl_003	1
Q000038	0	C003094_nl_004	1
Q000038	0	C003094_nl_005	1
Q000038	0	C003094_nl_006	1
Q000038	0	C003094_nl_007	1
Q000039	0	C001278_nl_000	1
Q000039	0	C001278_nl_001	1
Q000039	0	C001278_nl_002	1
Q000039	0	C001278_nl_003	1
Q000039	0	C001278_nl_004	1
Q000039	0	C001278_nl_005	1
Q000039	0	C001278_nl_006	1
Q000039	0	C001278_nl_007	1
Q000039	0	C001278_nl_008	1
Q000039	0	C001278_nl_009	1
Q000039	0	C001278_nl_010	1
Q000039	0	C001278_nl_011	1
Q000039	0	C001278_nl_012	1
Q000039	0	C001278_nl_013	1
Q000039	0	C001278_nl_014	1
Q000039	0	C001278_nl_015	1
Q000039	0	C001278_nl_016	1
Q000039	0	C001278_nl_017	1
Q000039	0	C001278_nl_018	1
Q000039	0	C001278_nl_019	1
Q000039	0	C001278_nl_020	1
Q000039	0	C001278_nl_021	1
Q000039	0	C001278_nl_022	1
Q000040	0	C000740_nl_000	1
Q000040	0	C000740_nl_001	1
Q000040	0	C000740_nl_002	1
Q000040	0	C000740_nl_003	1
Q000040	0	C000740_nl_004	1
Q000040	0	C000740_nl_005	1
Q000040	0	C000740_nl_006	1
Q000040	0	C000740_nl_007	1
Q000041	0	C002953_nl_000	1
Q000041	0	C002953_nl_001	1
Q000042	0	C000805_nl_000	1
Q000042	0	C000805_nl_001	1
Q000043	0	C001396_nl_000	1
Q000043	0	C001396_nl_001	1
Q000043	0	C001396_nl_002	1
Q000043	0	C001396_nl_003	1
Q000043	0	C001396_nl_004	1
Q000043	0	C001396_nl_005	1
Q000043	0	C001396_nl_006	1
Q000043	0	C001396_nl_007	1
Q000043	0	C001396_nl_008	1
Q000043	0	C001396_nl_009	1
Q000043	0	C001396_nl_010	1
Q000043	0	C001396_nl_011	1
Q000043	0	C001396_nl_012	1
Q000043	0	C001396_nl_013	1
Q000043	0	C001396_nl_014	1
Q000043	0	C001396_nl_015	1
Q000043	0	C001396_nl_016	1
Q000043	0	C001396_nl_017	1
Q000043	0	C001396_nl_018	1
Q000043	0	C001396_nl_019	1
Q000044	0	C002304_nl_000	1
Q000044	0	C002304_nl_001	1
Q000044	0	C002304_nl_002	1
Q000044	0	C002304_nl_003	1
Q000045	0	C001749_nl_000	1
Q000045	0	C001749_nl_001	1
Q000045	0	C001749_nl_002	1
Q000045	0	C001749_nl_003	1
Q000045	0	C001749_nl_004	1
Q000045	0	C001749_nl_005	1
Q000045	0	C001749_nl_006	1
Q000045	0	C001749_nl_007	1
Q000045	0	C001749_nl_008	1
Q000045	0	C001749_nl_009	1
Q000045	0	C001749_nl_010	1
Q000045	0	C001749_nl_011	1
Q000045	0	C001749_nl_012	1
Q000045	0	C001749_nl_013	1
Q000045	0	C001749_nl_014	1
Q000045	0	C001749_nl_015	1
Q000045	0	C001749_nl_016	1
Q000045	0	C001749_nl_017	1
Q000045	0	C001749_nl_018	1
Q000045	0	C001749_nl_019	1
Q000045	0	C001749_nl_020	1
Q000045	0	C001749_nl_021	1
Q000045	0	C001749_nl_022	1
Q000046	0	C002730_nl_000	1
Q000046	0	C002730_nl_001	1
Q000046	0	C002730_nl_002	1
Q000046	0	C002730_nl_003	1
Q000047	0	C002303_nl_000	1
Q000047	0	C002303_nl_001	1
Q000047	0	C002303_nl_002	1
Q000047	0	C002303_nl_003	1
Q000047	0	C002303_nl_004	1
Q000047	0	C002303_nl_005	1
Q000047	0	C002303_nl_006	1
Q000047	0	C002303_nl_007	1
Q000047	0	C002303_nl_008	1
Q000047	0	C002303_nl_009	1
Q000048	0	C002319_nl_000	1
Q000048	0	C002319_nl_001	1
Q000048	0	C002319_nl_002	1
Q000048	0	C002319_nl_003	1
Q000048	0	C002319_nl_004	1
Q000048	0	C002319_nl_005	1
Q000049	0	C002174_nl_000	1
Q000049	0	C002174_nl_001	1
Q000049	0	C002174_nl_002	1
Q000049	0	C002174_nl_003	1
Q000049	0	C002174_nl_004	1
Q000049	0	C002174_nl_005	1
Q000049	0	C002174_nl_006	1
Q000049	0	C002174_nl_007	1
Q000050	0	C002315_nl_000	1
Q000050	0	C002315_nl_001	1
Q000050	0	C002315_nl_002	1
Q000050	0	C002315_nl_003	1
Q000050	0	C002315_nl_004	1
Q000050	0	C002315_nl_005	1
Q000051	0	C003526_nl_000	1
Q000051	0	C003526_nl_001	1
Q000051	0	C003526_nl_002	1
Q000051	0	C003526_nl_003	1
Q000052	0	C002541_nl_000	1
Q000052	0	C002541_nl_001	1
Q000052	0	C002541_nl_002	1
Q000052	0	C002541_nl_003	1
Q000052	0	C002541_nl_004	1
Q000052	0	C002541_nl_005	1
Q000052	0	C002541_nl_006	1
Q000052	0	C002541_nl_007	1
Q000052	0	C002541_nl_008	1
Q000052	0	C002541_nl_009	1
Q000053	0	C003421_nl_000	1
Q000053	0	C003421_nl_001	1
Q000053	0	C003421_nl_002	1
Q000053	0	C003421_nl_003	1
Q000053	0	C003421_nl_004	1
Q000053	0	C003421_nl_005	1
Q000053	0	C003421_nl_006	1
Q000054	0	C000942_nl_000	1
Q000054	0	C000942_nl_001	1
Q000054	0	C000942_nl_002	1
Q000054	0	C000942_nl_003	1
Q000054	0	C000942_nl_004	1
Q000054	0	C000942_nl_005	1
Q000054	0	C000942_nl_006	1
Q000055	0	C002602_nl_000	1
Q000055	0	C002602_nl_001	1
Q000055	0	C002602_nl_002	1
Q000055	0	C002602_nl_003	1
Q000055	0	C002602_nl_004	1
Q000056	0	C001693_nl_000	1
Q000056	0	C001693_nl_001	1
Q000056	0	C001693_nl_002	1
Q000056	0	C001693_nl_003	1
Q000057	0	C001285_nl_000	1
Q000057	0	C001285_nl_001	1
Q000057	0	C001285_nl_002	1
Q000057	0	C001285_nl_003	1
Q000057	0	C001285_nl_004	1
Q000057	0	C001285_nl_005	1
Q000057	0	C001285_nl_006	1
Q000057	0	C001285_nl_007	1
Q000057	0	C001285_nl_008	1
Q000057	0	C001285_nl_009	1
Q000057	0	C001285_nl_010	1
Q000057	0	C001285_nl_011	1
Q000057	0	C001285_nl_012	1
Q000057	0	C001285_nl_013	1
Q000058	0	C000763_nl_000	1
Q000058	0	C000763_nl_001	1
Q000058	0	C000763_nl_002	1
Q000058	0	C000763_nl_003	1
Q000058	0	C000763_nl_004	1
Q000058	0	C000763_nl_005	1
Q000058	0	C000763_nl_006	1
Q000058	0	C000763_nl_007	1
Q000058	0	C000763_nl_008	1
Q000058	0	C000763_nl_009	1
Q000058	0	C000763_nl_010	1
Q000058	0	C000763_nl_011	1
Q000059	0	C001763_nl_000	1
Q000059	0	C001763_nl_001	1
Q000059	0	C001763_nl_002	1
Q000059	0	C001763_nl_003	1
Q000059	0	C001763_nl_004	1
Q000059	0	C001763_nl_005	1
Q000059	0	C001763_nl_006	1
Q000060	0	C002632_nl_000	1
Q000060	0	C002632_nl_001	1
Q000060	0	C002632_nl_002	1
Q000060	0	C002632_nl_003	1
Q000060	0	C002632_nl_004	1
Q000060	0	C002632_nl_005	1
Q000061	0	C000651_nl_000	1
Q000061	0	C000651_nl_001	1
Q000061	0	C000651_nl_002	1
Q000061	0	C000651_nl_003	1
Q000061	0	C000651_nl_004	1
Q000062	0	C001566_nl_000	1
Q000062	0	C001566_nl_001	1
Q000062	0	C001566_nl_002	1
Q000062	0	C001566_nl_003	1
Q000062	0	C001566_nl_004	1
Q000062	0	C001566_nl_005	1
Q000063	0	C000943_nl_000	1
Q000063	0	C000943_nl_001	1
Q000063	0	C000943_nl_002	1
Q000063	0	C000943_nl_003	1
Q000063	0	C000943_nl_004	1
Q000063	0	C000943_nl_005	1
Q000063	0	C000943_nl_006	1
Q000063	0	C000943_nl_007	1
Q000064	0	C003445_nl_000	1
Q000064	0	C003445_nl_001	1
Q000064	0	C003445_nl_002	1
Q000064	0	C003445_nl_003	1
Q000064	0	C003445_nl_004	1
Q000064	0	C003445_nl_005	1
Q000064	0	C003445_nl_006	1
Q000064	0	C003445_nl_007	1
Q000064	0	C003445_nl_008	1
Q000064	0	C003445_nl_009	1
Q000065	0	C002701_nl_000	1
Q000065	0	C002701_nl_001	1
Q000065	0	C002701_nl_002	1
Q000066	0	C001858_nl_000	1
Q000066	0	C001858_nl_001	1
Q000066	0	C001858_nl_002	1
Q000066	0	C001858_nl_003	1
Q000066	0	C001858_nl_004	1
Q000066	0	C001858_nl_005	1
Q000066	0	C001858_nl_006	1
Q000066	0	C001858_nl_007	1
Q000066	0	C001858_nl_008	1
Q000067	0	C001858_nl_000	1
Q000067	0	C001858_nl_001	1
Q000067	0	C001858_nl_002	1
Q000067	0	C001858_nl_003	1
Q000067	0	C001858_nl_004	1
Q000067	0	C001858_nl_005	1
Q000067	0	C001858_nl_006	1
Q000067	0	C001858_nl_007	1
Q000067	0	C001858_nl_008	1
Q000068	0	C001858_nl_000	1
Q000068	0	C001858_nl_001	1
Q000068	0	C001858_nl_002	1
Q000068	0	C001858_nl_003	1
Q000068	0	C001858_nl_004	1
Q000068	0	C001858_nl_005	1
Q000068	0	C001858_nl_006	1
Q000068	0	C001858_nl_007	1
Q000068	0	C001858_nl_008	1
Q000069	0	C003043_nl_000	1
Q000069	0	C003043_nl_001	1
Q000069	0	C003043_nl_002	1
Q000069	0	C003043_nl_003	1
Q000069	0	C003043_nl_004	1
Q000069	0	C003043_nl_005	1
Q000069	0	C003043_nl_006	1
Q000069	0	C003043_nl_007	1
Q000069	0	C003043_nl_008	1
Q000069	0	C003043_nl_009	1
Q000069	0	C003043_nl_010	1
Q000069	0	C003043_nl_011	1
Q000069	0	C003043_nl_012	1
Q000069	0	C003043_nl_013	1
Q000069	0	C003043_nl_014	1
Q000069	0	C003043_nl_015	1
Q000069	0	C003043_nl_016	1
Q000069	0	C003043_nl_017	1
Q000069	0	C003043_nl_018	1
Q000069	0	C003043_nl_019	1
Q000069	0	C003043_nl_020	1
Q000069	0	C003043_nl_021	1
Q000069	0	C003043_nl_022	1
Q000069	0	C003043_nl_023	1
Q000069	0	C003043_nl_024	1
Q000069	0	C003043_nl_025	1
Q000070	0	C002946_nl_000	1
Q000070	0	C002946_nl_001	1
Q000070	0	C002946_nl_002	1
Q000070	0	C002946_nl_003	1
Q000070	0	C002946_nl_004	1
Q000070	0	C002946_nl_005	1
Q000070	0	C002946_nl_006	1
Q000070	0	C002946_nl_007	1
Q000071	0	C002490_nl_000	1
Q000071	0	C002490_nl_001	1
Q000072	0	C001435_nl_000	1
Q000072	0	C001435_nl_001	1
Q000072	0	C001435_nl_002	1
Q000072	0	C001435_nl_003	1
Q000072	0	C001435_nl_004	1
Q000072	0	C001435_nl_005	1
Q000072	0	C001435_nl_006	1
Q000072	0	C001435_nl_007	1
Q000072	0	C001435_nl_008	1
Q000072	0	C001435_nl_009	1
Q000072	0	C001435_nl_010	1
Q000072	0	C001435_nl_011	1
Q000072	0	C001435_nl_012	1
Q000072	0	C001435_nl_013	1
Q000072	0	C001435_nl_014	1
Q000072	0	C001435_nl_015	1
Q000073	0	C002585_nl_000	1
Q000073	0	C002585_nl_001	1
Q000073	0	C002585_nl_002	1
Q000073	0	C002585_nl_003	1
Q000073	0	C002585_nl_004	1
Q000073	0	C002585_nl_005	1
Q000073	0	C002585_nl_006	1
Q000073	0	C002585_nl_007	1
Q000073	0	C002585_nl_008	1
Q000073	0	C002585_nl_009	1
Q000073	0	C002585_nl_010	1
Q000073	0	C002585_nl_011	1
Q000073	0	C002585_nl_012	1
Q000073	0	C002585_nl_013	1
Q000073	0	C002585_nl_014	1
Q000073	0	C002585_nl_015	1
Q000074	0	C000691_nl_000	1
Q000074	0	C000691_nl_001	1
Q000074	0	C000691_nl_002	1
Q000074	0	C000691_nl_003	1
Q000074	0	C000691_nl_004	1
Q000074	0	C000691_nl_005	1
Q000074	0	C000691_nl_006	1
Q000074	0	C000691_nl_007	1
Q000075	0	C001611_nl_000	1
Q000075	0	C001611_nl_001	1
Q000076	0	C003420_nl_000	1
Q000076	0	C003420_nl_001	1
Q000076	0	C003420_nl_002	1
Q000076	0	C003420_nl_003	1
Q000076	0	C003420_nl_004	1
Q000076	0	C003420_nl_005	1
Q000076	0	C003420_nl_006	1
Q000076	0	C003420_nl_007	1
Q000076	0	C003420_nl_008	1
Q000076	0	C003420_nl_009	1
Q000077	0	C001273_nl_000	1
Q000077	0	C001273_nl_001	1
Q000078	0	C000759_nl_000	1
Q000078	0	C000759_nl_001	1
Q000078	0	C000759_nl_002	1
Q000078	0	C000759_nl_003	1
Q000078	0	C000759_nl_004	1
Q000078	0	C000759_nl_005	1
Q000078	0	C000759_nl_006	1
Q000078	0	C000759_nl_007	1
Q000079	0	C000643_nl_000	1
Q000079	0	C000643_nl_001	1
Q000079	0	C000643_nl_002	1
Q000080	0	C000863_nl_000	1
Q000080	0	C000863_nl_001	1
Q000080	0	C000863_nl_002	1
Q000080	0	C000863_nl_003	1
Q000080	0	C000863_nl_004	1
Q000080	0	C000863_nl_005	1
Q000080	0	C000863_nl_006	1
Q000080	0	C000863_nl_007	1
Q000080	0	C000863_nl_008	1
Q000080	0	C000863_nl_009	1
Q000080	0	C000863_nl_010	1
Q000080	0	C000863_nl_011	1
Q000080	0	C000863_nl_012	1
Q000080	0	C000863_nl_013	1
Q000080	0	C000863_nl_014	1
Q000080	0	C000863_nl_015	1
Q000080	0	C000863_nl_016	1
Q000080	0	C000863_nl_017	1
Q000080	0	C000863_nl_018	1
Q000081	0	C001952_nl_000	1
Q000081	0	C001952_nl_001	1
Q000081	0	C001952_nl_002	1
Q000081	0	C001952_nl_003	1
Q000081	0	C001952_nl_004	1
Q000081	0	C001952_nl_005	1
Q000081	0	C001952_nl_006	1
Q000081	0	C001952_nl_007	1
Q000081	0	C001952_nl_008	1
Q000081	0	C001952_nl_009	1
Q000081	0	C001952_nl_010	1
Q000081	0	C001952_nl_011	1
Q000081	0	C001952_nl_012	1
Q000081	0	C001952_nl_013	1
Q000081	0	C001952_nl_014	1
Q000081	0	C001952_nl_015	1
Q000081	0	C001952_nl_016	1
Q000081	0	C001952_nl_017	1
Q000081	0	C001952_nl_018	1
Q000081	0	C001952_nl_019	1
Q000082	0	C001977_nl_000	1
Q000082	0	C001977_nl_001	1
Q000082	0	C001977_nl_002	1
Q000082	0	C001977_nl_003	1
Q000082	0	C001977_nl_004	1
Q000082	0	C001977_nl_005	1
Q000082	0	C001977_nl_006	1
Q000082	0	C001977_nl_007	1
Q000082	0	C001977_nl_008	1
Q000082	0	C001977_nl_009	1
Q000082	0	C001977_nl_010	1
Q000082	0	C001977_nl_011	1
Q000082	0	C001977_nl_012	1
Q000082	0	C001977_nl_013	1
Q000082	0	C001977_nl_014	1
Q000082	0	C001977_nl_015	1
Q000082	0	C001977_nl_016	1
Q000082	0	C001977_nl_017	1
Q000082	0	C001977_nl_018	1
Q000082	0	C001977_nl_019	1
Q000082	0	C001977_nl_020	1
Q000082	0	C001977_nl_021	1
Q000082	0	C001977_nl_022	1
Q000082	0	C001977_nl_023	1
Q000082	0	C001977_nl_024	1
Q000082	0	C001977_nl_025	1
Q000082	0	C001977_nl_026	1
Q000082	0	C001977_nl_027	1
Q000082	0	C001977_nl_028	1
Q000082	0	C001977_nl_029	1
Q000082	0	C001977_nl_030	1
Q000082	0	C001977_nl_031	1
Q000082	0	C001977_nl_032	1
Q000082	0	C001977_nl_033	1
Q000082	0	C001977_nl_034	1
Q000082	0	C001977_nl_035	1
Q000082	0	C001977_nl_036	1
Q000082	0	C001977_nl_037	1
Q000082	0	C001977_nl_038	1
Q000082	0	C001977_nl_039	1
Q000082	0	C001977_nl_040	1
Q000082	0	C001977_nl_041	1
Q000082	0	C001977_nl_042	1
Q000082	0	C001977_nl_043	1
Q000082	0	C001977_nl_044	1
Q000082	0	C001977_nl_045	1
Q000082	0	C001977_nl_046	1
Q000082	0	C001977_nl_047	1
Q000082	0	C001977_nl_048	1
Q000082	0	C001977_nl_049	1
Q000082	0	C001977_nl_050	1
Q000082	0	C001977_nl_051	1
Q000082	0	C001977_nl_052	1
Q000082	0	C001977_nl_053	1
Q000082	0	C001977_nl_054	1
Q000082	0	C001977_nl_055	1
Q000082	0	C001977_nl_056	1
Q000082	0	C001977_nl_057	1
Q000082	0	C001977_nl_058	1
Q000082	0	C001977_nl_059	1
Q000082	0	C001977_nl_060	1
Q000082	0	C001977_nl_061	1
Q000082	0	C001977_nl_062	1
Q000082	0	C001977_nl_063	1
Q000082	0	C001977_nl_064	1
Q000082	0	C001977_nl_065	1
Q000082	0	C001977_nl_066	1
Q000082	0	C001977_nl_067	1
Q000082	0	C001977_nl_068	1
Q000082	0	C001977_nl_069	1
Q000082	0	C001977_nl_070	1
Q000082	0	C001977_nl_071	1
Q000082	0	C001977_nl_072	1
Q000083	0	C002564_nl_000	1
Q000083	0	C002564_nl_001	1
Q000083	0	C002564_nl_002	1
Q000083	0	C002564_nl_003	1
Q000083	0	C002564_nl_004	1
Q000084	0	C000974_nl_000	1
Q000084	0	C000974_nl_001	1
Q000084	0	C000974_nl_002	1
Q000084	0	C000974_nl_003	1
Q000084	0	C000974_nl_004	1
Q000084	0	C000974_nl_005	1
Q000085	0	C003029_nl_000	1
Q000085	0	C003029_nl_001	1
Q000085	0	C003029_nl_002	1
Q000085	0	C003029_nl_003	1
Q000085	0	C003029_nl_004	1
Q000085	0	C003029_nl_005	1
Q000085	0	C003029_nl_006	1
Q000085	0	C003029_nl_007	1
Q000085	0	C003029_nl_008	1
Q000085	0	C003029_nl_009	1
Q000086	0	C001721_nl_000	1
Q000086	0	C001721_nl_001	1
Q000086	0	C001721_nl_002	1
Q000086	0	C001721_nl_003	1
Q000087	0	C002075_nl_000	1
Q000087	0	C002075_nl_001	1
Q000087	0	C002075_nl_002	1
Q000087	0	C002075_nl_003	1
Q000087	0	C002075_nl_004	1
Q000087	0	C002075_nl_005	1
Q000087	0	C002075_nl_006	1
Q000087	0	C002075_nl_007	1
Q000087	0	C002075_nl_008	1
Q000088	0	C000935_nl_000	1
Q000088	0	C000935_nl_001	1
Q000088	0	C000935_nl_002	1
Q000088	0	C000935_nl_003	1
Q000088	0	C000935_nl_004	1
Q000088	0	C000935_nl_005	1
Q000089	0	C002977_nl_000	1
Q000089	0	C002977_nl_001	1
Q000089	0	C002977_nl_002	1
Q000089	0	C002977_nl_003	1
Q000089	0	C002977_nl_004	1
Q000089	0	C002977_nl_005	1
Q000089	0	C002977_nl_006	1
Q000089	0	C002977_nl_007	1
Q000090	0	C001054_nl_000	1
Q000090	0	C001054_nl_001	1
Q000090	0	C001054_nl_002	1
Q000090	0	C001054_nl_003	1
Q000090	0	C001054_nl_004	1
Q000090	0	C001054_nl_005	1
Q000090	0	C001054_nl_006	1
Q000090	0	C001054_nl_007	1
Q000090	0	C001054_nl_008	1
Q000091	0	C001501_nl_000	1
Q000091	0	C001501_nl_001	1
Q000091	0	C001501_nl_002	1
Q000091	0	C001501_nl_003	1
Q000091	0	C001501_nl_004	1
Q000091	0	C001501_nl_005	1
Q000091	0	C001501_nl_006	1
Q000091	0	C001501_nl_007	1
Q000092	0	C001849_nl_000	1
Q000092	0	C001849_nl_001	1
Q000092	0	C001849_nl_002	1
Q000092	0	C001849_nl_003	1
Q000092	0	C001849_nl_004	1
Q000092	0	C001849_nl_005	1
Q000092	0	C001849_nl_006	1
Q000092	0	C001849_nl_007	1
Q000092	0	C001849_nl_008	1
Q000092	0	C001849_nl_009	1
Q000092	0	C001849_nl_010	1
Q000092	0	C001849_nl_011	1
Q000092	0	C001849_nl_012	1
Q000092	0	C001849_nl_013	1
Q000092	0	C001849_nl_014	1
Q000092	0	C001849_nl_015	1
Q000092	0	C001849_nl_016	1
Q000092	0	C001849_nl_017	1
Q000092	0	C001849_nl_018	1
Q000092	0	C001849_nl_019	1
Q000092	0	C001849_nl_020	1
Q000092	0	C001849_nl_021	1
Q000092	0	C001849_nl_022	1
Q000092	0	C001849_nl_023	1
Q000092	0	C001849_nl_024	1
Q000092	0	C001849_nl_025	1
Q000092	0	C001849_nl_026	1
Q000092	0	C001849_nl_027	1
Q000092	0	C001849_nl_028	1
Q000092	0	C001849_nl_029	1
Q000092	0	C001849_nl_030	1
Q000092	0	C001849_nl_031	1
Q000092	0	C001849_nl_032	1
Q000092	0	C001849_nl_033	1
Q000092	0	C001849_nl_034	1
Q000092	0	C001849_nl_035	1
Q000092	0	C001849_nl_036	1
Q000092	0	C001849_nl_037	1
Q000092	0	C001849_nl_038	1
Q000092	0	C001849_nl_039	1
Q000092	0	C001849_nl_040	1
Q000092	0	C001849_nl_041	1
Q000092	0	C001849_nl_042	1
Q000093	0	C002560_nl_000	1
Q000093	0	C002560_nl_001	1
Q000093	0	C002560_nl_002	1
Q000093	0	C002560_nl_003	1
Q000094	0	C003284_nl_000	1
Q000094	0	C003284_nl_001	1
Q000094	0	C003284_nl_002	1
Q000094	0	C003284_nl_003	1
Q000094	0	C003284_nl_004	1
Q000094	0	C003284_nl_005	1
Q000094	0	C003284_nl_006	1
Q000094	0	C003284_nl_007	1
Q000094	0	C003284_nl_008	1
Q000094	0	C003284_nl_009	1
Q000094	0	C003284_nl_010	1
Q000095	0	C002756_nl_000	1
Q000095	0	C002756_nl_001	1
Q000095	0	C002756_nl_002	1
Q000095	0	C002756_nl_003	1
Q000095	0	C002756_nl_004	1
Q000095	0	C002756_nl_005	1
Q000095	0	C002756_nl_006	1
Q000095	0	C002756_nl_007	1
Q000095	0	C002756_nl_008	1
Q000095	0	C002756_nl_009	1
Q000095	0	C002756_nl_010	1
Q000095	0	C002756_nl_011	1
Q000095	0	C002756_nl_012	1
Q000095	0	C002756_nl_013	1
Q000096	0	C000624_nl_000	1
Q000096	0	C000624_nl_001	1
Q000096	0	C000624_nl_002	1
Q000096	0	C000624_nl_003	1
Q000097	0	C001970_nl_000	1
Q000097	0	C001970_nl_001	1
Q000097	0	C001970_nl_002	1
Q000097	0	C001970_nl_003	1
Q000097	0	C001970_nl_004	1
Q000097	0	C001970_nl_005	1
Q000097	0	C001970_nl_006	1
Q000097	0	C001970_nl_007	1
Q000097	0	C001970_nl_008	1
Q000097	0	C001970_nl_009	1
Q000097	0	C001970_nl_010	1
Q000097	0	C001970_nl_011	1
Q000097	0	C001970_nl_012	1
Q000097	0	C001970_nl_013	1
Q000097	0	C001970_nl_014	1
Q000097	0	C001970_nl_015	1
Q000097	0	C001970_nl_016	1
Q000097	0	C001970_nl_017	1
Q000097	0	C001970_nl_018	1
Q000098	0	C002969_nl_000	1
Q000098	0	C002969_nl_001	1
Q000098	0	C002969_nl_002	1
Q000098	0	C002969_nl_003	1
Q000098	0	C002969_nl_004	1
Q000098	0	C002969_nl_005	1
Q000098	0	C002969_nl_006	1
Q000098	0	C002969_nl_007	1
Q000098	0	C002969_nl_008	1
Q000098	0	C002969_nl_009	1
Q000098	0	C002969_nl_010	1
Q000098	0	C002969_nl_011	1
Q000099	0	C001279_nl_000	1
Q000099	0	C001279_nl_001	1
Q000099	0	C001279_nl_002	1
Q000099	0	C001279_nl_003	1
Q000099	0	C001279_nl_004	1
Q000099	0	C001279_nl_005	1
Q000099	0	C001279_nl_006	1
Q000099	0	C001279_nl_007	1
Q000100	0	C001180_nl_000	1
Q000100	0	C001180_nl_001	1
Q000100	0	C001180_nl_002	1
Q000100	0	C001180_nl_003	1
Q000100	0	C001180_nl_004	1
Q000100	0	C001180_nl_005	1
Q000100	0	C001180_nl_006	1
Q000100	0	C001180_nl_007	1
Q000100	0	C001180_nl_008	1
Q000100	0	C001180_nl_009	1
Q000100	0	C001180_nl_010	1
Q000100	0	C001180_nl_011	1
Q000100	0	C001180_nl_012	1
Q000100	0	C001180_nl_013	1
Q000100	0	C001180_nl_014	1
Q000100	0	C001180_nl_015	1
Q000100	0	C001180_nl_016	1
Q000100	0	C001180_nl_017	1
Q000100	0	C001180_nl_018	1
Q000100	0	C001180_nl_019	1
Q000100	0	C001180_nl_020	1
Q000100	0	C001180_nl_021	1
Q000100	0	C001180_nl_022	1
Q000100	0	C001180_nl_023	1
Q000100	0	C001180_nl_024	1
Q000100	0	C001180_nl_025	1
Q000100	0	C001180_nl_026	1
Q000100	0	C001180_nl_027	1
Q000100	0	C001180_nl_028	1
Q000100	0	C001180_nl_029	1
Q000100	0	C001180_nl_030	1
Q000100	0	C001180_nl_031	1
Q000100	0	C001180_nl_032	1
Q000100	0	C001180_nl_033	1
Q000100	0	C001180_nl_034	1
Q000100	0	C001180_nl_035	1
Q000100	0	C001180_nl_036	1
Q000101	0	C002106_nl_000	1
Q000101	0	C002106_nl_001	1
Q000101	0	C002106_nl_002	1
Q000101	0	C002106_nl_003	1
Q000101	0	C002106_nl_004	1
Q000101	0	C002106_nl_005	1
Q000101	0	C002106_nl_006	1
Q000101	0	C002106_nl_007	1
Q000101	0	C002106_nl_008	1
Q000101	0	C002106_nl_009	1
Q000101	0	C002106_nl_010	1
Q000101	0	C002106_nl_011	1
Q000101	0	C002106_nl_012	1
Q000101	0	C002106_nl_013	1
Q000102	0	C001137_nl_000	1
Q000102	0	C001137_nl_001	1
Q000102	0	C001137_nl_002	1
Q000103	0	C003079_nl_000	1
Q000103	0	C003079_nl_001	1
Q000103	0	C003079_nl_002	1
Q000103	0	C003079_nl_003	1
Q000103	0	C003079_nl_004	1
Q000103	0	C003079_nl_005	1
Q000103	0	C003079_nl_006	1
Q000104	0	C001939_nl_000	1
Q000104	0	C001939_nl_001	1
Q000104	0	C001939_nl_002	1
Q000104	0	C001939_nl_003	1
Q000104	0	C001939_nl_004	1
Q000104	0	C001939_nl_005	1
Q000105	0	C001884_nl_000	1
Q000105	0	C001884_nl_001	1
Q000105	0	C001884_nl_002	1
Q000105	0	C001884_nl_003	1
Q000105	0	C001884_nl_004	1
Q000105	0	C001884_nl_005	1
Q000106	0	C000791_nl_000	1
Q000106	0	C000791_nl_001	1
Q000106	0	C000791_nl_002	1
Q000106	0	C000791_nl_003	1
Q000106	0	C000791_nl_004	1
Q000106	0	C000791_nl_005	1
Q000106	0	C000791_nl_006	1
Q000106	0	C000791_nl_007	1
Q000106	0	C000791_nl_008	1
Q000106	0	C000791_nl_009	1
Q000106	0	C000791_nl_010	1
Q000106	0	C000791_nl_011	1
Q000106	0	C000791_nl_012	1
Q000106	0	C000791_nl_013	1
Q000106	0	C000791_nl_014	1
Q000106	0	C000791_nl_015	1
Q000106	0	C000791_nl_016	1
Q000106	0	C000791_nl_017	1
Q000106	0	C000791_nl_018	1
Q000106	0	C000791_nl_019	1
Q000106	0	C000791_nl_020	1
Q000106	0	C000791_nl_021	1
Q000106	0	C000791_nl_022	1
Q000106	0	C000791_nl_023	1
Q000107	0	C001371_nl_000	1
Q000107	0	C001371_nl_001	1
Q000107	0	C001371_nl_002	1
Q000107	0	C001371_nl_003	1
Q000108	0	C002359_nl_000	1
Q000109	0	C002320_nl_000	1
Q000109	0	C002320_nl_001	1
Q000109	0	C002320_nl_002	1
Q000109	0	C002320_nl_003	1
Q000109	0	C002320_nl_004	1
Q000109	0	C002320_nl_005	1
Q000109	0	C002320_nl_006	1
Q000109	0	C002320_nl_007	1
Q000109	0	C002320_nl_008	1
Q000109	0	C002320_nl_009	1
Q000109	0	C002320_nl_010	1
Q000109	0	C002320_nl_011	1
Q000109	0	C002320_nl_012	1
Q000109	0	C002320_nl_013	1
Q000110	0	C003499_nl_000	1
Q000110	0	C003499_nl_001	1
Q000110	0	C003499_nl_002	1
Q000110	0	C003499_nl_003	1
Q000110	0	C003499_nl_004	1
Q000111	0	C000769_nl_000	1
Q000111	0	C000769_nl_001	1
Q000111	0	C000769_nl_002	1
Q000111	0	C000769_nl_003	1
Q000111	0	C000769_nl_004	1
Q000111	0	C000769_nl_005	1
Q000111	0	C000769_nl_006	1
Q000111	0	C000769_nl_007	1
Q000111	0	C000769_nl_008	1
Q000111	0	C000769_nl_009	1
Q000111	0	C000769_nl_010	1
Q000111	0	C000769_nl_011	1
Q000111	0	C000769_nl_012	1
Q000111	0	C000769_nl_013	1
Q000111	0	C000769_nl_014	1
Q000111	0	C000769_nl_015	1
Q000111	0	C000769_nl_016	1
Q000111	0	C000769_nl_017	1
Q000111	0	C000769_nl_018	1
Q000111	0	C000769_nl_019	1
Q000111	0	C000769_nl_020	1
Q000112	0	C002913_nl_000	1
Q000112	0	C002913_nl_001	1
Q000112	0	C002913_nl_002	1
Q000112	0	C002913_nl_003	1
Q000112	0	C002913_nl_004	1
Q000112	0	C002913_nl_005	1
Q000112	0	C002913_nl_006	1
Q000112	0	C002913_nl_007	1
Q000112	0	C002913_nl_008	1
Q000112	0	C002913_nl_009	1
Q000112	0	C002913_nl_010	1
Q000112	0	C002913_nl_011	1
Q000113	0	C002614_nl_000	1
Q000113	0	C002614_nl_001	1
Q000113	0	C002614_nl_002	1
Q000113	0	C002614_nl_003	1
Q000113	0	C002614_nl_004	1
Q000113	0	C002614_nl_005	1
Q000113	0	C002614_nl_006	1
Q000113	0	C002614_nl_007	1
Q000113	0	C002614_nl_008	1
Q000113	0	C002614_nl_009	1
Q000114	0	C003404_nl_000	1
Q000114	0	C003404_nl_001	1
Q000114	0	C003404_nl_002	1
Q000115	0	C000697_nl_000	1
Q000115	0	C000697_nl_001	1
Q000115	0	C000697_nl_002	1
Q000115	0	C000697_nl_003	1
Q000115	0	C000697_nl_004	1
Q000115	0	C000697_nl_005	1
Q000115	0	C000697_nl_006	1
Q000116	0	C002575_nl_000	1
Q000116	0	C002575_nl_001	1
Q000116	0	C002575_nl_002	1
Q000116	0	C002575_nl_003	1
Q000116	0	C002575_nl_004	1
Q000116	0	C002575_nl_005	1
Q000117	0	C002000_nl_000	1
Q000117	0	C002000_nl_001	1
Q000118	0	C001859_nl_000	1
Q000118	0	C001859_nl_001	1
Q000118	0	C001859_nl_002	1
Q000118	0	C001859_nl_003	1
Q000118	0	C001859_nl_004	1
Q000118	0	C001859_nl_005	1
Q000119	0	C001908_nl_000	1
Q000119	0	C001908_nl_001	1
Q000119	0	C001908_nl_002	1
Q000119	0	C001908_nl_003	1
Q000119	0	C001908_nl_004	1
Q000119	0	C001908_nl_005	1
Q000119	0	C001908_nl_006	1
Q000119	0	C001908_nl_007	1
Q000119	0	C001908_nl_008	1
Q000119	0	C001908_nl_009	1
Q000119	0	C001908_nl_010	1
Q000120	0	C002316_nl_000	1
Q000121	0	C001707_nl_000	1
Q000121	0	C001707_nl_001	1
Q000121	0	C001707_nl_002	1
Q000121	0	C001707_nl_003	1
Q000121	0	C001707_nl_004	1
Q000121	0	C001707_nl_005	1
Q000121	0	C001707_nl_006	1
Q000121	0	C001707_nl_007	1
Q000121	0	C001707_nl_008	1
Q000122	0	C002450_nl_000	1
Q000122	0	C002450_nl_001	1
Q000122	0	C002450_nl_002	1
Q000122	0	C002450_nl_003	1
Q000123	0	C002376_nl_000	1
Q000123	0	C002376_nl_001	1
Q000123	0	C002376_nl_002	1
Q000123	0	C002376_nl_003	1
Q000123	0	C002376_nl_004	1
Q000123	0	C002376_nl_005	1
Q000124	0	C003547_nl_000	1
Q000124	0	C003547_nl_001	1
Q000124	0	C003547_nl_002	1
Q000124	0	C003547_nl_003	1
Q000124	0	C003547_nl_004	1
Q000124	0	C003547_nl_005	1
Q000124	0	C003547_nl_006	1
Q000124	0	C003547_nl_007	1
Q000124	0	C003547_nl_008	1
Q000125	0	C002345_nl_000	1
Q000125	0	C002345_nl_001	1
Q000125	0	C002345_nl_002	1
Q000125	0	C002345_nl_003	1
Q000125	0	C002345_nl_004	1
Q000125	0	C002345_nl_005	1
Q000125	0	C002345_nl_006	1
Q000125	0	C002345_nl_007	1
Q000125	0	C002345_nl_008	1
Q000125	0	C002345_nl_009	1
Q000125	0	C002345_nl_010	1
Q000125	0	C002345_nl_011	1
Q000125	0	C002345_nl_012	1
Q000125	0	C002345_nl_013	1
Q000126	0	C001131_nl_000	1
Q000126	0	C001131_nl_001	1
Q000126	0	C001131_nl_002	1
Q000126	0	C001131_nl_003	1
Q000126	0	C001131_nl_004	1
Q000126	0	C001131_nl_005	1
Q000126	0	C001131_nl_006	1
Q000126	0	C001131_nl_007	1
Q000126	0	C001131_nl_008	1
Q000126	0	C001131_nl_009	1
Q000126	0	C001131_nl_010	1
Q000126	0	C001131_nl_011	1
Q000126	0	C001131_nl_012	1
Q000126	0	C001131_nl_013	1
Q000126	0	C001131_nl_014	1
Q000126	0	C001131_nl_015	1
Q000126	0	C001131_nl_016	1
Q000126	0	C001131_nl_017	1
Q000126	0	C001131_nl_018	1
Q000126	0	C001131_nl_019	1
Q000126	0	C001131_nl_020	1
Q000126	0	C001131_nl_021	1
Q000127	0	C003425_nl_000	1
Q000127	0	C003425_nl_001	1
Q000127	0	C003425_nl_002	1
Q000128	0	C001238_nl_000	1
Q000128	0	C001238_nl_001	1
Q000128	0	C001238_nl_002	1
Q000128	0	C001238_nl_003	1
Q000128	0	C001238_nl_004	1
Q000128	0	C001238_nl_005	1
Q000128	0	C001238_nl_006	1
Q000128	0	C001238_nl_007	1
Q000128	0	C001238_nl_008	1
Q000128	0	C001238_nl_009	1
Q000128	0	C001238_nl_010	1
Q000128	0	C001238_nl_011	1
Q000128	0	C001238_nl_012	1
Q000129	0	C003241_nl_000	1
Q000129	0	C003241_nl_001	1
Q000129	0	C003241_nl_002	1
Q000129	0	C003241_nl_003	1
Q000129	0	C003241_nl_004	1
Q000129	0	C003241_nl_005	1
Q000130	0	C003495_nl_000	1
Q000130	0	C003495_nl_001	1
Q000130	0	C003495_nl_002	1
Q000130	0	C003495_nl_003	1
Q000130	0	C003495_nl_004	1
Q000131	0	C002489_nl_000	1
Q000131	0	C002489_nl_001	1
Q000131	0	C002489_nl_002	1
Q000131	0	C002489_nl_003	1
Q000131	0	C002489_nl_004	1
Q000132	0	C002601_nl_000	1
Q000132	0	C002601_nl_001	1
Q000132	0	C002601_nl_002	1
Q000132	0	C002601_nl_003	1
Q000132	0	C002601_nl_004	1
Q000132	0	C002601_nl_005	1
Q000132	0	C002601_nl_006	1
Q000132	0	C002601_nl_007	1
Q000132	0	C002601_nl_008	1
Q000132	0	C002601_nl_009	1
Q000133	0	C002990_nl_000	1
Q000133	0	C002990_nl_001	1
Q000133	0	C002990_nl_002	1
Q000133	0	C002990_nl_003	1
Q000133	0	C002990_nl_004	1
Q000133	0	C002990_nl_005	1
Q000133	0	C002990_nl_006	1
Q000133	0	C002990_nl_007	1
Q000133	0	C002990_nl_008	1
Q000133	0	C002990_nl_009	1
Q000133	0	C002990_nl_010	1
Q000134	0	C003166_nl_000	1
Q000134	0	C003166_nl_001	1
Q000134	0	C003166_nl_002	1
Q000134	0	C003166_nl_003	1
Q000134	0	C003166_nl_004	1
Q000134	0	C003166_nl_005	1
Q000134	0	C003166_nl_006	1
Q000134	0	C003166_nl_007	1
Q000135	0	C002798_nl_000	1
Q000135	0	C002798_nl_001	1
Q000135	0	C002798_nl_002	1
Q000136	0	C001745_nl_000	1
Q000136	0	C001745_nl_001	1
Q000136	0	C001745_nl_002	1
Q000136	0	C001745_nl_003	1
Q000136	0	C001745_nl_004	1
Q000136	0	C001745_nl_005	1
Q000136	0	C001745_nl_006	1
Q000136	0	C001745_nl_007	1
Q000136	0	C001745_nl_008	1
Q000136	0	C001745_nl_009	1
Q000136	0	C001745_nl_010	1
Q000136	0	C001745_nl_011	1
Q000136	0	C001745_nl_012	1
Q000136	0	C001745_nl_013	1
Q000136	0	C001745_nl_014	1
Q000136	0	C001745_nl_015	1
Q000137	0	C003530_nl_000	1
Q000137	0	C003530_nl_001	1
Q000137	0	C003530_nl_002	1
Q000137	0	C003530_nl_003	1
Q000137	0	C003530_nl_004	1
Q000137	0	C003530_nl_005	1
Q000137	0	C003530_nl_006	1
Q000137	0	C003530_nl_007	1
Q000138	0	C002742_nl_000	1
Q000138	0	C002742_nl_001	1
Q000138	0	C002742_nl_002	1
Q000138	0	C002742_nl_003	1
Q000138	0	C002742_nl_004	1
Q000138	0	C002742_nl_005	1
Q000138	0	C002742_nl_006	1
Q000138	0	C002742_nl_007	1
Q000138	0	C002742_nl_008	1
Q000138	0	C002742_nl_009	1
Q000139	0	C003374_nl_000	1
Q000139	0	C003374_nl_001	1
Q000139	0	C003374_nl_002	1
Q000139	0	C003374_nl_003	1
Q000139	0	C003374_nl_004	1
Q000139	0	C003374_nl_005	1
Q000139	0	C003374_nl_006	1
Q000139	0	C003374_nl_007	1
Q000139	0	C003374_nl_008	1
Q000139	0	C003374_nl_009	1
Q000139	0	C003374_nl_010	1
Q000139	0	C003374_nl_011	1
Q000139	0	C003374_nl_012	1
Q000139	0	C003374_nl_013	1
Q000139	0	C003374_nl_014	1
Q000139	0	C003374_nl_015	1
Q000139	0	C003374_nl_016	1
Q000139	0	C003374_nl_017	1
Q000139	0	C003374_nl_018	1
Q000139	0	C003374_nl_019	1
Q000139	0	C003374_nl_020	1
Q000139	0	C003374_nl_021	1
Q000139	0	C003374_nl_022	1
Q000139	0	C003374_nl_023	1
Q000140	0	C003160_nl_000	1
Q000140	0	C003160_nl_001	1
Q000140	0	C003160_nl_002	1
Q000140	0	C003160_nl_003	1
Q000140	0	C003160_nl_004	1
Q000141	0	C002878_nl_000	1
Q000141	0	C002878_nl_001	1
Q000141	0	C002878_nl_002	1
Q000141	0	C002878_nl_003	1
Q000141	0	C002878_nl_004	1
Q000141	0	C002878_nl_005	1
Q000141	0	C002878_nl_006	1
Q000141	0	C002878_nl_007	1
Q000141	0	C002878_nl_008	1
Q000141	0	C002878_nl_009	1
Q000141	0	C002878_nl_010	1
Q000142	0	C001891_nl_000	1
Q000142	0	C001891_nl_001	1
Q000142	0	C001891_nl_002	1
Q000142	0	C001891_nl_003	1
Q000142	0	C001891_nl_004	1
Q000142	0	C001891_nl_005	1
Q000142	0	C001891_nl_006	1
Q000142	0	C001891_nl_007	1
Q000142	0	C001891_nl_008	1
Q000142	0	C001891_nl_009	1
Q000142	0	C001891_nl_010	1
Q000142	0	C001891_nl_011	1
Q000143	0	C002988_nl_000	1
Q000143	0	C002988_nl_001	1
Q000143	0	C002988_nl_002	1
Q000144	0	C000998_nl_000	1
Q000144	0	C000998_nl_001	1
Q000144	0	C000998_nl_002	1
Q000144	0	C000998_nl_003	1
Q000144	0	C000998_nl_004	1
Q000144	0	C000998_nl_005	1
Q000144	0	C000998_nl_006	1
Q000144	0	C000998_nl_007	1
Q000144	0	C000998_nl_008	1
Q000144	0	C000998_nl_009	1
Q000144	0	C000998_nl_010	1
Q000144	0	C000998_nl_011	1
Q000145	0	C000777_nl_000	1
Q000145	0	C000777_nl_001	1
Q000146	0	C001701_nl_000	1
Q000146	0	C001701_nl_001	1
Q000147	0	C002183_nl_000	1
Q000147	0	C002183_nl_001	1
Q000147	0	C002183_nl_002	1
Q000147	0	C002183_nl_003	1
Q000147	0	C002183_nl_004	1
Q000147	0	C002183_nl_005	1
Q000147	0	C002183_nl_006	1
Q000147	0	C002183_nl_007	1
Q000148	0	C000620_nl_000	1
Q000148	0	C000620_nl_001	1
Q000148	0	C000620_nl_002	1
Q000148	0	C000620_nl_003	1
Q000148	0	C000620_nl_004	1
Q000149	0	C001612_nl_000	1
Q000149	0	C001612_nl_001	1
Q000149	0	C001612_nl_002	1
Q000149	0	C001612_nl_003	1
Q000149	0	C001612_nl_004	1
Q000150	0	C002277_nl_000	1
Q000150	0	C002277_nl_001	1
Q000150	0	C002277_nl_002	1
Q000150	0	C002277_nl_003	1
Q000150	0	C002277_nl_004	1
Q000150	0	C002277_nl_005	1
Q000150	0	C002277_nl_006	1
Q000150	0	C002277_nl_007	1
Q000150	0	C002277_nl_008	1
Q000150	0	C002277_nl_009	1
Q000150	0	C002277_nl_010	1
Q000150	0	C002277_nl_011	1
Q000150	0	C002277_nl_012	1
Q000150	0	C002277_nl_013	1
Q000150	0	C002277_nl_014	1
Q000150	0	C002277_nl_015	1
Q000150	0	C002277_nl_016	1
Q000150	0	C002277_nl_017	1
Q000151	0	C003048_nl_000	1
Q000151	0	C003048_nl_001	1
Q000151	0	C003048_nl_002	1
Q000151	0	C003048_nl_003	1
Q000151	0	C003048_nl_004	1
Q000152	0	C003189_nl_000	1
Q000152	0	C003189_nl_001	1
Q000153	0	C001511_nl_000	1
Q000153	0	C001511_nl_001	1
Q000153	0	C001511_nl_002	1
Q000153	0	C001511_nl_003	1
Q000153	0	C001511_nl_004	1
Q000153	0	C001511_nl_005	1
Q000153	0	C001511_nl_006	1
Q000153	0	C001511_nl_007	1
Q000153	0	C001511_nl_008	1
Q000153	0	C001511_nl_009	1
Q000154	0	C001242_nl_000	1
Q000154	0	C001242_nl_001	1
Q000154	0	C001242_nl_002	1
Q000154	0	C001242_nl_003	1
Q000154	0	C001242_nl_004	1
Q000154	0	C001242_nl_005	1
Q000155	0	C001930_nl_000	1
Q000155	0	C001930_nl_001	1
Q000155	0	C001930_nl_002	1
Q000155	0	C001930_nl_003	1
Q000155	0	C001930_nl_004	1
Q000155	0	C001930_nl_005	1
Q000155	0	C001930_nl_006	1
Q000155	0	C001930_nl_007	1
Q000155	0	C001930_nl_008	1
Q000155	0	C001930_nl_009	1
Q000156	0	C002151_nl_000	1
Q000156	0	C002151_nl_001	1
Q000156	0	C002151_nl_002	1
Q000156	0	C002151_nl_003	1
Q000156	0	C002151_nl_004	1
Q000156	0	C002151_nl_005	1
Q000156	0	C002151_nl_006	1
Q000156	0	C002151_nl_007	1
Q000157	0	C001192_nl_000	1
Q000157	0	C001192_nl_001	1
Q000157	0	C001192_nl_002	1
Q000157	0	C001192_nl_003	1
Q000157	0	C001192_nl_004	1
Q000157	0	C001192_nl_005	1
Q000157	0	C001192_nl_006	1
Q000157	0	C001192_nl_007	1
Q000157	0	C001192_nl_008	1
Q000158	0	C001033_nl_000	1
Q000158	0	C001033_nl_001	1
Q000158	0	C001033_nl_002	1
Q000158	0	C001033_nl_003	1
Q000158	0	C001033_nl_004	1
Q000158	0	C001033_nl_005	1
Q000158	0	C001033_nl_006	1
Q000158	0	C001033_nl_007	1
Q000159	0	C003556_nl_000	1
Q000159	0	C003556_nl_001	1
Q000159	0	C003556_nl_002	1
Q000159	0	C003556_nl_003	1
Q000159	0	C003556_nl_004	1
Q000160	0	C002622_nl_000	1
Q000160	0	C002622_nl_001	1
Q000160	0	C002622_nl_002	1
Q000161	0	C003441_nl_000	1
Q000161	0	C003441_nl_001	1
Q000161	0	C003441_nl_002	1
Q000161	0	C003441_nl_003	1
Q000161	0	C003441_nl_004	1
Q000161	0	C003441_nl_005	1
Q000161	0	C003441_nl_006	1
Q000161	0	C003441_nl_007	1
Q000161	0	C003441_nl_008	1
Q000161	0	C003441_nl_009	1
Q000161	0	C003441_nl_010	1
Q000161	0	C003441_nl_011	1
Q000161	0	C003441_nl_012	1
Q000161	0	C003441_nl_013	1
Q000161	0	C003441_nl_014	1
Q000161	0	C003441_nl_015	1
Q000161	0	C003441_nl_016	1
Q000162	0	C002463_nl_000	1
Q000162	0	C002463_nl_001	1
Q000163	0	C002920_nl_000	1
Q000163	0	C002920_nl_001	1
Q000163	0	C002920_nl_002	1
Q000163	0	C002920_nl_003	1
Q000163	0	C002920_nl_004	1
Q000163	0	C002920_nl_005	1
Q000163	0	C002920_nl_006	1
Q000163	0	C002920_nl_007	1
Q000164	0	C001286_nl_000	1
Q000164	0	C001286_nl_001	1
Q000164	0	C001286_nl_002	1
Q000164	0	C001286_nl_003	1
Q000164	0	C001286_nl_004	1
Q000164	0	C001286_nl_005	1
Q000164	0	C001286_nl_006	1
Q000164	0	C001286_nl_007	1
Q000164	0	C001286_nl_008	1
Q000164	0	C001286_nl_009	1
Q000165	0	C001364_nl_000	1
Q000165	0	C001364_nl_001	1
Q000165	0	C001364_nl_002	1
Q000165	0	C001364_nl_003	1
Q000165	0	C001364_nl_004	1
Q000165	0	C001364_nl_005	1
Q000166	0	C002046_nl_000	1
Q000166	0	C002046_nl_001	1
Q000167	0	C001220_nl_000	1
Q000167	0	C001220_nl_001	1
Q000167	0	C001220_nl_002	1
Q000167	0	C001220_nl_003	1
Q000167	0	C001220_nl_004	1
Q000167	0	C001220_nl_005	1
Q000167	0	C001220_nl_006	1
Q000167	0	C001220_nl_007	1
Q000167	0	C001220_nl_008	1
Q000167	0	C001220_nl_009	1
Q000167	0	C001220_nl_010	1
Q000167	0	C001220_nl_011	1
Q000167	0	C001220_nl_012	1
Q000167	0	C001220_nl_013	1
Q000167	0	C001220_nl_014	1
Q000167	0	C001220_nl_015	1
Q000167	0	C001220_nl_016	1
Q000168	0	C001524_nl_000	1
Q000168	0	C001524_nl_001	1
Q000169	0	C003065_nl_000	1
Q000169	0	C003065_nl_001	1
Q000169	0	C003065_nl_002	1
Q000169	0	C003065_nl_003	1
Q000169	0	C003065_nl_004	1
Q000169	0	C003065_nl_005	1
Q000169	0	C003065_nl_006	1
Q000169	0	C003065_nl_007	1
Q000169	0	C003065_nl_008	1
Q000169	0	C003065_nl_009	1
Q000170	0	C002222_nl_000	1
Q000170	0	C002222_nl_001	1
Q000170	0	C002222_nl_002	1
Q000170	0	C002222_nl_003	1
Q000170	0	C002222_nl_004	1
Q000170	0	C002222_nl_005	1
Q000170	0	C002222_nl_006	1
Q000170	0	C002222_nl_007	1
Q000170	0	C002222_nl_008	1
Q000170	0	C002222_nl_009	1
Q000170	0	C002222_nl_010	1
Q000170	0	C002222_nl_011	1
Q000170	0	C002222_nl_012	1
Q000170	0	C002222_nl_013	1
Q000170	0	C002222_nl_014	1
Q000170	0	C002222_nl_015	1
Q000170	0	C002222_nl_016	1
Q000170	0	C002222_nl_017	1
Q000170	0	C002222_nl_018	1
Q000170	0	C002222_nl_019	1
Q000170	0	C002222_nl_020	1
Q000170	0	C002222_nl_021	1
Q000171	0	C002042_nl_000	1
Q000171	0	C002042_nl_001	1
Q000171	0	C002042_nl_002	1
Q000171	0	C002042_nl_003	1
Q000171	0	C002042_nl_004	1
Q000171	0	C002042_nl_005	1
Q000171	0	C002042_nl_006	1
Q000171	0	C002042_nl_007	1
Q000171	0	C002042_nl_008	1
Q000171	0	C002042_nl_009	1
Q000171	0	C002042_nl_010	1
Q000171	0	C002042_nl_011	1
Q000171	0	C002042_nl_012	1
Q000172	0	C003196_nl_000	1
Q000172	0	C003196_nl_001	1
Q000172	0	C003196_nl_002	1
Q000172	0	C003196_nl_003	1
Q000172	0	C003196_nl_004	1
Q000173	0	C000977_nl_000	1
Q000173	0	C000977_nl_001	1
Q000173	0	C000977_nl_002	1
Q000174	0	C000742_nl_000	1
Q000174	0	C000742_nl_001	1
Q000175	0	C000721_nl_000	1
Q000175	0	C000721_nl_001	1
Q000176	0	C000917_nl_000	1
Q000176	0	C000917_nl_001	1
Q000177	0	C003012_nl_000	1
Q000177	0	C003012_nl_001	1
Q000177	0	C003012_nl_002	1
Q000177	0	C003012_nl_003	1
Q000177	0	C003012_nl_004	1
Q000177	0	C003012_nl_005	1
Q000177	0	C003012_nl_006	1
Q000177	0	C003012_nl_007	1
Q000177	0	C003012_nl_008	1
Q000177	0	C003012_nl_009	1
Q000177	0	C003012_nl_010	1
Q000177	0	C003012_nl_011	1
Q000178	0	C001837_nl_000	1
Q000178	0	C001837_nl_001	1
Q000178	0	C001837_nl_002	1
Q000178	0	C001837_nl_003	1
Q000178	0	C001837_nl_004	1
Q000178	0	C001837_nl_005	1
Q000178	0	C001837_nl_006	1
Q000178	0	C001837_nl_007	1
Q000178	0	C001837_nl_008	1
Q000178	0	C001837_nl_009	1
Q000178	0	C001837_nl_010	1
Q000178	0	C001837_nl_011	1
Q000178	0	C001837_nl_012	1
Q000178	0	C001837_nl_013	1
Q000178	0	C001837_nl_014	1
Q000178	0	C001837_nl_015	1
Q000178	0	C001837_nl_016	1
Q000178	0	C001837_nl_017	1
Q000178	0	C001837_nl_018	1
Q000178	0	C001837_nl_019	1
Q000178	0	C001837_nl_020	1
Q000178	0	C001837_nl_021	1
Q000178	0	C001837_nl_022	1
Q000178	0	C001837_nl_023	1
Q000178	0	C001837_nl_024	1
Q000178	0	C001837_nl_025	1
Q000178	0	C001837_nl_026	1
Q000178	0	C001837_nl_027	1
Q000178	0	C001837_nl_028	1
Q000178	0	C001837_nl_029	1
Q000178	0	C001837_nl_030	1
Q000178	0	C001837_nl_031	1
Q000178	0	C001837_nl_032	1
Q000179	0	C003212_nl_000	1
Q000179	0	C003212_nl_001	1
Q000179	0	C003212_nl_002	1
Q000180	0	C003451_nl_000	1
Q000180	0	C003451_nl_001	1
Q000180	0	C003451_nl_002	1
Q000180	0	C003451_nl_003	1
Q000180	0	C003451_nl_004	1
Q000181	0	C002130_nl_000	1
Q000181	0	C002130_nl_001	1
Q000182	0	C003427_nl_000	1
Q000182	0	C003427_nl_001	1
Q000183	0	C002806_nl_000	1
Q000183	0	C002806_nl_001	1
Q000183	0	C002806_nl_002	1
Q000183	0	C002806_nl_003	1
Q000183	0	C002806_nl_004	1
Q000183	0	C002806_nl_005	1
Q000183	0	C002806_nl_006	1
Q000184	0	C001086_nl_000	1
Q000184	0	C001086_nl_001	1
Q000184	0	C001086_nl_002	1
Q000184	0	C001086_nl_003	1
Q000184	0	C001086_nl_004	1
Q000184	0	C001086_nl_005	1
Q000184	0	C001086_nl_006	1
Q000185	0	C003282_nl_000	1
Q000185	0	C003282_nl_001	1
Q000185	0	C003282_nl_002	1
Q000185	0	C003282_nl_003	1
Q000186	0	C002476_nl_000	1
Q000186	0	C002476_nl_001	1
Q000186	0	C002476_nl_002	1
Q000186	0	C002476_nl_003	1
Q000186	0	C002476_nl_004	1
Q000186	0	C002476_nl_005	1
Q000186	0	C002476_nl_006	1
Q000186	0	C002476_nl_007	1
Q000186	0	C002476_nl_008	1
Q000186	0	C002476_nl_009	1
Q000186	0	C002476_nl_010	1
Q000187	0	C001179_nl_000	1
Q000187	0	C001179_nl_001	1
Q000187	0	C001179_nl_002	1
Q000188	0	C000730_nl_000	1
Q000188	0	C000730_nl_001	1
Q000188	0	C000730_nl_002	1
Q000188	0	C000730_nl_003	1
Q000188	0	C000730_nl_004	1
Q000188	0	C000730_nl_005	1
Q000188	0	C000730_nl_006	1
Q000188	0	C000730_nl_007	1
Q000188	0	C000730_nl_008	1
Q000188	0	C000730_nl_009	1
Q000188	0	C000730_nl_010	1
Q000188	0	C000730_nl_011	1
Q000188	0	C000730_nl_012	1
Q000188	0	C000730_nl_013	1
Q000188	0	C000730_nl_014	1
Q000188	0	C000730_nl_015	1
Q000188	0	C000730_nl_016	1
Q000188	0	C000730_nl_017	1
Q000188	0	C000730_nl_018	1
Q000188	0	C000730_nl_019	1
Q000188	0	C000730_nl_020	1
Q000188	0	C000730_nl_021	1
Q000188	0	C000730_nl_022	1
Q000188	0	C000730_nl_023	1
Q000188	0	C000730_nl_024	1
Q000188	0	C000730_nl_025	1
Q000188	0	C000730_nl_026	1
Q000188	0	C000730_nl_027	1
Q000188	0	C000730_nl_028	1
Q000188	0	C000730_nl_029	1
Q000188	0	C000730_nl_030	1
Q000188	0	C000730_nl_031	1
Q000188	0	C000730_nl_032	1
Q000188	0	C000730_nl_033	1
Q000188	0	C000730_nl_034	1
Q000188	0	C000730_nl_035	1
Q000188	0	C000730_nl_036	1
Q000188	0	C000730_nl_037	1
Q000188	0	C000730_nl_038	1
Q000188	0	C000730_nl_039	1
Q000188	0	C000730_nl_040	1
Q000188	0	C000730_nl_041	1
Q000188	0	C000730_nl_042	1
Q000188	0	C000730_nl_043	1
Q000188	0	C000730_nl_044	1
Q000188	0	C000730_nl_045	1
Q000188	0	C000730_nl_046	1
Q000188	0	C000730_nl_047	1
Q000189	0	C001687_nl_000	1
Q000189	0	C001687_nl_001	1
Q000189	0	C001687_nl_002	1
Q000189	0	C001687_nl_003	1
Q000189	0	C001687_nl_004	1
Q000189	0	C001687_nl_005	1
Q000189	0	C001687_nl_006	1
Q000189	0	C001687_nl_007	1
Q000189	0	C001687_nl_008	1
Q000189	0	C001687_nl_009	1
Q000189	0	C001687_nl_010	1
Q000189	0	C001687_nl_011	1
Q000189	0	C001687_nl_012	1
Q000189	0	C001687_nl_013	1
Q000189	0	C001687_nl_014	1
Q000189	0	C001687_nl_015	1
Q000189	0	C001687_nl_016	1
Q000189	0	C001687_nl_017	1
Q000189	0	C001687_nl_018	1
Q000189	0	C001687_nl_019	1
Q000189	0	C001687_nl_020	1
Q000189	0	C001687_nl_021	1
Q000189	0	C001687_nl_022	1
Q000189	0	C001687_nl_023	1
Q000189	0	C001687_nl_024	1
Q000189	0	C001687_nl_025	1
Q000189	0	C001687_nl_026	1
Q000189	0	C001687_nl_027	1
Q000189	0	C001687_nl_028	1
Q000189	0	C001687_nl_029	1
Q000189	0	C001687_nl_030	1
Q000190	0	C003146_nl_000	1
Q000190	0	C003146_nl_001	1
Q000190	0	C003146_nl_002	1
Q000190	0	C003146_nl_003	1
Q000190	0	C003146_nl_004	1
Q000190	0	C003146_nl_005	1
Q000190	0	C003146_nl_006	1
Q000190	0	C003146_nl_007	1
Q000190	0	C003146_nl_008	1
Q000190	0	C003146_nl_009	1
Q000190	0	C003146_nl_010	1
Q000190	0	C003146_nl_011	1
Q000190	0	C003146_nl_012	1
Q000190	0	C003146_nl_013	1
Q000190	0	C003146_nl_014	1
Q000190	0	C003146_nl_015	1
Q000190	0	C003146_nl_016	1
Q000190	0	C003146_nl_017	1
Q000190	0	C003146_nl_018	1
Q000190	0	C003146_nl_019	1
Q000190	0	C003146_nl_020	1
Q000190	0	C003146_nl_021	1
Q000190	0	C003146_nl_022	1
Q000190	0	C003146_nl_023	1
Q000190	0	C003146_nl_024	1
Q000190	0	C003146_nl_025	1
Q000190	0	C003146_nl_026	1
Q000190	0	C003146_nl_027	1
Q000191	0	C002634_nl_000	1
Q000191	0	C002634_nl_001	1
Q000191	0	C002634_nl_002	1
Q000191	0	C002634_nl_003	1
Q000191	0	C002634_nl_004	1
Q000191	0	C002634_nl_005	1
Q000191	0	C002634_nl_006	1
Q000191	0	C002634_nl_007	1
Q000191	0	C002634_nl_008	1
Q000191	0	C002634_nl_009	1
Q000191	0	C002634_nl_010	1
Q000191	0	C002634_nl_011	1
Q000191	0	C002634_nl_012	1
Q000191	0	C002634_nl_013	1
Q000192	0	C001664_nl_000	1
Q000192	0	C001664_nl_001	1
Q000192	0	C001664_nl_002	1
Q000192	0	C001664_nl_003	1
Q000192	0	C001664_nl_004	1
Q000192	0	C001664_nl_005	1
Q000192	0	C001664_nl_006	1
Q000192	0	C001664_nl_007	1
Q000192	0	C001664_nl_008	1
Q000192	0	C001664_nl_009	1
Q000192	0	C001664_nl_010	1
Q000192	0	C001664_nl_011	1
Q000192	0	C001664_nl_012	1
Q000192	0	C001664_nl_013	1
Q000192	0	C001664_nl_014	1
Q000193	0	C001094_nl_000	1
Q000193	0	C001094_nl_001	1
Q000193	0	C001094_nl_002	1
Q000194	0	C001644_nl_000	1
Q000194	0	C001644_nl_001	1
Q000194	0	C001644_nl_002	1
Q000194	0	C001644_nl_003	1
Q000194	0	C001644_nl_004	1
Q000194	0	C001644_nl_005	1
Q000194	0	C001644_nl_006	1
Q000194	0	C001644_nl_007	1
Q000194	0	C001644_nl_008	1
Q000194	0	C001644_nl_009	1
Q000194	0	C001644_nl_010	1
Q000194	0	C001644_nl_011	1
Q000194	0	C001644_nl_012	1
Q000194	0	C001644_nl_013	1
Q000194	0	C001644_nl_014	1
Q000194	0	C001644_nl_015	1
Q000195	0	C001754_nl_000	1
Q000195	0	C001754_nl_001	1
Q000195	0	C001754_nl_002	1
Q000195	0	C001754_nl_003	1
Q000195	0	C001754_nl_004	1
Q000195	0	C001754_nl_005	1
Q000195	0	C001754_nl_006	1
Q000195	0	C001754_nl_007	1
Q000195	0	C001754_nl_008	1
Q000195	0	C001754_nl_009	1
Q000195	0	C001754_nl_010	1
Q000195	0	C001754_nl_011	1
Q000196	0	C002011_nl_000	1
Q000196	0	C002011_nl_001	1
Q000196	0	C002011_nl_002	1
Q000196	0	C002011_nl_003	1
Q000197	0	C001049_nl_000	1
Q000197	0	C001049_nl_001	1
Q000197	0	C001049_nl_002	1
Q000198	0	C003274_nl_000	1
Q000198	0	C003274_nl_001	1
Q000198	0	C003274_nl_002	1
Q000198	0	C003274_nl_003	1
Q000198	0	C003274_nl_004	1
Q000199	0	C002449_nl_000	1
Q000199	0	C002449_nl_001	1
Q000199	0	C002449_nl_002	1
Q000199	0	C002449_nl_003	1
Q000199	0	C002449_nl_004	1
Q000199	0	C002449_nl_005	1
Q000199	0	C002449_nl_006	1
Q000200	0	C000668_nl_000	1
Q000200	0	C000668_nl_001	1
Q000200	0	C000668_nl_002	1
Q000200	0	C000668_nl_003	1
Q000200	0	C000668_nl_004	1
Q000200	0	C000668_nl_005	1
Q000200	0	C000668_nl_006	1
Q000200	0	C000668_nl_007	1
Q000200	0	C000668_nl_008	1
Q000200	0	C000668_nl_009	1
Q000200	0	C000668_nl_010	1
Q000200	0	C000668_nl_011	1
Q000200	0	C000668_nl_012	1
Q000200	0	C000668_nl_013	1
Q000200	0	C000668_nl_014	1
Q000200	0	C000668_nl_015	1
Q000200	0	C000668_nl_016	1
Q000200	0	C000668_nl_017	1
Q000200	0	C000668_nl_018	1
Q000201	0	C001305_nl_000	1
Q000201	0	C001305_nl_001	1
Q000201	0	C001305_nl_002	1
Q000201	0	C001305_nl_003	1
Q000201	0	C001305_nl_004	1
Q000201	0	C001305_nl_005	1
Q000201	0	C001305_nl_006	1
Q000201	0	C001305_nl_007	1
Q000201	0	C001305_nl_008	1
Q000201	0	C001305_nl_009	1
Q000202	0	C001431_nl_000	1
Q000202	0	C001431_nl_001	1
Q000202	0	C001431_nl_002	1
Q000202	0	C001431_nl_003	1
Q000202	0	C001431_nl_004	1
Q000202	0	C001431_nl_005	1
Q000202	0	C001431_nl_006	1
Q000202	0	C001431_nl_007	1
Q000202	0	C001431_nl_008	1
Q000202	0	C001431_nl_009	1
Q000202	0	C001431_nl_010	1
Q000202	0	C001431_nl_011	1
Q000202	0	C001431_nl_012	1
Q000202	0	C001431_nl_013	1
Q000202	0	C001431_nl_014	1
Q000202	0	C001431_nl_015	1
Q000202	0	C001431_nl_016	1
Q000203	0	C000887_nl_000	1
Q000203	0	C000887_nl_001	1
Q000203	0	C000887_nl_002	1
Q000203	0	C000887_nl_003	1
Q000203	0	C000887_nl_004	1
Q000203	0	C000887_nl_005	1
Q000203	0	C000887_nl_006	1
Q000203	0	C000887_nl_007	1
Q000203	0	C000887_nl_008	1
Q000204	0	C003433_nl_000	1
Q000204	0	C003433_nl_001	1
Q000204	0	C003433_nl_002	1
Q000204	0	C003433_nl_003	1
Q000204	0	C003433_nl_004	1
Q000204	0	C003433_nl_005	1
Q000204	0	C003433_nl_006	1
Q000204	0	C003433_nl_007	1
Q000204	0	C003433_nl_008	1
Q000204	0	C003433_nl_009	1
Q000204	0	C003433_nl_010	1
Q000204	0	C003433_nl_011	1
Q000204	0	C003433_nl_012	1
Q000204	0	C003433_nl_013	1
Q000204	0	C003433_nl_014	1
Q000204	0	C003433_nl_015	1
Q000204	0	C003433_nl_016	1
Q000204	0	C003433_nl_017	1
Q000204	0	C003433_nl_018	1
Q000204	0	C003433_nl_019	1
Q000204	0	C003433_nl_020	1
Q000204	0	C003433_nl_021	1
Q000204	0	C003433_nl_022	1
Q000204	0	C003433_nl_023	1
Q000204	0	C003433_nl_024	1
Q000204	0	C003433_nl_025	1
Q000204	0	C003433_nl_026	1
Q000204	0	C003433_nl_027	1
Q000204	0	C003433_nl_028	1
Q000204	0	C003433_nl_029	1
Q000204	0	C003433_nl_030	1
Q000205	0	C002290_nl_000	1
Q000205	0	C002290_nl_001	1
Q000205	0	C002290_nl_002	1
Q000205	0	C002290_nl_003	1
Q000205	0	C002290_nl_004	1
Q000205	0	C002290_nl_005	1
Q000206	0	C000821_nl_000	1
Q000206	0	C000821_nl_001	1
Q000206	0	C000821_nl_002	1
Q000206	0	C000821_nl_003	1
Q000206	0	C000821_nl_004	1
Q000207	0	C003254_nl_000	1
Q000207	0	C003254_nl_001	1
Q000207	0	C003254_nl_002	1
Q000207	0	C003254_nl_003	1
Q000207	0	C003254_nl_004	1
Q000207	0	C003254_nl_005	1
Q000207	0	C003254_nl_006	1
Q000207	0	C003254_nl_007	1
Q000208	0	C002515_nl_000	1
Q000208	0	C002515_nl_001	1
Q000208	0	C002515_nl_002	1
Q000208	0	C002515_nl_003	1
Q000208	0	C002515_nl_004	1
Q000209	0	C002406_nl_000	1
Q000209	0	C002406_nl_001	1
Q000209	0	C002406_nl_002	1
Q000209	0	C002406_nl_003	1
Q000210	0	C000679_nl_000	1
Q000210	0	C000679_nl_001	1
Q000210	0	C000679_nl_002	1
Q000210	0	C000679_nl_003	1
Q000210	0	C000679_nl_004	1
Q000210	0	C000679_nl_005	1
Q000210	0	C000679_nl_006	1
Q000211	0	C003462_nl_000	1
Q000211	0	C003462_nl_001	1
Q000211	0	C003462_nl_002	1
Q000211	0	C003462_nl_003	1
Q000211	0	C003462_nl_004	1
Q000211	0	C003462_nl_005	1
Q000211	0	C003462_nl_006	1
Q000211	0	C003462_nl_007	1
Q000211	0	C003462_nl_008	1
Q000212	0	C002266_nl_000	1
Q000212	0	C002266_nl_001	1
Q000212	0	C002266_nl_002	1
Q000212	0	C002266_nl_003	1
Q000212	0	C002266_nl_004	1
Q000212	0	C002266_nl_005	1
Q000212	0	C002266_nl_006	1
Q000213	0	C001130_nl_000	1
Q000213	0	C001130_nl_001	1
Q000213	0	C001130_nl_002	1
Q000213	0	C001130_nl_003	1
Q000213	0	C001130_nl_004	1
Q000213	0	C001130_nl_005	1
Q000213	0	C001130_nl_006	1
Q000213	0	C001130_nl_007	1
Q000213	0	C001130_nl_008	1
Q000213	0	C001130_nl_009	1
Q000213	0	C001130_nl_010	1
Q000213	0	C001130_nl_011	1
Q000213	0	C001130_nl_012	1
Q000213	0	C001130_nl_013	1
Q000214	0	C003247_nl_000	1
Q000214	0	C003247_nl_001	1
Q000214	0	C003247_nl_002	1
Q000214	0	C003247_nl_003	1
Q000214	0	C003247_nl_004	1
Q000214	0	C003247_nl_005	1
Q000214	0	C003247_nl_006	1
Q000214	0	C003247_nl_007	1
Q000215	0	C001437_nl_000	1
Q000215	0	C001437_nl_001	1
Q000215	0	C001437_nl_002	1
Q000215	0	C001437_nl_003	1
Q000215	0	C001437_nl_004	1
Q000215	0	C001437_nl_005	1
Q000215	0	C001437_nl_006	1
Q000215	0	C001437_nl_007	1
Q000215	0	C001437_nl_008	1
Q000215	0	C001437_nl_009	1
Q000215	0	C001437_nl_010	1
Q000215	0	C001437_nl_011	1
Q000215	0	C001437_nl_012	1
Q000215	0	C001437_nl_013	1
Q000215	0	C001437_nl_014	1
Q000215	0	C001437_nl_015	1
Q000215	0	C001437_nl_016	1
Q000215	0	C001437_nl_017	1
Q000215	0	C001437_nl_018	1
Q000215	0	C001437_nl_019	1
Q000215	0	C001437_nl_020	1
Q000216	0	C003271_nl_000	1
Q000216	0	C003271_nl_001	1
Q000216	0	C003271_nl_002	1
Q000217	0	C000698_nl_000	1
Q000217	0	C000698_nl_001	1
Q000217	0	C000698_nl_002	1
Q000218	0	C002137_nl_000	1
Q000218	0	C002137_nl_001	1
Q000218	0	C002137_nl_002	1
Q000218	0	C002137_nl_003	1
Q000218	0	C002137_nl_004	1
Q000218	0	C002137_nl_005	1
Q000218	0	C002137_nl_006	1
Q000218	0	C002137_nl_007	1
Q000218	0	C002137_nl_008	1
Q000218	0	C002137_nl_009	1
Q000218	0	C002137_nl_010	1
Q000218	0	C002137_nl_011	1
Q000218	0	C002137_nl_012	1
Q000218	0	C002137_nl_013	1
Q000218	0	C002137_nl_014	1
Q000218	0	C002137_nl_015	1
Q000218	0	C002137_nl_016	1
Q000218	0	C002137_nl_017	1
Q000218	0	C002137_nl_018	1
Q000218	0	C002137_nl_019	1
Q000218	0	C002137_nl_020	1
Q000218	0	C002137_nl_021	1
Q000218	0	C002137_nl_022	1
Q000218	0	C002137_nl_023	1
Q000219	0	C002181_nl_000	1
Q000219	0	C002181_nl_001	1
Q000219	0	C002181_nl_002	1
Q000219	0	C002181_nl_003	1
Q000219	0	C002181_nl_004	1
Q000219	0	C002181_nl_005	1
Q000220	0	C002239_nl_000	1
Q000220	0	C002239_nl_001	1
Q000220	0	C002239_nl_002	1
Q000220	0	C002239_nl_003	1
Q000220	0	C002239_nl_004	1
Q000220	0	C002239_nl_005	1
Q000220	0	C002239_nl_006	1
Q000220	0	C002239_nl_007	1
Q000220	0	C002239_nl_008	1
Q000221	0	C002527_nl_000	1
Q000221	0	C002527_nl_001	1
Q000221	0	C002527_nl_002	1
Q000221	0	C002527_nl_003	1
Q000222	0	C001658_nl_000	1
Q000222	0	C001658_nl_001	1
Q000222	0	C001658_nl_002	1
Q000222	0	C001658_nl_003	1
Q000222	0	C001658_nl_004	1
Q000223	0	C003089_nl_000	1
Q000223	0	C003089_nl_001	1
Q000223	0	C003089_nl_002	1
Q000223	0	C003089_nl_003	1
Q000223	0	C003089_nl_004	1
Q000223	0	C003089_nl_005	1
Q000223	0	C003089_nl_006	1
Q000223	0	C003089_nl_007	1
Q000223	0	C003089_nl_008	1
Q000223	0	C003089_nl_009	1
Q000223	0	C003089_nl_010	1
Q000224	0	C001727_nl_000	1
Q000224	0	C001727_nl_001	1
Q000224	0	C001727_nl_002	1
Q000224	0	C001727_nl_003	1
Q000224	0	C001727_nl_004	1
Q000224	0	C001727_nl_005	1
Q000224	0	C001727_nl_006	1
Q000224	0	C001727_nl_007	1
Q000224	0	C001727_nl_008	1
Q000224	0	C001727_nl_009	1
Q000224	0	C001727_nl_010	1
Q000224	0	C001727_nl_011	1
Q000225	0	C001736_nl_000	1
Q000225	0	C001736_nl_001	1
Q000226	0	C003335_nl_000	1
Q000226	0	C003335_nl_001	1
Q000226	0	C003335_nl_002	1
Q000226	0	C003335_nl_003	1
Q000226	0	C003335_nl_004	1
Q000226	0	C003335_nl_005	1
Q000226	0	C003335_nl_006	1
Q000226	0	C003335_nl_007	1
Q000227	0	C001626_nl_000	1
Q000227	0	C001626_nl_001	1
Q000227	0	C001626_nl_002	1
Q000227	0	C001626_nl_003	1
Q000228	0	C001126_nl_000	1
Q000228	0	C001126_nl_001	1
Q000228	0	C001126_nl_002	1
Q000228	0	C001126_nl_003	1
Q000228	0	C001126_nl_004	1
Q000228	0	C001126_nl_005	1
Q000228	0	C001126_nl_006	1
Q000228	0	C001126_nl_007	1
Q000229	0	C001319_nl_000	1
Q000229	0	C001319_nl_001	1
Q000229	0	C001319_nl_002	1
Q000230	0	C000676_nl_000	1
Q000230	0	C000676_nl_001	1
Q000230	0	C000676_nl_002	1
Q000230	0	C000676_nl_003	1
Q000230	0	C000676_nl_004	1
Q000230	0	C000676_nl_005	1
Q000231	0	C001160_nl_000	1
Q000231	0	C001160_nl_001	1
Q000231	0	C001160_nl_002	1
Q000231	0	C001160_nl_003	1
Q000232	0	C000772_nl_000	1
Q000232	0	C000772_nl_001	1
Q000232	0	C000772_nl_002	1
Q000232	0	C000772_nl_003	1
Q000232	0	C000772_nl_004	1
Q000232	0	C000772_nl_005	1
Q000232	0	C000772_nl_006	1
Q000232	0	C000772_nl_007	1
Q000232	0	C000772_nl_008	1
Q000232	0	C000772_nl_009	1
Q000232	0	C000772_nl_010	1
Q000232	0	C000772_nl_011	1
Q000232	0	C000772_nl_012	1
Q000232	0	C000772_nl_013	1
Q000232	0	C000772_nl_014	1
Q000233	0	C002702_nl_000	1
Q000233	0	C002702_nl_001	1
Q000233	0	C002702_nl_002	1
Q000233	0	C002702_nl_003	1
Q000233	0	C002702_nl_004	1
Q000233	0	C002702_nl_005	1
Q000233	0	C002702_nl_006	1
Q000233	0	C002702_nl_007	1
Q000233	0	C002702_nl_008	1
Q000233	0	C002702_nl_009	1
Q000233	0	C002702_nl_010	1
Q000233	0	C002702_nl_011	1
Q000233	0	C002702_nl_012	1
Q000233	0	C002702_nl_013	1
Q000233	0	C002702_nl_014	1
Q000233	0	C002702_nl_015	1
Q000234	0	C003244_nl_000	1
Q000234	0	C003244_nl_001	1
Q000234	0	C003244_nl_002	1
Q000234	0	C003244_nl_003	1
Q000234	0	C003244_nl_004	1
Q000234	0	C003244_nl_005	1
Q000234	0	C003244_nl_006	1
Q000234	0	C003244_nl_007	1
Q000234	0	C003244_nl_008	1
Q000234	0	C003244_nl_009	1
Q000234	0	C003244_nl_010	1
Q000234	0	C003244_nl_011	1
Q000234	0	C003244_nl_012	1
Q000234	0	C003244_nl_013	1
Q000234	0	C003244_nl_014	1
Q000234	0	C003244_nl_015	1
Q000235	0	C001189_nl_000	1
Q000235	0	C001189_nl_001	1
Q000235	0	C001189_nl_002	1
Q000235	0	C001189_nl_003	1
Q000235	0	C001189_nl_004	1
Q000235	0	C001189_nl_005	1
Q000235	0	C001189_nl_006	1
Q000235	0	C001189_nl_007	1
Q000235	0	C001189_nl_008	1
Q000236	0	C002845_nl_000	1
Q000236	0	C002845_nl_001	1
Q000236	0	C002845_nl_002	1
Q000236	0	C002845_nl_003	1
Q000236	0	C002845_nl_004	1
Q000236	0	C002845_nl_005	1
Q000237	0	C002337_nl_000	1
Q000237	0	C002337_nl_001	1
Q000237	0	C002337_nl_002	1
Q000237	0	C002337_nl_003	1
Q000237	0	C002337_nl_004	1
Q000237	0	C002337_nl_005	1
Q000237	0	C002337_nl_006	1
Q000237	0	C002337_nl_007	1
Q000238	0	C000692_nl_000	1
Q000238	0	C000692_nl_001	1
Q000238	0	C000692_nl_002	1
Q000238	0	C000692_nl_003	1
Q000238	0	C000692_nl_004	1
Q000238	0	C000692_nl_005	1
Q000238	0	C000692_nl_006	1
Q000238	0	C000692_nl_007	1
Q000239	0	C001293_nl_000	1
Q000239	0	C001293_nl_001	1
Q000239	0	C001293_nl_002	1
Q000239	0	C001293_nl_003	1
Q000239	0	C001293_nl_004	1
Q000239	0	C001293_nl_005	1
Q000239	0	C001293_nl_006	1
Q000239	0	C001293_nl_007	1
Q000239	0	C001293_nl_008	1
Q000239	0	C001293_nl_009	1
Q000239	0	C001293_nl_010	1
Q000239	0	C001293_nl_011	1
Q000239	0	C001293_nl_012	1
Q000239	0	C001293_nl_013	1
Q000239	0	C001293_nl_014	1
Q000239	0	C001293_nl_015	1
Q000239	0	C001293_nl_016	1
Q000239	0	C001293_nl_017	1
Q000239	0	C001293_nl_018	1
Q000240	0	C002471_nl_000	1
Q000240	0	C002471_nl_001	1
Q000240	0	C002471_nl_002	1
Q000240	0	C002471_nl_003	1
Q000240	0	C002471_nl_004	1
Q000240	0	C002471_nl_005	1
Q000240	0	C002471_nl_006	1
Q000240	0	C002471_nl_007	1
Q000241	0	C003318_nl_000	1
Q000241	0	C003318_nl_001	1
Q000241	0	C003318_nl_002	1
Q000241	0	C003318_nl_003	1
Q000242	0	C002891_nl_000	1
Q000242	0	C002891_nl_001	1
Q000242	0	C002891_nl_002	1
Q000242	0	C002891_nl_003	1
Q000242	0	C002891_nl_004	1
Q000242	0	C002891_nl_005	1
Q000242	0	C002891_nl_006	1
Q000242	0	C002891_nl_007	1
Q000242	0	C002891_nl_008	1
Q000242	0	C002891_nl_009	1
Q000242	0	C002891_nl_010	1
Q000242	0	C002891_nl_011	1
Q000242	0	C002891_nl_012	1
Q000242	0	C002891_nl_013	1
Q000242	0	C002891_nl_014	1
Q000242	0	C002891_nl_015	1
Q000242	0	C002891_nl_016	1
Q000242	0	C002891_nl_017	1
Q000242	0	C002891_nl_018	1
Q000242	0	C002891_nl_019	1
Q000243	0	C002355_nl_000	1
Q000243	0	C002355_nl_001	1
Q000243	0	C002355_nl_002	1
Q000243	0	C002355_nl_003	1
Q000243	0	C002355_nl_004	1
Q000244	0	C002178_nl_000	1
Q000244	0	C002178_nl_001	1
Q000244	0	C002178_nl_002	1
Q000244	0	C002178_nl_003	1
Q000244	0	C002178_nl_004	1
Q000244	0	C002178_nl_005	1
Q000244	0	C002178_nl_006	1
Q000244	0	C002178_nl_007	1
Q000244	0	C002178_nl_008	1
Q000244	0	C002178_nl_009	1
Q000244	0	C002178_nl_010	1
Q000244	0	C002178_nl_011	1
Q000244	0	C002178_nl_012	1
Q000244	0	C002178_nl_013	1
Q000244	0	C002178_nl_014	1
Q000244	0	C002178_nl_015	1
Q000244	0	C002178_nl_016	1
Q000244	0	C002178_nl_017	1
Q000244	0	C002178_nl_018	1
Q000244	0	C002178_nl_019	1
Q000244	0	C002178_nl_020	1
Q000244	0	C002178_nl_021	1
Q000244	0	C002178_nl_022	1
Q000245	0	C002816_nl_000	1
Q000245	0	C002816_nl_001	1
Q000245	0	C002816_nl_002	1
Q000245	0	C002816_nl_003	1
Q000245	0	C002816_nl_004	1
Q000245	0	C002816_nl_005	1
Q000245	0	C002816_nl_006	1
Q000245	0	C002816_nl_007	1
Q000245	0	C002816_nl_008	1
Q000245	0	C002816_nl_009	1
Q000245	0	C002816_nl_010	1
Q000245	0	C002816_nl_011	1
Q000245	0	C002816_nl_012	1
Q000245	0	C002816_nl_013	1
Q000245	0	C002816_nl_014	1
Q000245	0	C002816_nl_015	1
Q000245	0	C002816_nl_016	1
Q000245	0	C002816_nl_017	1
Q000245	0	C002816_nl_018	1
Q000246	0	C002199_nl_000	1
Q000246	0	C002199_nl_001	1
Q000246	0	C002199_nl_002	1
Q000246	0	C002199_nl_003	1
Q000247	0	C001203_nl_000	1
Q000247	0	C001203_nl_001	1
Q000247	0	C001203_nl_002	1
Q000247	0	C001203_nl_003	1
Q000247	0	C001203_nl_004	1
Q000248	0	C001531_nl_000	1
Q000248	0	C001531_nl_001	1
Q000248	0	C001531_nl_002	1
Q000248	0	C001531_nl_003	1
Q000248	0	C001531_nl_004	1
Q000248	0	C001531_nl_005	1
Q000248	0	C001531_nl_006	1
Q000248	0	C001531_nl_007	1
Q000248	0	C001531_nl_008	1
Q000248	0	C001531_nl_009	1
Q000248	0	C001531_nl_010	1
Q000248	0	C001531_nl_011	1
Q000249	0	C002980_nl_000	1
Q000249	0	C002980_nl_001	1
Q000249	0	C002980_nl_002	1
Q000249	0	C002980_nl_003	1
Q000249	0	C002980_nl_004	1
Q000249	0	C002980_nl_005	1
Q000249	0	C002980_nl_006	1
Q000249	0	C002980_nl_007	1
Q000249	0	C002980_nl_008	1
Q000249	0	C002980_nl_009	1
Q000249	0	C002980_nl_010	1
Q000249	0	C002980_nl_011	1
Q000249	0	C002980_nl_012	1
Q000249	0	C002980_nl_013	1
Q000249	0	C002980_nl_014	1
Q000249	0	C002980_nl_015	1
Q000249	0	C002980_nl_016	1
Q000249	0	C002980_nl_017	1
Q000249	0	C002980_nl_018	1
Q000249	0	C002980_nl_019	1
Q000249	0	C002980_nl_020	1
Q000249	0	C002980_nl_021	1
Q000249	0	C002980_nl_022	1
Q000250	0	C001836_nl_000	1
Q000250	0	C001836_nl_001	1
Q000250	0	C001836_nl_002	1
Q000250	0	C001836_nl_003	1
Q000250	0	C001836_nl_004	1
Q000250	0	C001836_nl_005	1
Q000250	0	C001836_nl_006	1
Q000250	0	C001836_nl_007	1
Q000250	0	C001836_nl_008	1
Q000250	0	C001836_nl_009	1
Q000250	0	C001836_nl_010	1
Q000250	0	C001836_nl_011	1
Q000250	0	C001836_nl_012	1
Q000250	0	C001836_nl_013	1
Q000250	0	C001836_nl_014	1
Q000250	0	C001836_nl_015	1
Q000250	0	C001836_nl_016	1
Q000250	0	C001836_nl_017	1
Q000251	0	C003020_nl_000	1
Q000251	0	C003020_nl_001	1
Q000251	0	C003020_nl_002	1
Q000252	0	C001007_nl_000	1
Q000252	0	C001007_nl_001	1
Q000252	0	C001007_nl_002	1
Q000253	0	C002338_nl_000	1
Q000253	0	C002338_nl_001	1
Q000253	0	C002338_nl_002	1
Q000253	0	C002338_nl_003	1
Q000253	0	C002338_nl_004	1
Q000253	0	C002338_nl_005	1
Q000253	0	C002338_nl_006	1
Q000253	0	C002338_nl_007	1
Q000253	0	C002338_nl_008	1
Q000253	0	C002338_nl_009	1
Q000253	0	C002338_nl_010	1
Q000253	0	C002338_nl_011	1
Q000253	0	C002338_nl_012	1
Q000253	0	C002338_nl_013	1
Q000253	0	C002338_nl_014	1
Q000253	0	C002338_nl_015	1
Q000253	0	C002338_nl_016	1
Q000254	0	C000649_nl_000	1
Q000254	0	C000649_nl_001	1
Q000254	0	C000649_nl_002	1
Q000255	0	C001702_nl_000	1
Q000255	0	C001702_nl_001	1
Q000256	0	C001882_nl_000	1
Q000256	0	C001882_nl_001	1
Q000256	0	C001882_nl_002	1
Q000256	0	C001882_nl_003	1
Q000256	0	C001882_nl_004	1
Q000256	0	C001882_nl_005	1
Q000256	0	C001882_nl_006	1
Q000256	0	C001882_nl_007	1
Q000256	0	C001882_nl_008	1
Q000256	0	C001882_nl_009	1
Q000256	0	C001882_nl_010	1
Q000256	0	C001882_nl_011	1
Q000256	0	C001882_nl_012	1
Q000256	0	C001882_nl_013	1
Q000256	0	C001882_nl_014	1
Q000256	0	C001882_nl_015	1
Q000257	0	C002350_nl_000	1
Q000257	0	C002350_nl_001	1
Q000257	0	C002350_nl_002	1
Q000257	0	C002350_nl_003	1
Q000257	0	C002350_nl_004	1
Q000257	0	C002350_nl_005	1
Q000257	0	C002350_nl_006	1
Q000257	0	C002350_nl_007	1
Q000257	0	C002350_nl_008	1
Q000257	0	C002350_nl_009	1
Q000257	0	C002350_nl_010	1
Q000258	0	C001788_nl_000	1
Q000258	0	C001788_nl_001	1
Q000258	0	C001788_nl_002	1
Q000259	0	C002986_nl_000	1
Q000259	0	C002986_nl_001	1
Q000259	0	C002986_nl_002	1
Q000259	0	C002986_nl_003	1
Q000260	0	C002375_nl_000	1
Q000260	0	C002375_nl_001	1
Q000260	0	C002375_nl_002	1
Q000260	0	C002375_nl_003	1
Q000260	0	C002375_nl_004	1
Q000260	0	C002375_nl_005	1
Q000260	0	C002375_nl_006	1
Q000260	0	C002375_nl_007	1
Q000260	0	C002375_nl_008	1
Q000261	0	C000663_nl_000	1
Q000261	0	C000663_nl_001	1
Q000261	0	C000663_nl_002	1
Q000261	0	C000663_nl_003	1
Q000261	0	C000663_nl_004	1
Q000261	0	C000663_nl_005	1
Q000261	0	C000663_nl_006	1
Q000262	0	C002536_nl_000	1
Q000262	0	C002536_nl_001	1
Q000262	0	C002536_nl_002	1
Q000262	0	C002536_nl_003	1
Q000262	0	C002536_nl_004	1
Q000262	0	C002536_nl_005	1
Q000263	0	C003485_nl_000	1
Q000263	0	C003485_nl_001	1
Q000263	0	C003485_nl_002	1
Q000263	0	C003485_nl_003	1
Q000263	0	C003485_nl_004	1
Q000263	0	C003485_nl_005	1
Q000263	0	C003485_nl_006	1
Q000263	0	C003485_nl_007	1
Q000264	0	C001892_nl_000	1
Q000264	0	C001892_nl_001	1
Q000264	0	C001892_nl_002	1
Q000264	0	C001892_nl_003	1
Q000265	0	C002536_nl_000	1
Q000265	0	C002536_nl_001	1
Q000265	0	C002536_nl_002	1
Q000265	0	C002536_nl_003	1
Q000265	0	C002536_nl_004	1
Q000265	0	C002536_nl_005	1
Q000266	0	C003062_nl_000	1
Q000266	0	C003062_nl_001	1
Q000266	0	C003062_nl_002	1
Q000266	0	C003062_nl_003	1
Q000266	0	C003062_nl_004	1
Q000266	0	C003062_nl_005	1
Q000266	0	C003062_nl_006	1
Q000266	0	C003062_nl_007	1
Q000267	0	C002810_nl_000	1
Q000267	0	C002810_nl_001	1
Q000267	0	C002810_nl_002	1
Q000267	0	C002810_nl_003	1
Q000267	0	C002810_nl_004	1
Q000267	0	C002810_nl_005	1
Q000267	0	C002810_nl_006	1
Q000267	0	C002810_nl_007	1
Q000267	0	C002810_nl_008	1
Q000267	0	C002810_nl_009	1
Q000267	0	C002810_nl_010	1
Q000268	0	C000839_nl_000	1
Q000268	0	C000839_nl_001	1
Q000268	0	C000839_nl_002	1
Q000268	0	C000839_nl_003	1
Q000268	0	C000839_nl_004	1
Q000268	0	C000839_nl_005	1
Q000268	0	C000839_nl_006	1
Q000268	0	C000839_nl_007	1
Q000268	0	C000839_nl_008	1
Q000268	0	C000839_nl_009	1
Q000269	0	C001272_nl_000	1
Q000269	0	C001272_nl_001	1
Q000269	0	C001272_nl_002	1
Q000269	0	C001272_nl_003	1
Q000269	0	C001272_nl_004	1
Q000270	0	C003102_nl_000	1
Q000270	0	C003102_nl_001	1
Q000270	0	C003102_nl_002	1
Q000270	0	C003102_nl_003	1
Q000271	0	C001305_nl_000	1
Q000271	0	C001305_nl_001	1
Q000271	0	C001305_nl_002	1
Q000271	0	C001305_nl_003	1
Q000271	0	C001305_nl_004	1
Q000271	0	C001305_nl_005	1
Q000271	0	C001305_nl_006	1
Q000271	0	C001305_nl_007	1
Q000271	0	C001305_nl_008	1
Q000271	0	C001305_nl_009	1
Q000272	0	C002509_nl_000	1
Q000272	0	C002509_nl_001	1
Q000272	0	C002509_nl_002	1
Q000272	0	C002509_nl_003	1
Q000272	0	C002509_nl_004	1
Q000273	0	C003162_nl_000	1
Q000273	0	C003162_nl_001	1
Q000273	0	C003162_nl_002	1
Q000273	0	C003162_nl_003	1
Q000273	0	C003162_nl_004	1
Q000273	0	C003162_nl_005	1
Q000273	0	C003162_nl_006	1
Q000273	0	C003162_nl_007	1
Q000273	0	C003162_nl_008	1
Q000273	0	C003162_nl_009	1
Q000273	0	C003162_nl_010	1
Q000273	0	C003162_nl_011	1
Q000273	0	C003162_nl_012	1
Q000273	0	C003162_nl_013	1
Q000273	0	C003162_nl_014	1
Q000273	0	C003162_nl_015	1
Q000273	0	C003162_nl_016	1
Q000273	0	C003162_nl_017	1
Q000273	0	C003162_nl_018	1
Q000273	0	C003162_nl_019	1
Q000273	0	C003162_nl_020	1
Q000273	0	C003162_nl_021	1
Q000274	0	C001781_nl_000	1
Q000274	0	C001781_nl_001	1
Q000274	0	C001781_nl_002	1
Q000274	0	C001781_nl_003	1
Q000275	0	C003352_nl_000	1
Q000275	0	C003352_nl_001	1
Q000275	0	C003352_nl_002	1
Q000275	0	C003352_nl_003	1
Q000275	0	C003352_nl_004	1
Q000276	0	C003269_nl_000	1
Q000276	0	C003269_nl_001	1
Q000277	0	C003307_nl_000	1
Q000277	0	C003307_nl_001	1
Q000277	0	C003307_nl_002	1
Q000277	0	C003307_nl_003	1
Q000277	0	C003307_nl_004	1
Q000278	0	C003095_nl_000	1
Q000278	0	C003095_nl_001	1
Q000279	0	C000840_nl_000	1
Q000279	0	C000840_nl_001	1
Q000279	0	C000840_nl_002	1
Q000279	0	C000840_nl_003	1
Q000279	0	C000840_nl_004	1
Q000280	0	C000675_nl_000	1
Q000280	0	C000675_nl_001	1
Q000280	0	C000675_nl_002	1
Q000280	0	C000675_nl_003	1
Q000280	0	C000675_nl_004	1
Q000280	0	C000675_nl_005	1
Q000280	0	C000675_nl_006	1
Q000280	0	C000675_nl_007	1
Q000280	0	C000675_nl_008	1
Q000280	0	C000675_nl_009	1
Q000280	0	C000675_nl_010	1
Q000280	0	C000675_nl_011	1
Q000281	0	C001695_nl_000	1
Q000281	0	C001695_nl_001	1
Q000281	0	C001695_nl_002	1
Q000281	0	C001695_nl_003	1
Q000281	0	C001695_nl_004	1
Q000281	0	C001695_nl_005	1
Q000281	0	C001695_nl_006	1
Q000281	0	C001695_nl_007	1
Q000282	0	C001122_nl_000	1
Q000282	0	C001122_nl_001	1
Q000282	0	C001122_nl_002	1
Q000282	0	C001122_nl_003	1
Q000282	0	C001122_nl_004	1
Q000282	0	C001122_nl_005	1
Q000282	0	C001122_nl_006	1
Q000282	0	C001122_nl_007	1
Q000282	0	C001122_nl_008	1
Q000282	0	C001122_nl_009	1
Q000282	0	C001122_nl_010	1
Q000282	0	C001122_nl_011	1
Q000282	0	C001122_nl_012	1
Q000283	0	C002891_nl_000	1
Q000283	0	C002891_nl_001	1
Q000283	0	C002891_nl_002	1
Q000283	0	C002891_nl_003	1
Q000283	0	C002891_nl_004	1
Q000283	0	C002891_nl_005	1
Q000283	0	C002891_nl_006	1
Q000283	0	C002891_nl_007	1
Q000283	0	C002891_nl_008	1
Q000283	0	C002891_nl_009	1
Q000283	0	C002891_nl_010	1
Q000283	0	C002891_nl_011	1
Q000283	0	C002891_nl_012	1
Q000283	0	C002891_nl_013	1
Q000283	0	C002891_nl_014	1
Q000283	0	C002891_nl_015	1
Q000283	0	C002891_nl_016	1
Q000283	0	C002891_nl_017	1
Q000283	0	C002891_nl_018	1
Q000283	0	C002891_nl_019	1
Q000284	0	C002469_nl_000	1
Q000284	0	C002469_nl_001	1
Q000284	0	C002469_nl_002	1
Q000284	0	C002469_nl_003	1
Q000284	0	C002469_nl_004	1
Q000284	0	C002469_nl_005	1
Q000284	0	C002469_nl_006	1
Q000284	0	C002469_nl_007	1
Q000284	0	C002469_nl_008	1
Q000285	0	C001239_nl_000	1
Q000285	0	C001239_nl_001	1
Q000285	0	C001239_nl_002	1
Q000285	0	C001239_nl_003	1
Q000285	0	C001239_nl_004	1
Q000285	0	C001239_nl_005	1
Q000285	0	C001239_nl_006	1
Q000285	0	C001239_nl_007	1
Q000285	0	C001239_nl_008	1
Q000285	0	C001239_nl_009	1
Q000285	0	C001239_nl_010	1
Q000285	0	C001239_nl_011	1
Q000285	0	C001239_nl_012	1
Q000285	0	C001239_nl_013	1
Q000286	0	C002531_nl_000	1
Q000286	0	C002531_nl_001	1
Q000286	0	C002531_nl_002	1
Q000286	0	C002531_nl_003	1
Q000286	0	C002531_nl_004	1
Q000286	0	C002531_nl_005	1
Q000286	0	C002531_nl_006	1
Q000287	0	C002084_nl_000	1
Q000287	0	C002084_nl_001	1
Q000287	0	C002084_nl_002	1
Q000287	0	C002084_nl_003	1
Q000287	0	C002084_nl_004	1
Q000287	0	C002084_nl_005	1
Q000287	0	C002084_nl_006	1
Q000287	0	C002084_nl_007	1
Q000287	0	C002084_nl_008	1
Q000287	0	C002084_nl_009	1
Q000287	0	C002084_nl_010	1
Q000287	0	C002084_nl_011	1
Q000287	0	C002084_nl_012	1
Q000287	0	C002084_nl_013	1
Q000287	0	C002084_nl_014	1
Q000287	0	C002084_nl_015	1
Q000287	0	C002084_nl_016	1
Q000287	0	C002084_nl_017	1
Q000287	0	C002084_nl_018	1
Q000287	0	C002084_nl_019	1
Q000288	0	C003446_nl_000	1
Q000288	0	C003446_nl_001	1
Q000289	0	C001141_nl_000	1
Q000289	0	C001141_nl_001	1
Q000289	0	C001141_nl_002	1
Q000290	0	C001248_nl_000	1
Q000290	0	C001248_nl_001	1
Q000290	0	C001248_nl_002	1
Q000290	0	C001248_nl_003	1
Q000291	0	C002012_nl_000	1
Q000291	0	C002012_nl_001	1
Q000291	0	C002012_nl_002	1
Q000291	0	C002012_nl_003	1
Q000291	0	C002012_nl_004	1
Q000291	0	C002012_nl_005	1
Q000291	0	C002012_nl_006	1
Q000291	0	C002012_nl_007	1
Q000292	0	C002227_nl_000	1
Q000292	0	C002227_nl_001	1
Q000292	0	C002227_nl_002	1
Q000292	0	C002227_nl_003	1
Q000292	0	C002227_nl_004	1
Q000292	0	C002227_nl_005	1
Q000292	0	C002227_nl_006	1
Q000292	0	C002227_nl_007	1
Q000292	0	C002227_nl_008	1
Q000292	0	C002227_nl_009	1
Q000292	0	C002227_nl_010	1
Q000292	0	C002227_nl_011	1
Q000293	0	C001676_nl_000	1
Q000293	0	C001676_nl_001	1
Q000293	0	C001676_nl_002	1
Q000293	0	C001676_nl_003	1
Q000293	0	C001676_nl_004	1
Q000294	0	C002950_nl_000	1
Q000294	0	C002950_nl_001	1
Q000294	0	C002950_nl_002	1
Q000294	0	C002950_nl_003	1
Q000295	0	C000862_nl_000	1
Q000295	0	C000862_nl_001	1
Q000295	0	C000862_nl_002	1
Q000295	0	C000862_nl_003	1
Q000295	0	C000862_nl_004	1
Q000295	0	C000862_nl_005	1
Q000296	0	C003001_nl_000	1
Q000296	0	C003001_nl_001	1
Q000297	0	C000687_nl_000	1
Q000297	0	C000687_nl_001	1
Q000297	0	C000687_nl_002	1
Q000297	0	C000687_nl_003	1
Q000298	0	C001080_nl_000	1
Q000298	0	C001080_nl_001	1
Q000298	0	C001080_nl_002	1
Q000298	0	C001080_nl_003	1
Q000298	0	C001080_nl_004	1
Q000299	0	C001263_nl_000	1
Q000299	0	C001263_nl_001	1
Q000299	0	C001263_nl_002	1
Q000299	0	C001263_nl_003	1
Q000299	0	C001263_nl_004	1
Q000300	0	C002489_nl_000	1
Q000300	0	C002489_nl_001	1
Q000300	0	C002489_nl_002	1
Q000300	0	C002489_nl_003	1
Q000300	0	C002489_nl_004	1
Q000301	0	C003334_nl_000	1
Q000301	0	C003334_nl_001	1
Q000301	0	C003334_nl_002	1
Q000301	0	C003334_nl_003	1
Q000301	0	C003334_nl_004	1
Q000301	0	C003334_nl_005	1
Q000301	0	C003334_nl_006	1
Q000301	0	C003334_nl_007	1
Q000301	0	C003334_nl_008	1
Q000301	0	C003334_nl_009	1
Q000301	0	C003334_nl_010	1
Q000302	0	C002178_nl_000	1
Q000302	0	C002178_nl_001	1
Q000302	0	C002178_nl_002	1
Q000302	0	C002178_nl_003	1
Q000302	0	C002178_nl_004	1
Q000302	0	C002178_nl_005	1
Q000302	0	C002178_nl_006	1
Q000302	0	C002178_nl_007	1
Q000302	0	C002178_nl_008	1
Q000302	0	C002178_nl_009	1
Q000302	0	C002178_nl_010	1
Q000302	0	C002178_nl_011	1
Q000302	0	C002178_nl_012	1
Q000302	0	C002178_nl_013	1
Q000302	0	C002178_nl_014	1
Q000302	0	C002178_nl_015	1
Q000302	0	C002178_nl_016	1
Q000302	0	C002178_nl_017	1
Q000302	0	C002178_nl_018	1
Q000302	0	C002178_nl_019	1
Q000302	0	C002178_nl_020	1
Q000302	0	C002178_nl_021	1
Q000302	0	C002178_nl_022	1
Q000303	0	C000791_nl_000	1
Q000303	0	C000791_nl_001	1
Q000303	0	C000791_nl_002	1
Q000303	0	C000791_nl_003	1
Q000303	0	C000791_nl_004	1
Q000303	0	C000791_nl_005	1
Q000303	0	C000791_nl_006	1
Q000303	0	C000791_nl_007	1
Q000303	0	C000791_nl_008	1
Q000303	0	C000791_nl_009	1
Q000303	0	C000791_nl_010	1
Q000303	0	C000791_nl_011	1
Q000303	0	C000791_nl_012	1
Q000303	0	C000791_nl_013	1
Q000303	0	C000791_nl_014	1
Q000303	0	C000791_nl_015	1
Q000303	0	C000791_nl_016	1
Q000303	0	C000791_nl_017	1
Q000303	0	C000791_nl_018	1
Q000303	0	C000791_nl_019	1
Q000303	0	C000791_nl_020	1
Q000303	0	C000791_nl_021	1
Q000303	0	C000791_nl_022	1
Q000303	0	C000791_nl_023	1
Q000304	0	C003467_nl_000	1
Q000304	0	C003467_nl_001	1
Q000304	0	C003467_nl_002	1
Q000304	0	C003467_nl_003	1
Q000305	0	C002048_nl_000	1
Q000305	0	C002048_nl_001	1
Q000306	0	C002757_nl_000	1
Q000306	0	C002757_nl_001	1
Q000306	0	C002757_nl_002	1
Q000306	0	C002757_nl_003	1
Q000306	0	C002757_nl_004	1
Q000306	0	C002757_nl_005	1
Q000306	0	C002757_nl_006	1
Q000306	0	C002757_nl_007	1
Q000306	0	C002757_nl_008	1
Q000306	0	C002757_nl_009	1
Q000306	0	C002757_nl_010	1
Q000306	0	C002757_nl_011	1
Q000306	0	C002757_nl_012	1
Q000306	0	C002757_nl_013	1
Q000306	0	C002757_nl_014	1
Q000306	0	C002757_nl_015	1
Q000306	0	C002757_nl_016	1
Q000306	0	C002757_nl_017	1
Q000306	0	C002757_nl_018	1
Q000306	0	C002757_nl_019	1
Q000306	0	C002757_nl_020	1
Q000306	0	C002757_nl_021	1
Q000306	0	C002757_nl_022	1
Q000306	0	C002757_nl_023	1
Q000306	0	C002757_nl_024	1
Q000306	0	C002757_nl_025	1
Q000306	0	C002757_nl_026	1
Q000306	0	C002757_nl_027	1
Q000306	0	C002757_nl_028	1
Q000306	0	C002757_nl_029	1
Q000306	0	C002757_nl_030	1
Q000307	0	C002979_nl_000	1
Q000307	0	C002979_nl_001	1
Q000307	0	C002979_nl_002	1
Q000307	0	C002979_nl_003	1
Q000307	0	C002979_nl_004	1
Q000307	0	C002979_nl_005	1
Q000307	0	C002979_nl_006	1
Q000307	0	C002979_nl_007	1
Q000307	0	C002979_nl_008	1
Q000307	0	C002979_nl_009	1
Q000307	0	C002979_nl_010	1
Q000307	0	C002979_nl_011	1
Q000307	0	C002979_nl_012	1
Q000307	0	C002979_nl_013	1
Q000307	0	C002979_nl_014	1
Q000307	0	C002979_nl_015	1
Q000307	0	C002979_nl_016	1
Q000307	0	C002979_nl_017	1
Q000307	0	C002979_nl_018	1
Q000307	0	C002979_nl_019	1
Q000307	0	C002979_nl_020	1
Q000308	0	C001202_nl_000	1
Q000308	0	C001202_nl_001	1
Q000308	0	C001202_nl_002	1
Q000308	0	C001202_nl_003	1
Q000308	0	C001202_nl_004	1
Q000308	0	C001202_nl_005	1
Q000308	0	C001202_nl_006	1
Q000308	0	C001202_nl_007	1
Q000308	0	C001202_nl_008	1
Q000308	0	C001202_nl_009	1
Q000308	0	C001202_nl_010	1
Q000308	0	C001202_nl_011	1
Q000308	0	C001202_nl_012	1
Q000308	0	C001202_nl_013	1
Q000309	0	C002436_nl_000	1
Q000309	0	C002436_nl_001	1
Q000309	0	C002436_nl_002	1
Q000309	0	C002436_nl_003	1
Q000309	0	C002436_nl_004	1
Q000310	0	C002780_nl_000	1
Q000310	0	C002780_nl_001	1
Q000310	0	C002780_nl_002	1
Q000310	0	C002780_nl_003	1
Q000310	0	C002780_nl_004	1
Q000310	0	C002780_nl_005	1
Q000310	0	C002780_nl_006	1
Q000310	0	C002780_nl_007	1
Q000310	0	C002780_nl_008	1
Q000310	0	C002780_nl_009	1
Q000310	0	C002780_nl_010	1
Q000310	0	C002780_nl_011	1
Q000310	0	C002780_nl_012	1
Q000310	0	C002780_nl_013	1
Q000311	0	C000836_nl_000	1
Q000311	0	C000836_nl_001	1
Q000311	0	C000836_nl_002	1
Q000311	0	C000836_nl_003	1
Q000312	0	C003477_nl_000	1
Q000312	0	C003477_nl_001	1
Q000312	0	C003477_nl_002	1
Q000312	0	C003477_nl_003	1
Q000312	0	C003477_nl_004	1
Q000312	0	C003477_nl_005	1
Q000312	0	C003477_nl_006	1
Q000312	0	C003477_nl_007	1
Q000312	0	C003477_nl_008	1
Q000312	0	C003477_nl_009	1
Q000312	0	C003477_nl_010	1
Q000312	0	C003477_nl_011	1
Q000312	0	C003477_nl_012	1
Q000312	0	C003477_nl_013	1
Q000312	0	C003477_nl_014	1
Q000312	0	C003477_nl_015	1
Q000312	0	C003477_nl_016	1
Q000312	0	C003477_nl_017	1
Q000312	0	C003477_nl_018	1
Q000312	0	C003477_nl_019	1
Q000312	0	C003477_nl_020	1
Q000312	0	C003477_nl_021	1
Q000312	0	C003477_nl_022	1
Q000312	0	C003477_nl_023	1
Q000313	0	C003406_nl_000	1
Q000313	0	C003406_nl_001	1
Q000313	0	C003406_nl_002	1
Q000313	0	C003406_nl_003	1
Q000313	0	C003406_nl_004	1
Q000313	0	C003406_nl_005	1
Q000313	0	C003406_nl_006	1
Q000313	0	C003406_nl_007	1
Q000313	0	C003406_nl_008	1
Q000314	0	C000827_nl_000	1
Q000314	0	C000827_nl_001	1
Q000314	0	C000827_nl_002	1
Q000314	0	C000827_nl_003	1
Q000314	0	C000827_nl_004	1
Q000314	0	C000827_nl_005	1
Q000314	0	C000827_nl_006	1
Q000314	0	C000827_nl_007	1
Q000315	0	C001159_nl_000	1
Q000315	0	C001159_nl_001	1
Q000315	0	C001159_nl_002	1
Q000315	0	C001159_nl_003	1
Q000315	0	C001159_nl_004	1
Q000315	0	C001159_nl_005	1
Q000316	0	C001168_nl_000	1
Q000316	0	C001168_nl_001	1
Q000316	0	C001168_nl_002	1
Q000316	0	C001168_nl_003	1
Q000316	0	C001168_nl_004	1
Q000316	0	C001168_nl_005	1
Q000316	0	C001168_nl_006	1
Q000316	0	C001168_nl_007	1
Q000316	0	C001168_nl_008	1
Q000316	0	C001168_nl_009	1
Q000317	0	C003463_nl_000	1
Q000317	0	C003463_nl_001	1
Q000317	0	C003463_nl_002	1
Q000317	0	C003463_nl_003	1
Q000317	0	C003463_nl_004	1
Q000317	0	C003463_nl_005	1
Q000317	0	C003463_nl_006	1
Q000317	0	C003463_nl_007	1
Q000317	0	C003463_nl_008	1
Q000317	0	C003463_nl_009	1
Q000317	0	C003463_nl_010	1
Q000317	0	C003463_nl_011	1
Q000317	0	C003463_nl_012	1
Q000317	0	C003463_nl_013	1
Q000317	0	C003463_nl_014	1
Q000317	0	C003463_nl_015	1
Q000317	0	C003463_nl_016	1
Q000317	0	C003463_nl_017	1
Q000317	0	C003463_nl_018	1
Q000317	0	C003463_nl_019	1
Q000317	0	C003463_nl_020	1
Q000318	0	C000679_nl_000	1
Q000318	0	C000679_nl_001	1
Q000318	0	C000679_nl_002	1
Q000318	0	C000679_nl_003	1
Q000318	0	C000679_nl_004	1
Q000318	0	C000679_nl_005	1
Q000318	0	C000679_nl_006	1
Q000319	0	C002138_nl_000	1
Q000319	0	C002138_nl_001	1
Q000319	0	C002138_nl_002	1
Q000319	0	C002138_nl_003	1
Q000319	0	C002138_nl_004	1
Q000319	0	C002138_nl_005	1
Q000319	0	C002138_nl_006	1
Q000319	0	C002138_nl_007	1
Q000320	0	C002390_nl_000	1
Q000320	0	C002390_nl_001	1
Q000320	0	C002390_nl_002	1
Q000320	0	C002390_nl_003	1
Q000320	0	C002390_nl_004	1
Q000320	0	C002390_nl_005	1
Q000321	0	C001276_nl_000	1
Q000321	0	C001276_nl_001	1
Q000321	0	C001276_nl_002	1
Q000321	0	C001276_nl_003	1
Q000321	0	C001276_nl_004	1
Q000321	0	C001276_nl_005	1
Q000321	0	C001276_nl_006	1
Q000321	0	C001276_nl_007	1
Q000321	0	C001276_nl_008	1
Q000322	0	C003258_nl_000	1
Q000322	0	C003258_nl_001	1
Q000322	0	C003258_nl_002	1
Q000322	0	C003258_nl_003	1
Q000322	0	C003258_nl_004	1
Q000322	0	C003258_nl_005	1
Q000322	0	C003258_nl_006	1
Q000322	0	C003258_nl_007	1
Q000322	0	C003258_nl_008	1
Q000322	0	C003258_nl_009	1
Q000322	0	C003258_nl_010	1
Q000322	0	C003258_nl_011	1
Q000322	0	C003258_nl_012	1
Q000322	0	C003258_nl_013	1
Q000322	0	C003258_nl_014	1
Q000322	0	C003258_nl_015	1
Q000322	0	C003258_nl_016	1
Q000322	0	C003258_nl_017	1
Q000322	0	C003258_nl_018	1
Q000322	0	C003258_nl_019	1
Q000322	0	C003258_nl_020	1
Q000322	0	C003258_nl_021	1
Q000323	0	C003204_nl_000	1
Q000323	0	C003204_nl_001	1
Q000323	0	C003204_nl_002	1
Q000323	0	C003204_nl_003	1
Q000323	0	C003204_nl_004	1
Q000323	0	C003204_nl_005	1
Q000323	0	C003204_nl_006	1
Q000323	0	C003204_nl_007	1
Q000323	0	C003204_nl_008	1
Q000323	0	C003204_nl_009	1
Q000323	0	C003204_nl_010	1
Q000323	0	C003204_nl_011	1
Q000324	0	C002398_nl_000	1
Q000324	0	C002398_nl_001	1
Q000324	0	C002398_nl_002	1
Q000324	0	C002398_nl_003	1
Q000324	0	C002398_nl_004	1
Q000324	0	C002398_nl_005	1
Q000324	0	C002398_nl_006	1
Q000324	0	C002398_nl_007	1
Q000324	0	C002398_nl_008	1
Q000324	0	C002398_nl_009	1
Q000324	0	C002398_nl_010	1
Q000324	0	C002398_nl_011	1
Q000324	0	C002398_nl_012	1
Q000325	0	C000681_nl_000	1
Q000325	0	C000681_nl_001	1
Q000325	0	C000681_nl_002	1
Q000325	0	C000681_nl_003	1
Q000325	0	C000681_nl_004	1
Q000325	0	C000681_nl_005	1
Q000325	0	C000681_nl_006	1
Q000325	0	C000681_nl_007	1
Q000326	0	C002648_nl_000	1
Q000326	0	C002648_nl_001	1
Q000326	0	C002648_nl_002	1
Q000326	0	C002648_nl_003	1
Q000326	0	C002648_nl_004	1
Q000326	0	C002648_nl_005	1
Q000326	0	C002648_nl_006	1
Q000326	0	C002648_nl_007	1
Q000326	0	C002648_nl_008	1
Q000326	0	C002648_nl_009	1
Q000327	0	C000924_nl_000	1
Q000327	0	C000924_nl_001	1
Q000327	0	C000924_nl_002	1
Q000327	0	C000924_nl_003	1
Q000327	0	C000924_nl_004	1
Q000327	0	C000924_nl_005	1
Q000328	0	C002699_nl_000	1
Q000328	0	C002699_nl_001	1
Q000328	0	C002699_nl_002	1
Q000328	0	C002699_nl_003	1
