Q000001	0	C001724_et_000	1
Q000002	0	C003135_et_000	1
Q000003	0	C001007_et_000	1
Q000004	0	C000717_et_000	1
Q000005	0	C001137_et_000	1
Q000006	0	C000016_et_000	1
Q000007	0	C003331_et_000	1
Q000008	0	C003331_et_000	1
Q000009	0	C001628_et_000	1
Q000010	0	C002967_et_000	1
Q000011	0	C001216_et_000	1
Q000012	0	C000688_et_000	1
Q000013	0	C003447_et_000	1
Q000014	0	C003447_et_000	1
Q000015	0	C001568_et_000	1
Q000016	0	C001828_et_000	1
Q000017	0	C002747_et_000	1
Q000018	0	C001346_et_000	1
Q000019	0	C003322_et_000	1
Q000020	0	C002384_et_000	1
Q000021	0	C001558_et_000	1
Q000022	0	C003043_et_000	1
Q000023	0	C000874_et_000	1
Q000024	0	C002009_et_000	1
Q000025	0	C002009_et_000	1
Q000026	0	C000032_et_000	1
Q000027	0	C000032_et_000	1
Q000028	0	C001688_et_000	1
Q000029	0	C000033_et_000	1
Q000030	0	C002580_et_000	1
Q000031	0	C003024_et_000	1
Q000032	0	C003348_et_000	1
Q000033	0	C003348_et_000	1
Q000034	0	C003348_et_000	1
Q000035	0	C001819_et_000	1
Q000036	0	C002609_et_000	1
Q000036	0	C002609_et_001	1
Q000036	0	C002609_et_002	1
Q000036	0	C002609_et_003	1
Q000037	0	C000035_et_000	1
Q000038	0	C002879_et_000	1
Q000039	0	C002970_et_000	1
Q000040	0	C000035_et_000	1
Q000041	0	C000829_et_000	1
Q000042	0	C003504_et_000	1
Q000043	0	C000037_et_000	1
Q000044	0	C003504_et_000	1
Q000045	0	C001192_et_000	1
Q000046	0	C000038_et_000	1
Q000047	0	C001291_et_000	1
Q000048	0	C002636_et_000	1
Q000049	0	C002193_et_000	1
Q000049	0	C002193_et_001	1
Q000049	0	C002193_et_002	1
Q000049	0	C002193_et_003	1
Q000049	0	C002193_et_004	1
Q000049	0	C002193_et_005	1
Q000049	0	C002193_et_006	1
Q000049	0	C002193_et_007	1
Q000049	0	C002193_et_008	1
Q000049	0	C002193_et_009	1
Q000049	0	C002193_et_010	1
Q000049	0	C002193_et_011	1
Q000050	0	C003411_et_000	1
Q000050	0	C003411_et_001	1
Q000050	0	C003411_et_002	1
Q000050	0	C003411_et_003	1
Q000050	0	C003411_et_004	1
Q000050	0	C003411_et_005	1
Q000051	0	C002193_et_000	1
Q000051	0	C002193_et_001	1
Q000051	0	C002193_et_002	1
Q000051	0	C002193_et_003	1
Q000051	0	C002193_et_004	1
Q000051	0	C002193_et_005	1
Q000051	0	C002193_et_006	1
Q000051	0	C002193_et_007	1
Q000051	0	C002193_et_008	1
Q000051	0	C002193_et_009	1
Q000051	0	C002193_et_010	1
Q000051	0	C002193_et_011	1
Q000052	0	C002919_et_000	1
Q000053	0	C001498_et_000	1
Q000054	0	C000043_et_000	1
Q000055	0	C000043_et_000	1
Q000056	0	C003373_et_000	1
Q000057	0	C002912_et_000	1
Q000058	0	C002912_et_000	1
Q000059	0	C003247_et_000	1
Q000060	0	C001156_et_000	1
Q000061	0	C003075_et_000	1
Q000062	0	C001687_et_000	1
Q000063	0	C002021_et_000	1
Q000064	0	C003036_et_000	1
Q000065	0	C001071_et_000	1
Q000066	0	C001927_et_000	1
Q000067	0	C003506_et_000	1
Q000068	0	C001825_et_000	1
Q000069	0	C001621_et_000	1
Q000069	0	C001621_et_001	1
Q000069	0	C001621_et_002	1
Q000069	0	C001621_et_003	1
Q000070	0	C003134_et_000	1
Q000070	0	C003134_et_001	1
Q000070	0	C003134_et_002	1
Q000070	0	C003134_et_003	1
Q000071	0	C003134_et_000	1
Q000071	0	C003134_et_001	1
Q000071	0	C003134_et_002	1
Q000071	0	C003134_et_003	1
Q000072	0	C003134_et_000	1
Q000072	0	C003134_et_001	1
Q000072	0	C003134_et_002	1
Q000072	0	C003134_et_003	1
Q000073	0	C002505_et_000	1
Q000074	0	C003157_et_000	1
Q000075	0	C002598_et_000	1
Q000076	0	C002598_et_000	1
Q000077	0	C001676_et_000	1
Q000077	0	C001676_et_001	1
Q000077	0	C001676_et_002	1
Q000077	0	C001676_et_003	1
Q000077	0	C001676_et_004	1
Q000077	0	C001676_et_005	1
Q000077	0	C001676_et_006	1
Q000077	0	C001676_et_007	1
Q000078	0	C002185_et_000	1
Q000079	0	C001776_et_000	1
Q000080	0	C003438_et_000	1
Q000081	0	C000669_et_000	1
Q000082	0	C000057_et_000	1
Q000083	0	C003435_et_000	1
Q000084	0	C002366_et_000	1
Q000084	0	C002366_et_001	1
Q000084	0	C002366_et_002	1
Q000084	0	C002366_et_003	1
Q000084	0	C002366_et_004	1
Q000085	0	C001732_et_000	1
Q000086	0	C001243_et_000	1
Q000087	0	C000057_et_000	1
Q000088	0	C001668_et_000	1
Q000089	0	C002143_et_000	1
Q000090	0	C000727_et_000	1
Q000091	0	C000788_et_000	1
Q000092	0	C002615_et_000	1
Q000093	0	C002964_et_000	1
Q000094	0	C002661_et_000	1
Q000095	0	C001985_et_000	1
Q000096	0	C000710_et_000	1
Q000096	0	C000710_et_001	1
Q000097	0	C003376_et_000	1
Q000098	0	C003376_et_000	1
Q000099	0	C001645_et_000	1
Q000100	0	C001785_et_000	1
Q000101	0	C003376_et_000	1
Q000102	0	C000822_et_000	1
Q000103	0	C001929_et_000	1
Q000104	0	C002606_et_000	1
Q000105	0	C003376_et_000	1
Q000106	0	C003376_et_000	1
Q000107	0	C002943_et_000	1
Q000108	0	C003494_et_000	1
Q000108	0	C003494_et_001	1
Q000108	0	C003494_et_002	1
Q000108	0	C003494_et_003	1
Q000108	0	C003494_et_004	1
Q000108	0	C003494_et_005	1
Q000109	0	C002917_et_000	1
Q000110	0	C003255_et_000	1
Q000110	0	C003255_et_001	1
Q000110	0	C003255_et_002	1
Q000110	0	C003255_et_003	1
Q000110	0	C003255_et_004	1
Q000111	0	C000069_et_000	1
Q000112	0	C002271_et_000	1
Q000113	0	C002164_et_000	1
Q000114	0	C000843_et_000	1
Q000115	0	C001869_et_000	1
Q000116	0	C001622_et_000	1
Q000117	0	C001622_et_000	1
Q000118	0	C002770_et_000	1
Q000119	0	C002770_et_000	1
Q000120	0	C001869_et_000	1
Q000121	0	C002223_et_000	1
Q000122	0	C002770_et_000	1
Q000123	0	C003150_et_000	1
Q000124	0	C003150_et_000	1
Q000125	0	C002596_et_000	1
Q000126	0	C002929_et_000	1
Q000127	0	C001665_et_000	1
Q000128	0	C001006_et_000	1
Q000129	0	C003354_et_000	1
Q000130	0	C001516_et_000	1
Q000130	0	C001516_et_001	1
Q000130	0	C001516_et_002	1
Q000131	0	C000648_et_000	1
Q000132	0	C001500_et_000	1
Q000133	0	C000078_et_000	1
Q000134	0	C000774_et_000	1
Q000135	0	C002233_et_000	1
Q000136	0	C002061_et_000	1
Q000137	0	C000081_et_000	1
Q000138	0	C001541_et_000	1
Q000139	0	C002357_et_000	1
Q000140	0	C000663_et_000	1
Q000140	0	C000663_et_001	1
Q000140	0	C000663_et_002	1
Q000140	0	C000663_et_003	1
Q000140	0	C000663_et_004	1
Q000140	0	C000663_et_005	1
Q000140	0	C000663_et_006	1
Q000140	0	C000663_et_007	1
Q000141	0	C000663_et_000	1
Q000141	0	C000663_et_001	1
Q000141	0	C000663_et_002	1
Q000141	0	C000663_et_003	1
Q000141	0	C000663_et_004	1
Q000141	0	C000663_et_005	1
Q000141	0	C000663_et_006	1
Q000141	0	C000663_et_007	1
Q000142	0	C000663_et_000	1
Q000142	0	C000663_et_001	1
Q000142	0	C000663_et_002	1
Q000142	0	C000663_et_003	1
Q000142	0	C000663_et_004	1
Q000142	0	C000663_et_005	1
Q000142	0	C000663_et_006	1
Q000142	0	C000663_et_007	1
Q000143	0	C000663_et_000	1
Q000143	0	C000663_et_001	1
Q000143	0	C000663_et_002	1
Q000143	0	C000663_et_003	1
Q000143	0	C000663_et_004	1
Q000143	0	C000663_et_005	1
Q000143	0	C000663_et_006	1
Q000143	0	C000663_et_007	1
Q000144	0	C002303_et_000	1
Q000145	0	C003382_et_000	1
Q000146	0	C002303_et_000	1
Q000147	0	C002303_et_000	1
Q000148	0	C001600_et_000	1
Q000149	0	C001254_et_000	1
Q000150	0	C003245_et_000	1
Q000151	0	C002373_et_000	1
Q000152	0	C003160_et_000	1
Q000153	0	C002672_et_000	1
Q000154	0	C000088_et_000	1
Q000155	0	C000634_et_000	1
Q000156	0	C001884_et_000	1
Q000157	0	C001884_et_000	1
Q000158	0	C002065_et_000	1
Q000159	0	C001476_et_000	1
Q000160	0	C001977_et_000	1
Q000161	0	C001977_et_000	1
Q000162	0	C000092_et_000	1
Q000163	0	C002481_et_000	1
Q000164	0	C002481_et_000	1
Q000165	0	C002481_et_000	1
Q000166	0	C002481_et_000	1
Q000167	0	C002481_et_000	1
Q000168	0	C002481_et_000	1
Q000169	0	C002481_et_000	1
Q000170	0	C002481_et_000	1
Q000171	0	C002481_et_000	1
Q000172	0	C002481_et_000	1
Q000173	0	C002481_et_000	1
Q000174	0	C002481_et_000	1
Q000175	0	C002481_et_000	1
Q000176	0	C002971_et_000	1
Q000177	0	C002481_et_000	1
Q000178	0	C002481_et_000	1
Q000179	0	C002481_et_000	1
Q000180	0	C002481_et_000	1
Q000181	0	C002481_et_000	1
Q000182	0	C002481_et_000	1
Q000183	0	C002481_et_000	1
Q000184	0	C002481_et_000	1
Q000185	0	C002481_et_000	1
Q000186	0	C002481_et_000	1
Q000187	0	C002481_et_000	1
Q000188	0	C002481_et_000	1
Q000189	0	C002481_et_000	1
Q000190	0	C002481_et_000	1
Q000191	0	C002481_et_000	1
Q000192	0	C002481_et_000	1
Q000193	0	C002481_et_000	1
Q000194	0	C002481_et_000	1
Q000195	0	C002481_et_000	1
Q000196	0	C002481_et_000	1
Q000197	0	C002481_et_000	1
Q000198	0	C002481_et_000	1
Q000199	0	C002481_et_000	1
Q000200	0	C002481_et_000	1
Q000201	0	C000923_et_000	1
Q000202	0	C002315_et_000	1
Q000203	0	C000923_et_000	1
Q000204	0	C000923_et_000	1
Q000205	0	C000923_et_000	1
Q000206	0	C000923_et_000	1
Q000207	0	C000923_et_000	1
Q000208	0	C000923_et_000	1
Q000209	0	C000923_et_000	1
Q000210	0	C000923_et_000	1
Q000211	0	C002315_et_000	1
Q000212	0	C000923_et_000	1
Q000213	0	C002315_et_000	1
Q000214	0	C002315_et_000	1
Q000215	0	C002394_et_000	1
Q000216	0	C000100_et_000	1
Q000217	0	C003346_et_000	1
Q000217	0	C003346_et_001	1
Q000217	0	C003346_et_002	1
Q000217	0	C003346_et_003	1
Q000218	0	C003284_et_000	1
Q000219	0	C002579_et_000	1
Q000220	0	C002579_et_000	1
Q000221	0	C002579_et_000	1
Q000222	0	C002106_et_000	1
Q000223	0	C002072_et_000	1
Q000224	0	C000628_et_000	1
Q000225	0	C002277_et_000	1
Q000226	0	C001491_et_000	1
Q000227	0	C002936_et_000	1
Q000228	0	C001873_et_000	1
Q000229	0	C001873_et_000	1
Q000230	0	C001873_et_000	1
Q000231	0	C000831_et_000	1
Q000232	0	C002179_et_000	1
Q000233	0	C002179_et_000	1
Q000234	0	C001105_et_000	1
Q000235	0	C002313_et_000	1
Q000236	0	C001655_et_000	1
Q000237	0	C002268_et_000	1
Q000238	0	C003550_et_000	1
Q000239	0	C002523_et_000	1
Q000240	0	C001754_et_000	1
Q000241	0	C003391_et_000	1
Q000242	0	C001754_et_000	1
Q000243	0	C002166_et_000	1
Q000244	0	C001719_et_000	1
Q000245	0	C000675_et_000	1
Q000245	0	C000675_et_001	1
Q000246	0	C000675_et_000	1
Q000246	0	C000675_et_001	1
Q000247	0	C001644_et_000	1
Q000247	0	C001644_et_001	1
Q000247	0	C001644_et_002	1
Q000247	0	C001644_et_003	1
Q000247	0	C001644_et_004	1
Q000248	0	C001644_et_000	1
Q000248	0	C001644_et_001	1
Q000248	0	C001644_et_002	1
Q000248	0	C001644_et_003	1
Q000248	0	C001644_et_004	1
Q000249	0	C001644_et_000	1
Q000249	0	C001644_et_001	1
Q000249	0	C001644_et_002	1
Q000249	0	C001644_et_003	1
Q000249	0	C001644_et_004	1
Q000250	0	C000123_et_000	1
Q000251	0	C000123_et_000	1
Q000252	0	C003159_et_000	1
Q000253	0	C002423_et_000	1
Q000254	0	C002423_et_000	1
Q000255	0	C002423_et_000	1
Q000256	0	C002423_et_000	1
Q000257	0	C002412_et_000	1
Q000258	0	C002412_et_000	1
Q000259	0	C002412_et_000	1
Q000260	0	C002412_et_000	1
Q000261	0	C002412_et_000	1
Q000262	0	C002412_et_000	1
Q000263	0	C001696_et_000	1
Q000264	0	C003402_et_000	1
Q000265	0	C003402_et_000	1
Q000266	0	C003402_et_000	1
Q000267	0	C003402_et_000	1
Q000268	0	C003033_et_000	1
Q000269	0	C000993_et_000	1
Q000270	0	C002504_et_000	1
Q000270	0	C002504_et_001	1
Q000270	0	C002504_et_002	1
Q000270	0	C002504_et_003	1
Q000270	0	C002504_et_004	1
Q000270	0	C002504_et_005	1
Q000271	0	C001603_et_000	1
Q000272	0	C000129_et_000	1
Q000273	0	C000129_et_000	1
Q000274	0	C001694_et_000	1
Q000275	0	C000129_et_000	1
Q000276	0	C001694_et_000	1
Q000277	0	C000129_et_000	1
Q000278	0	C003367_et_000	1
Q000279	0	C001751_et_000	1
Q000280	0	C003170_et_000	1
Q000281	0	C001034_et_000	1
Q000282	0	C001306_et_000	1
Q000283	0	C000133_et_000	1
Q000284	0	C002319_et_000	1
Q000285	0	C002794_et_000	1
Q000286	0	C000136_et_000	1
Q000287	0	C000832_et_000	1
Q000288	0	C000136_et_000	1
Q000289	0	C000136_et_000	1
Q000290	0	C000136_et_000	1
Q000291	0	C001892_et_000	1
Q000292	0	C000136_et_000	1
Q000293	0	C002299_et_000	1
Q000294	0	C002299_et_000	1
Q000295	0	C000137_et_000	1
Q000296	0	C002299_et_000	1
Q000297	0	C003461_et_000	1
Q000298	0	C002064_et_000	1
Q000299	0	C002064_et_000	1
Q000300	0	C000137_et_000	1
Q000301	0	C003020_et_000	1
Q000302	0	C000137_et_000	1
Q000303	0	C001736_et_000	1
Q000304	0	C000709_et_000	1
Q000305	0	C000765_et_000	1
Q000306	0	C002527_et_000	1
Q000307	0	C000139_et_000	1
Q000308	0	C002717_et_000	1
Q000309	0	C003230_et_000	1
Q000310	0	C001955_et_000	1
Q000311	0	C002598_et_000	1
Q000312	0	C001983_et_000	1
Q000313	0	C002801_et_000	1
Q000314	0	C000142_et_000	1
Q000315	0	C002647_et_000	1
Q000316	0	C001937_et_000	1
Q000317	0	C002592_et_000	1
Q000317	0	C002592_et_001	1
Q000317	0	C002592_et_002	1
Q000317	0	C002592_et_003	1
Q000317	0	C002592_et_004	1
Q000317	0	C002592_et_005	1
Q000318	0	C003252_et_000	1
Q000318	0	C003252_et_001	1
Q000318	0	C003252_et_002	1
Q000318	0	C003252_et_003	1
Q000319	0	C003266_et_000	1
Q000319	0	C003266_et_001	1
Q000319	0	C003266_et_002	1
Q000319	0	C003266_et_003	1
Q000319	0	C003266_et_004	1
Q000319	0	C003266_et_005	1
Q000320	0	C003547_et_000	1
Q000320	0	C003547_et_001	1
Q000320	0	C003547_et_002	1
Q000320	0	C003547_et_003	1
Q000320	0	C003547_et_004	1
Q000321	0	C003072_et_000	1
Q000321	0	C003072_et_001	1
Q000321	0	C003072_et_002	1
Q000321	0	C003072_et_003	1
Q000321	0	C003072_et_004	1
Q000321	0	C003072_et_005	1
Q000322	0	C003406_et_000	1
Q000322	0	C003406_et_001	1
Q000322	0	C003406_et_002	1
Q000322	0	C003406_et_003	1
Q000323	0	C000149_et_000	1
Q000324	0	C000149_et_000	1
Q000325	0	C002858_et_000	1
Q000325	0	C002858_et_001	1
Q000325	0	C002858_et_002	1
Q000325	0	C002858_et_003	1
Q000325	0	C002858_et_004	1
Q000325	0	C002858_et_005	1
Q000325	0	C002858_et_006	1
Q000325	0	C002858_et_007	1
Q000326	0	C000150_et_000	1
Q000327	0	C000827_et_000	1
Q000327	0	C000827_et_001	1
Q000327	0	C000827_et_002	1
Q000327	0	C000827_et_003	1
Q000327	0	C000827_et_004	1
Q000327	0	C000827_et_005	1
Q000327	0	C000827_et_006	1
Q000327	0	C000827_et_007	1
Q000328	0	C001610_et_000	1
Q000328	0	C001610_et_001	1
Q000328	0	C001610_et_002	1
Q000328	0	C001610_et_003	1
Q000329	0	C002304_et_000	1
Q000329	0	C002304_et_001	1
Q000329	0	C002304_et_002	1
Q000329	0	C002304_et_003	1
Q000329	0	C002304_et_004	1
Q000329	0	C002304_et_005	1
Q000329	0	C002304_et_006	1
Q000329	0	C002304_et_007	1
Q000330	0	C002712_et_000	1
Q000330	0	C002712_et_001	1
Q000330	0	C002712_et_002	1
Q000330	0	C002712_et_003	1
Q000330	0	C002712_et_004	1
Q000330	0	C002712_et_005	1
Q000331	0	C002055_et_000	1
Q000331	0	C002055_et_001	1
Q000331	0	C002055_et_002	1
Q000331	0	C002055_et_003	1
Q000331	0	C002055_et_004	1
Q000331	0	C002055_et_005	1
Q000331	0	C002055_et_006	1
Q000331	0	C002055_et_007	1
Q000332	0	C000814_et_000	1
Q000333	0	C002665_et_000	1
Q000334	0	C002418_et_000	1
Q000335	0	C002418_et_000	1
Q000336	0	C002418_et_000	1
Q000337	0	C002418_et_000	1
Q000338	0	C000723_et_000	1
Q000339	0	C001221_et_000	1
Q000340	0	C003088_et_000	1
Q000341	0	C003088_et_000	1
Q000342	0	C002418_et_000	1
Q000343	0	C000161_et_000	1
Q000344	0	C001881_et_000	1
Q000345	0	C003269_et_000	1
Q000346	0	C002332_et_000	1
Q000347	0	C002022_et_000	1
Q000348	0	C001781_et_000	1
Q000349	0	C002451_et_000	1
Q000350	0	C001652_et_000	1
Q000351	0	C002666_et_000	1
Q000352	0	C001013_et_000	1
Q000353	0	C002825_et_000	1
Q000354	0	C000844_et_000	1
Q000355	0	C000167_et_000	1
Q000356	0	C000779_et_000	1
Q000357	0	C002889_et_000	1
Q000358	0	C001573_et_000	1
Q000359	0	C001611_et_000	1
Q000360	0	C001570_et_000	1
Q000361	0	C002687_et_000	1
Q000362	0	C001509_et_000	1
Q000363	0	C000170_et_000	1
Q000364	0	C003497_et_000	1
Q000365	0	C001742_et_000	1
Q000366	0	C001509_et_000	1
Q000367	0	C001897_et_000	1
Q000368	0	C002572_et_000	1
Q000369	0	C003363_et_000	1
Q000370	0	C003363_et_000	1
Q000371	0	C003363_et_000	1
Q000372	0	C003363_et_000	1
Q000373	0	C002701_et_000	1
Q000374	0	C001525_et_000	1
Q000375	0	C002701_et_000	1
Q000376	0	C001657_et_000	1
Q000377	0	C003416_et_000	1
Q000378	0	C002564_et_000	1
Q000379	0	C002297_et_000	1
Q000380	0	C003541_et_000	1
Q000381	0	C001966_et_000	1
Q000382	0	C002564_et_000	1
Q000383	0	C002774_et_000	1
Q000384	0	C002564_et_000	1
Q000385	0	C000935_et_000	1
Q000386	0	C002625_et_000	1
Q000387	0	C000935_et_000	1
Q000388	0	C000935_et_000	1
Q000389	0	C000935_et_000	1
Q000390	0	C000935_et_000	1
Q000391	0	C000935_et_000	1
Q000392	0	C002460_et_000	1
Q000393	0	C001054_et_000	1
Q000394	0	C001054_et_000	1
Q000395	0	C001054_et_000	1
Q000396	0	C001054_et_000	1
Q000397	0	C001054_et_000	1
Q000398	0	C001054_et_000	1
Q000399	0	C003353_et_000	1
Q000400	0	C000741_et_000	1
Q000401	0	C000177_et_000	1
Q000402	0	C002383_et_000	1
Q000403	0	C001416_et_000	1
Q000404	0	C000799_et_000	1
Q000405	0	C002130_et_000	1
Q000406	0	C000178_et_000	1
Q000407	0	C001837_et_000	1
Q000408	0	C003451_et_000	1
Q000409	0	C000178_et_000	1
Q000410	0	C000178_et_000	1
Q000411	0	C003451_et_000	1
Q000412	0	C000867_et_000	1
Q000413	0	C000721_et_000	1
Q000414	0	C002078_et_000	1
Q000415	0	C000721_et_000	1
Q000416	0	C000917_et_000	1
Q000417	0	C003189_et_000	1
Q000418	0	C000180_et_000	1
Q000419	0	C000180_et_000	1
Q000420	0	C000180_et_000	1
Q000421	0	C001607_et_000	1
Q000422	0	C000180_et_000	1
Q000423	0	C003090_et_000	1
Q000424	0	C001108_et_000	1
Q000425	0	C001086_et_000	1
Q000425	0	C001086_et_001	1
Q000425	0	C001086_et_002	1
Q000426	0	C000181_et_000	1
Q000427	0	C002205_et_000	1
Q000428	0	C000182_et_000	1
Q000429	0	C000742_et_000	1
Q000430	0	C000182_et_000	1
Q000431	0	C003282_et_000	1
Q000432	0	C003510_et_000	1
Q000433	0	C000787_et_000	1
Q000434	0	C002623_et_000	1
Q000435	0	C000813_et_000	1
Q000436	0	C000813_et_000	1
Q000437	0	C000813_et_000	1
Q000438	0	C000813_et_000	1
Q000439	0	C002469_et_000	1
Q000440	0	C002469_et_000	1
Q000441	0	C001595_et_000	1
Q000442	0	C002469_et_000	1
Q000443	0	C001102_et_000	1
Q000444	0	C001102_et_000	1
Q000445	0	C002734_et_000	1
Q000446	0	C001355_et_000	1
Q000446	0	C001355_et_001	1
Q000447	0	C002734_et_000	1
Q000448	0	C002734_et_000	1
Q000449	0	C002734_et_000	1
Q000450	0	C001355_et_000	1
Q000450	0	C001355_et_001	1
Q000451	0	C002734_et_000	1
Q000452	0	C000694_et_000	1
Q000453	0	C000193_et_000	1
Q000454	0	C000703_et_000	1
Q000455	0	C000193_et_000	1
Q000456	0	C001211_et_000	1
Q000457	0	C000195_et_000	1
Q000458	0	C000195_et_000	1
Q000459	0	C000195_et_000	1
Q000460	0	C000195_et_000	1
Q000461	0	C002849_et_000	1
Q000461	0	C002849_et_001	1
Q000462	0	C002067_et_000	1
Q000463	0	C001728_et_000	1
Q000464	0	C001396_et_000	1
Q000465	0	C001396_et_000	1
Q000466	0	C000198_et_000	1
Q000467	0	C000795_et_000	1
Q000468	0	C000795_et_000	1
Q000469	0	C000795_et_000	1
Q000470	0	C001981_et_000	1
Q000471	0	C003535_et_000	1
Q000472	0	C000946_et_000	1
Q000473	0	C002541_et_000	1
Q000474	0	C002541_et_000	1
Q000475	0	C001025_et_000	1
Q000476	0	C000204_et_000	1
Q000477	0	C000205_et_000	1
Q000478	0	C003369_et_000	1
Q000479	0	C003074_et_000	1
Q000480	0	C000206_et_000	1
Q000481	0	C002229_et_000	1
Q000482	0	C000208_et_000	1
Q000483	0	C003554_et_000	1
Q000483	0	C003554_et_001	1
Q000484	0	C001003_et_000	1
Q000485	0	C000209_et_000	1
Q000486	0	C003424_et_000	1
Q000486	0	C003424_et_001	1
Q000486	0	C003424_et_002	1
Q000487	0	C000210_et_000	1
Q000488	0	C003405_et_000	1
Q000489	0	C001009_et_000	1
Q000490	0	C000213_et_000	1
Q000491	0	C001822_et_000	1
Q000492	0	C003405_et_000	1
Q000493	0	C001458_et_000	1
Q000494	0	C002741_et_000	1
Q000495	0	C002463_et_000	1
Q000496	0	C001348_et_000	1
Q000497	0	C000219_et_000	1
Q000498	0	C002032_et_000	1
Q000499	0	C000219_et_000	1
Q000500	0	C001180_et_000	1
Q000500	0	C001180_et_001	1
Q000501	0	C001180_et_000	1
Q000501	0	C001180_et_001	1
Q000502	0	C001180_et_000	1
Q000502	0	C001180_et_001	1
Q000503	0	C002098_et_000	1
Q000504	0	C002913_et_000	1
Q000505	0	C002042_et_000	1
Q000505	0	C002042_et_001	1
Q000506	0	C001578_et_000	1
Q000507	0	C000224_et_000	1
Q000508	0	C000225_et_000	1
Q000509	0	C000227_et_000	1
Q000510	0	C000229_et_000	1
Q000511	0	C001073_et_000	1
Q000511	0	C001073_et_001	1
Q000511	0	C001073_et_002	1
Q000511	0	C001073_et_003	1
Q000511	0	C001073_et_004	1
Q000511	0	C001073_et_005	1
Q000512	0	C000231_et_000	1
Q000513	0	C003079_et_000	1
Q000513	0	C003079_et_001	1
Q000514	0	C000232_et_000	1
Q000515	0	C000234_et_000	1
Q000516	0	C001930_et_000	1
Q000517	0	C000236_et_000	1
Q000518	0	C001863_et_000	1
Q000519	0	C000762_et_000	1
Q000519	0	C000762_et_001	1
Q000519	0	C000762_et_002	1
Q000519	0	C000762_et_003	1
Q000519	0	C000762_et_004	1
Q000519	0	C000762_et_005	1
Q000519	0	C000762_et_006	1
Q000520	0	C001829_et_000	1
Q000520	0	C001829_et_001	1
Q000520	0	C001829_et_002	1
Q000521	0	C002326_et_000	1
Q000522	0	C002933_et_000	1
Q000523	0	C000244_et_000	1
Q000524	0	C002933_et_000	1
Q000525	0	C000244_et_000	1
Q000526	0	C003097_et_000	1
Q000526	0	C003097_et_001	1
Q000527	0	C000245_et_000	1
Q000528	0	C000246_et_000	1
Q000529	0	C003318_et_000	1
Q000530	0	C002836_et_000	1
Q000531	0	C002528_et_000	1
Q000532	0	C000248_et_000	1
Q000533	0	C000870_et_000	1
Q000534	0	C000870_et_000	1
Q000535	0	C000249_et_000	1
Q000536	0	C000250_et_000	1
Q000537	0	C001122_et_000	1
Q000538	0	C001792_et_000	1
Q000539	0	C001792_et_000	1
Q000540	0	C000254_et_000	1
Q000541	0	C000255_et_000	1
Q000542	0	C000256_et_000	1
Q000543	0	C000812_et_000	1
Q000544	0	C002329_et_000	1
Q000545	0	C002990_et_000	1
Q000546	0	C000257_et_000	1
Q000547	0	C002296_et_000	1
Q000548	0	C003436_et_000	1
Q000549	0	C001939_et_000	1
Q000550	0	C000259_et_000	1
Q000551	0	C000259_et_000	1
Q000552	0	C000260_et_000	1
Q000553	0	C000261_et_000	1
Q000554	0	C000679_et_000	1
Q000555	0	C000679_et_000	1
Q000556	0	C001740_et_000	1
Q000557	0	C001756_et_000	1
Q000558	0	C001501_et_000	1
Q000559	0	C001545_et_000	1
Q000560	0	C002640_et_000	1
Q000561	0	C001303_et_000	1
Q000562	0	C003047_et_000	1
Q000563	0	C000269_et_000	1
Q000564	0	C000269_et_000	1
Q000565	0	C000269_et_000	1
Q000566	0	C000269_et_000	1
Q000567	0	C003025_et_000	1
Q000568	0	C000269_et_000	1
Q000569	0	C000269_et_000	1
Q000570	0	C001969_et_000	1
Q000571	0	C002355_et_000	1
Q000572	0	C002750_et_000	1
Q000573	0	C000272_et_000	1
Q000574	0	C002824_et_000	1
Q000575	0	C000272_et_000	1
Q000576	0	C000272_et_000	1
Q000577	0	C002320_et_000	1
Q000577	0	C002320_et_001	1
Q000577	0	C002320_et_002	1
Q000577	0	C002320_et_003	1
Q000578	0	C002320_et_000	1
Q000578	0	C002320_et_001	1
Q000578	0	C002320_et_002	1
Q000578	0	C002320_et_003	1
Q000579	0	C002320_et_000	1
Q000579	0	C002320_et_001	1
Q000579	0	C002320_et_002	1
Q000579	0	C002320_et_003	1
Q000580	0	C002965_et_000	1
Q000581	0	C001138_et_000	1
Q000582	0	C002965_et_000	1
Q000583	0	C002320_et_000	1
Q000583	0	C002320_et_001	1
Q000583	0	C002320_et_002	1
Q000583	0	C002320_et_003	1
Q000584	0	C000274_et_000	1
Q000585	0	C000274_et_000	1
Q000586	0	C000276_et_000	1
Q000587	0	C000277_et_000	1
Q000588	0	C001377_et_000	1
Q000589	0	C001807_et_000	1
Q000590	0	C001304_et_000	1
Q000591	0	C002170_et_000	1
Q000592	0	C002979_et_000	1
Q000593	0	C001045_et_000	1
Q000594	0	C000836_et_000	1
Q000595	0	C001849_et_000	1
Q000596	0	C002053_et_000	1
Q000597	0	C001273_et_000	1
Q000598	0	C002602_et_000	1
Q000599	0	C000282_et_000	1
Q000600	0	C000821_et_000	1
Q000600	0	C000821_et_001	1
Q000600	0	C000821_et_002	1
Q000600	0	C000821_et_003	1
Q000601	0	C003134_et_000	1
Q000601	0	C003134_et_001	1
Q000601	0	C003134_et_002	1
Q000601	0	C003134_et_003	1
Q000602	0	C000284_et_000	1
Q000603	0	C001209_et_000	1
Q000604	0	C003132_et_000	1
Q000605	0	C002662_et_000	1
Q000606	0	C001398_et_000	1
Q000607	0	C002864_et_000	1
Q000608	0	C002639_et_000	1
Q000608	0	C002639_et_001	1
Q000608	0	C002639_et_002	1
Q000608	0	C002639_et_003	1
Q000609	0	C001376_et_000	1
Q000609	0	C001376_et_001	1
Q000609	0	C001376_et_002	1
Q000609	0	C001376_et_003	1
Q000610	0	C002639_et_000	1
Q000610	0	C002639_et_001	1
Q000610	0	C002639_et_002	1
Q000610	0	C002639_et_003	1
Q000611	0	C000852_et_000	1
Q000611	0	C000852_et_001	1
Q000611	0	C000852_et_002	1
Q000611	0	C000852_et_003	1
Q000611	0	C000852_et_004	1
Q000611	0	C000852_et_005	1
Q000612	0	C002174_et_000	1
Q000612	0	C002174_et_001	1
Q000612	0	C002174_et_002	1
Q000612	0	C002174_et_003	1
Q000613	0	C002501_et_000	1
Q000613	0	C002501_et_001	1
Q000613	0	C002501_et_002	1
Q000613	0	C002501_et_003	1
Q000614	0	C003202_et_000	1
Q000614	0	C003202_et_001	1
Q000614	0	C003202_et_002	1
Q000614	0	C003202_et_003	1
Q000614	0	C003202_et_004	1
Q000614	0	C003202_et_005	1
Q000614	0	C003202_et_006	1
Q000614	0	C003202_et_007	1
Q000614	0	C003202_et_008	1
Q000614	0	C003202_et_009	1
Q000615	0	C000290_et_000	1
Q000616	0	C001905_et_000	1
Q000617	0	C001905_et_000	1
Q000618	0	C000790_et_000	1
Q000619	0	C002081_et_000	1
Q000620	0	C001163_et_000	1
Q000621	0	C000939_et_000	1
Q000622	0	C003548_et_000	1
Q000622	0	C003548_et_001	1
Q000622	0	C003548_et_002	1
Q000623	0	C002581_et_000	1
Q000624	0	C000700_et_000	1
Q000625	0	C002034_et_000	1
Q000626	0	C001274_et_000	1
Q000626	0	C001274_et_001	1
Q000626	0	C001274_et_002	1
Q000626	0	C001274_et_003	1
Q000626	0	C001274_et_004	1
Q000626	0	C001274_et_005	1
Q000627	0	C003155_et_000	1
Q000627	0	C003155_et_001	1
Q000627	0	C003155_et_002	1
Q000627	0	C003155_et_003	1
Q000628	0	C000293_et_000	1
Q000629	0	C001714_et_000	1
Q000630	0	C001714_et_000	1
Q000631	0	C001714_et_000	1
Q000632	0	C001042_et_000	1
Q000633	0	C001816_et_000	1
Q000633	0	C001816_et_001	1
Q000633	0	C001816_et_002	1
Q000633	0	C001816_et_003	1
Q000633	0	C001816_et_004	1
Q000633	0	C001816_et_005	1
Q000634	0	C001199_et_000	1
Q000635	0	C001896_et_000	1
Q000636	0	C003509_et_000	1
Q000637	0	C001586_et_000	1
Q000638	0	C000308_et_000	1
Q000639	0	C001115_et_000	1
Q000639	0	C001115_et_001	1
Q000639	0	C001115_et_002	1
Q000639	0	C001115_et_003	1
Q000640	0	C002478_et_000	1
Q000641	0	C001968_et_000	1
Q000642	0	C002793_et_000	1
Q000643	0	C000768_et_000	1
Q000644	0	C000866_et_000	1
Q000645	0	C000866_et_000	1
Q000646	0	C000866_et_000	1
Q000647	0	C000866_et_000	1
Q000648	0	C003463_et_000	1
Q000649	0	C002536_et_000	1
Q000650	0	C000317_et_000	1
Q000651	0	C000317_et_000	1
Q000652	0	C000320_et_000	1
Q000653	0	C002826_et_000	1
Q000654	0	C001729_et_000	1
Q000655	0	C002730_et_000	1
Q000656	0	C000321_et_000	1
Q000657	0	C002674_et_000	1
Q000658	0	C000324_et_000	1
Q000659	0	C000324_et_000	1
Q000660	0	C000324_et_000	1
Q000661	0	C000325_et_000	1
Q000662	0	C000325_et_000	1
Q000663	0	C000325_et_000	1
Q000664	0	C000325_et_000	1
Q000665	0	C003496_et_000	1
Q000666	0	C001490_et_000	1
Q000667	0	C002764_et_000	1
Q000668	0	C001648_et_000	1
Q000669	0	C001835_et_000	1
Q000670	0	C000329_et_000	1
Q000671	0	C002138_et_000	1
Q000672	0	C001591_et_000	1
Q000673	0	C000772_et_000	1
Q000673	0	C000772_et_001	1
Q000674	0	C003485_et_000	1
Q000675	0	C000331_et_000	1
Q000676	0	C000332_et_000	1
Q000677	0	C002471_et_000	1
Q000678	0	C002471_et_000	1
Q000679	0	C003162_et_000	1
Q000680	0	C000335_et_000	1
Q000681	0	C001682_et_000	1
Q000681	0	C001682_et_001	1
Q000681	0	C001682_et_002	1
Q000681	0	C001682_et_003	1
Q000681	0	C001682_et_004	1
Q000682	0	C001682_et_000	1
Q000682	0	C001682_et_001	1
Q000682	0	C001682_et_002	1
Q000682	0	C001682_et_003	1
Q000682	0	C001682_et_004	1
Q000683	0	C003334_et_000	1
Q000684	0	C002492_et_000	1
Q000685	0	C002751_et_000	1
Q000686	0	C002344_et_000	1
Q000686	0	C002344_et_001	1
Q000686	0	C002344_et_002	1
Q000686	0	C002344_et_003	1
Q000686	0	C002344_et_004	1
Q000687	0	C002344_et_000	1
Q000687	0	C002344_et_001	1
Q000687	0	C002344_et_002	1
Q000687	0	C002344_et_003	1
Q000687	0	C002344_et_004	1
Q000688	0	C003133_et_000	1
Q000688	0	C003133_et_001	1
Q000688	0	C003133_et_002	1
Q000689	0	C001486_et_000	1
Q000689	0	C001486_et_001	1
Q000689	0	C001486_et_002	1
Q000689	0	C001486_et_003	1
Q000689	0	C001486_et_004	1
Q000689	0	C001486_et_005	1
Q000690	0	C001626_et_000	1
Q000690	0	C001626_et_001	1
Q000690	0	C001626_et_002	1
Q000690	0	C001626_et_003	1
Q000691	0	C000740_et_000	1
Q000692	0	C001550_et_000	1
Q000693	0	C001483_et_000	1
Q000694	0	C002539_et_000	1
Q000695	0	C000349_et_000	1
Q000696	0	C000349_et_000	1
Q000697	0	C001474_et_000	1
Q000698	0	C000351_et_000	1
Q000699	0	C000351_et_000	1
Q000700	0	C000351_et_000	1
Q000701	0	C000351_et_000	1
Q000702	0	C001677_et_000	1
Q000703	0	C001427_et_000	1
Q000703	0	C001427_et_001	1
Q000703	0	C001427_et_002	1
Q000703	0	C001427_et_003	1
Q000704	0	C000909_et_000	1
Q000705	0	C002634_et_000	1
Q000706	0	C000909_et_000	1
Q000707	0	C000353_et_000	1
Q000708	0	C002222_et_000	1
Q000709	0	C001711_et_000	1
Q000709	0	C001711_et_001	1
Q000709	0	C001711_et_002	1
Q000709	0	C001711_et_003	1
Q000710	0	C000358_et_000	1
Q000711	0	C000358_et_000	1
Q000712	0	C003455_et_000	1
Q000713	0	C002845_et_000	1
Q000714	0	C003328_et_000	1
Q000715	0	C002903_et_000	1
Q000716	0	C001784_et_000	1
Q000717	0	C002476_et_000	1
Q000718	0	C002679_et_000	1
Q000719	0	C000375_et_000	1
Q000720	0	C001403_et_000	1
Q000721	0	C000376_et_000	1
Q000722	0	C000377_et_000	1
Q000723	0	C001308_et_000	1
Q000724	0	C002950_et_000	1
Q000725	0	C001387_et_000	1
Q000726	0	C001540_et_000	1
Q000727	0	C003106_et_000	1
Q000728	0	C000863_et_000	1
Q000729	0	C002253_et_000	1
Q000730	0	C000389_et_000	1
Q000731	0	C001666_et_000	1
Q000732	0	C002803_et_000	1
Q000733	0	C001666_et_000	1
Q000734	0	C001666_et_000	1
Q000735	0	C001220_et_000	1
Q000736	0	C001872_et_000	1
Q000737	0	C001202_et_000	1
Q000738	0	C002803_et_000	1
Q000739	0	C000393_et_000	1
Q000740	0	C000393_et_000	1
Q000741	0	C000397_et_000	1
Q000742	0	C000397_et_000	1
Q000743	0	C000397_et_000	1
Q000744	0	C000398_et_000	1
Q000745	0	C000943_et_000	1
Q000745	0	C000943_et_001	1
Q000745	0	C000943_et_002	1
Q000745	0	C000943_et_003	1
Q000745	0	C000943_et_004	1
Q000746	0	C000943_et_000	1
Q000746	0	C000943_et_001	1
Q000746	0	C000943_et_002	1
Q000746	0	C000943_et_003	1
Q000746	0	C000943_et_004	1
Q000747	0	C000943_et_000	1
Q000747	0	C000943_et_001	1
Q000747	0	C000943_et_002	1
Q000747	0	C000943_et_003	1
Q000747	0	C000943_et_004	1
Q000748	0	C003493_et_000	1
Q000749	0	C000400_et_000	1
Q000750	0	C000877_et_000	1
Q000750	0	C000877_et_001	1
Q000750	0	C000877_et_002	1
Q000751	0	C000402_et_000	1
Q000752	0	C002758_et_000	1
Q000752	0	C002758_et_001	1
Q000752	0	C002758_et_002	1
Q000752	0	C002758_et_003	1
Q000752	0	C002758_et_004	1
Q000753	0	C002758_et_000	1
Q000753	0	C002758_et_001	1
Q000753	0	C002758_et_002	1
Q000753	0	C002758_et_003	1
Q000753	0	C002758_et_004	1
Q000754	0	C002758_et_000	1
Q000754	0	C002758_et_001	1
Q000754	0	C002758_et_002	1
Q000754	0	C002758_et_003	1
Q000754	0	C002758_et_004	1
Q000755	0	C003335_et_000	1
Q000755	0	C003335_et_001	1
Q000755	0	C003335_et_002	1
Q000755	0	C003335_et_003	1
Q000756	0	C002724_et_000	1
Q000756	0	C002724_et_001	1
Q000756	0	C002724_et_002	1
Q000757	0	C001442_et_000	1
Q000757	0	C001442_et_001	1
Q000757	0	C001442_et_002	1
Q000757	0	C001442_et_003	1
Q000758	0	C000654_et_000	1
Q000758	0	C000654_et_001	1
Q000758	0	C000654_et_002	1
Q000759	0	C000807_et_000	1
Q000759	0	C000807_et_001	1
Q000759	0	C000807_et_002	1
Q000759	0	C000807_et_003	1
Q000760	0	C000966_et_000	1
Q000761	0	C000410_et_000	1
Q000762	0	C000410_et_000	1
Q000763	0	C000410_et_000	1
Q000764	0	C000410_et_000	1
Q000765	0	C000410_et_000	1
Q000766	0	C002905_et_000	1
Q000767	0	C001099_et_000	1
Q000768	0	C002851_et_000	1
Q000769	0	C002996_et_000	1
Q000770	0	C001697_et_000	1
Q000771	0	C001697_et_000	1
Q000772	0	C001697_et_000	1
Q000773	0	C000697_et_000	1
Q000774	0	C000429_et_000	1
Q000775	0	C000429_et_000	1
Q000776	0	C000429_et_000	1
Q000777	0	C003420_et_000	1
Q000778	0	C000430_et_000	1
Q000779	0	C000431_et_000	1
Q000780	0	C000431_et_000	1
Q000781	0	C000431_et_000	1
Q000782	0	C002614_et_000	1
Q000782	0	C002614_et_001	1
Q000783	0	C001126_et_000	1
Q000784	0	C001126_et_000	1
Q000785	0	C003209_et_000	1
Q000786	0	C000433_et_000	1
Q000787	0	C000924_et_000	1
Q000788	0	C002659_et_000	1
Q000789	0	C000433_et_000	1
Q000790	0	C000433_et_000	1
Q000791	0	C000651_et_000	1
Q000792	0	C000705_et_000	1
Q000793	0	C003426_et_000	1
Q000794	0	C003426_et_000	1
Q000795	0	C002729_et_000	1
Q000796	0	C003014_et_000	1
Q000797	0	C003364_et_000	1
Q000798	0	C000440_et_000	1
Q000799	0	C002427_et_000	1
Q000800	0	C002084_et_000	1
Q000801	0	C000443_et_000	1
Q000802	0	C000443_et_000	1
Q000803	0	C002601_et_000	1
Q000804	0	C002550_et_000	1
Q000805	0	C002585_et_000	1
Q000806	0	C002550_et_000	1
Q000807	0	C002093_et_000	1
Q000808	0	C000449_et_000	1
Q000809	0	C000906_et_000	1
Q000810	0	C001658_et_000	1
Q000811	0	C001658_et_000	1
Q000812	0	C001882_et_000	1
Q000813	0	C000451_et_000	1
Q000814	0	C003526_et_000	1
Q000815	0	C002369_et_000	1
Q000816	0	C002632_et_000	1
Q000817	0	C000455_et_000	1
Q000818	0	C003358_et_000	1
Q000819	0	C002632_et_000	1
Q000820	0	C002628_et_000	1
Q000821	0	C001327_et_000	1
Q000822	0	C002266_et_000	1
Q000823	0	C001043_et_000	1
Q000824	0	C001727_et_000	1
Q000825	0	C002198_et_000	1
Q000826	0	C000457_et_000	1
Q000827	0	C000459_et_000	1
Q000828	0	C001506_et_000	1
Q000829	0	C002443_et_000	1
Q000830	0	C001070_et_000	1
Q000831	0	C002389_et_000	1
Q000832	0	C003457_et_000	1
Q000833	0	C000461_et_000	1
Q000834	0	C000461_et_000	1
Q000835	0	C001238_et_000	1
Q000836	0	C001136_et_000	1
Q000837	0	C000846_et_000	1
Q000838	0	C000465_et_000	1
Q000839	0	C002844_et_000	1
Q000840	0	C001790_et_000	1
Q000841	0	C002272_et_000	1
Q000842	0	C002425_et_000	1
Q000843	0	C001824_et_000	1
Q000844	0	C000469_et_000	1
Q000845	0	C000469_et_000	1
Q000846	0	C001323_et_000	1
Q000847	0	C000470_et_000	1
Q000848	0	C002379_et_000	1
Q000849	0	C000650_et_000	1
Q000850	0	C001991_et_000	1
Q000851	0	C003352_et_000	1
Q000852	0	C001264_et_000	1
Q000853	0	C002743_et_000	1
Q000854	0	C000473_et_000	1
Q000855	0	C000473_et_000	1
Q000856	0	C003246_et_000	1
Q000857	0	C000475_et_000	1
Q000858	0	C003336_et_000	1
Q000859	0	C000725_et_000	1
Q000860	0	C000477_et_000	1
Q000861	0	C002910_et_000	1
Q000862	0	C001239_et_000	1
Q000863	0	C001480_et_000	1
Q000864	0	C001480_et_000	1
Q000865	0	C001850_et_000	1
Q000866	0	C002376_et_000	1
Q000867	0	C003480_et_000	1
Q000868	0	C002993_et_000	1
Q000869	0	C000481_et_000	1
Q000870	0	C000484_et_000	1
Q000871	0	C000484_et_000	1
Q000872	0	C000485_et_000	1
Q000873	0	C001295_et_000	1
Q000873	0	C001295_et_001	1
Q000873	0	C001295_et_002	1
Q000874	0	C000698_et_000	1
Q000874	0	C000698_et_001	1
Q000874	0	C000698_et_002	1
Q000874	0	C000698_et_003	1
Q000875	0	C002135_et_000	1
Q000875	0	C002135_et_001	1
Q000875	0	C002135_et_002	1
Q000875	0	C002135_et_003	1
Q000876	0	C003553_et_000	1
Q000876	0	C003553_et_001	1
Q000876	0	C003553_et_002	1
Q000876	0	C003553_et_003	1
Q000876	0	C003553_et_004	1
Q000877	0	C000945_et_000	1
Q000877	0	C000945_et_001	1
Q000877	0	C000945_et_002	1
Q000878	0	C001422_et_000	1
Q000879	0	C001422_et_000	1
Q000880	0	C001956_et_000	1
Q000880	0	C001956_et_001	1
Q000880	0	C001956_et_002	1
Q000881	0	C000493_et_000	1
Q000882	0	C002707_et_000	1
Q000883	0	C001433_et_000	1
Q000884	0	C000495_et_000	1
Q000885	0	C001433_et_000	1
Q000886	0	C000495_et_000	1
Q000887	0	C000496_et_000	1
Q000888	0	C000496_et_000	1
Q000889	0	C003244_et_000	1
Q000890	0	C000496_et_000	1
Q000891	0	C001705_et_000	1
Q000892	0	C003512_et_000	1
Q000893	0	C000497_et_000	1
Q000894	0	C002426_et_000	1
Q000895	0	C002856_et_000	1
Q000896	0	C002426_et_000	1
Q000897	0	C002353_et_000	1
Q000898	0	C001998_et_000	1
Q000899	0	C002392_et_000	1
Q000900	0	C000503_et_000	1
Q000901	0	C000503_et_000	1
Q000902	0	C003484_et_000	1
Q000903	0	C001072_et_000	1
Q000904	0	C001707_et_000	1
Q000905	0	C001133_et_000	1
Q000906	0	C000508_et_000	1
Q000907	0	C001033_et_000	1
Q000908	0	C000510_et_000	1
Q000909	0	C000510_et_000	1
Q000910	0	C000514_et_000	1
Q000911	0	C000514_et_000	1
Q000912	0	C000517_et_000	1
Q000913	0	C002234_et_000	1
Q000914	0	C001196_et_000	1
Q000915	0	C001076_et_000	1
Q000916	0	C001076_et_000	1
Q000917	0	C002828_et_000	1
Q000918	0	C000520_et_000	1
Q000919	0	C001718_et_000	1
Q000920	0	C000522_et_000	1
Q000921	0	C002706_et_000	1
Q000922	0	C001059_et_000	1
Q000923	0	C000850_et_000	1
Q000924	0	C000526_et_000	1
Q000925	0	C000526_et_000	1
Q000926	0	C002403_et_000	1
Q000927	0	C002292_et_000	1
Q000928	0	C000529_et_000	1
Q000929	0	C000828_et_000	1
Q000930	0	C001530_et_000	1
Q000931	0	C000530_et_000	1
Q000932	0	C000530_et_000	1
Q000933	0	C003362_et_000	1
Q000934	0	C002119_et_000	1
Q000935	0	C002119_et_000	1
Q000936	0	C001037_et_000	1
Q000937	0	C000955_et_000	1
Q000938	0	C000535_et_000	1
Q000939	0	C000535_et_000	1
Q000940	0	C000536_et_000	1
Q000941	0	C000536_et_000	1
Q000942	0	C000751_et_000	1
Q000943	0	C002204_et_000	1
Q000943	0	C002204_et_001	1
Q000943	0	C002204_et_002	1
Q000944	0	C000538_et_000	1
Q000945	0	C002215_et_000	1
Q000945	0	C002215_et_001	1
Q000945	0	C002215_et_002	1
Q000945	0	C002215_et_003	1
Q000945	0	C002215_et_004	1
Q000946	0	C000538_et_000	1
Q000947	0	C003185_et_000	1
Q000947	0	C003185_et_001	1
Q000947	0	C003185_et_002	1
Q000947	0	C003185_et_003	1
Q000948	0	C003271_et_000	1
Q000948	0	C003271_et_001	1
Q000948	0	C003271_et_002	1
Q000949	0	C002475_et_000	1
Q000949	0	C002475_et_001	1
Q000949	0	C002475_et_002	1
Q000950	0	C003361_et_000	1
Q000950	0	C003361_et_001	1
Q000950	0	C003361_et_002	1
Q000950	0	C003361_et_003	1
Q000950	0	C003361_et_004	1
Q000950	0	C003361_et_005	1
Q000950	0	C003361_et_006	1
Q000951	0	C000990_et_000	1
Q000951	0	C000990_et_001	1
Q000951	0	C000990_et_002	1
Q000952	0	C001743_et_000	1
Q000952	0	C001743_et_001	1
Q000952	0	C001743_et_002	1
Q000953	0	C000541_et_000	1
Q000954	0	C002227_et_000	1
Q000955	0	C001026_et_000	1
Q000956	0	C002617_et_000	1
Q000957	0	C000543_et_000	1
Q000958	0	C003250_et_000	1
Q000959	0	C001162_et_000	1
Q000960	0	C000546_et_000	1
Q000961	0	C000546_et_000	1
Q000962	0	C003561_et_000	1
Q000963	0	C002671_et_000	1
Q000964	0	C002871_et_000	1
Q000965	0	C002937_et_000	1
Q000966	0	C001834_et_000	1
Q000967	0	C001373_et_000	1
Q000968	0	C002871_et_000	1
Q000969	0	C001373_et_000	1
Q000970	0	C003115_et_000	1
Q000971	0	C001373_et_000	1
Q000972	0	C000551_et_000	1
Q000973	0	C002684_et_000	1
Q000974	0	C000551_et_000	1
Q000975	0	C000551_et_000	1
Q000976	0	C001691_et_000	1
Q000977	0	C002137_et_000	1
Q000978	0	C000551_et_000	1
Q000979	0	C002178_et_000	1
Q000980	0	C002178_et_000	1
Q000981	0	C000555_et_000	1
Q000982	0	C002771_et_000	1
Q000983	0	C002424_et_000	1
Q000984	0	C001950_et_000	1
Q000985	0	C000637_et_000	1
Q000986	0	C000676_et_000	1
Q000987	0	C001319_et_000	1
Q000988	0	C001437_et_000	1
Q000989	0	C001067_et_000	1
Q000990	0	C001437_et_000	1
Q000991	0	C000561_et_000	1
Q000992	0	C001667_et_000	1
Q000993	0	C000958_et_000	1
Q000993	0	C000958_et_001	1
Q000993	0	C000958_et_002	1
Q000993	0	C000958_et_003	1
Q000994	0	C001883_et_000	1
Q000994	0	C001883_et_001	1
Q000994	0	C001883_et_002	1
Q000995	0	C000563_et_000	1
Q000996	0	C001883_et_000	1
Q000996	0	C001883_et_001	1
Q000996	0	C001883_et_002	1
Q000997	0	C001883_et_000	1
Q000997	0	C001883_et_001	1
Q000997	0	C001883_et_002	1
Q000998	0	C000564_et_000	1
Q000999	0	C003019_et_000	1
Q001000	0	C003375_et_000	1
Q001001	0	C001410_et_000	1
Q001002	0	C001421_et_000	1
Q001003	0	C000564_et_000	1
Q001004	0	C000565_et_000	1
Q001005	0	C002338_et_000	1
Q001006	0	C000803_et_000	1
Q001007	0	C000565_et_000	1
Q001008	0	C000566_et_000	1
Q001009	0	C000566_et_000	1
Q001010	0	C000566_et_000	1
Q001011	0	C000568_et_000	1
Q001012	0	C001650_et_000	1
Q001013	0	C000568_et_000	1
Q001014	0	C001177_et_000	1
Q001015	0	C000568_et_000	1
Q001016	0	C001996_et_000	1
Q001016	0	C001996_et_001	1
Q001016	0	C001996_et_002	1
Q001016	0	C001996_et_003	1
Q001016	0	C001996_et_004	1
Q001017	0	C001186_et_000	1
Q001018	0	C002113_et_000	1
Q001019	0	C002359_et_000	1
Q001020	0	C000578_et_000	1
Q001021	0	C000581_et_000	1
Q001022	0	C000758_et_000	1
Q001022	0	C000758_et_001	1
Q001022	0	C000758_et_002	1
Q001022	0	C000758_et_003	1
Q001023	0	C001841_et_000	1
Q001023	0	C001841_et_001	1
Q001023	0	C001841_et_002	1
Q001024	0	C000582_et_000	1
Q001025	0	C002524_et_000	1
Q001026	0	C002524_et_000	1
Q001027	0	C002524_et_000	1
Q001028	0	C000584_et_000	1
Q001029	0	C003516_et_000	1
Q001030	0	C000586_et_000	1
Q001031	0	C003384_et_000	1
Q001032	0	C000590_et_000	1
Q001033	0	C003513_et_000	1
Q001034	0	C003513_et_000	1
Q001035	0	C003513_et_000	1
Q001036	0	C003445_et_000	1
Q001037	0	C000593_et_000	1
Q001038	0	C001063_et_000	1
Q001039	0	C001063_et_000	1
Q001040	0	C001063_et_000	1
Q001041	0	C001063_et_000	1
Q001042	0	C001063_et_000	1
Q001043	0	C000594_et_000	1
Q001044	0	C001160_et_000	1
Q001045	0	C002878_et_000	1
Q001046	0	C003153_et_000	1
Q001047	0	C000598_et_000	1
Q001048	0	C002878_et_000	1
Q001049	0	C003101_et_000	1
Q001050	0	C002406_et_000	1
Q001050	0	C002406_et_001	1
Q001050	0	C002406_et_002	1
Q001050	0	C002406_et_003	1
Q001051	0	C003254_et_000	1
Q001051	0	C003254_et_001	1
Q001051	0	C003254_et_002	1
Q001052	0	C003462_et_000	1
Q001052	0	C003462_et_001	1
Q001052	0	C003462_et_002	1
Q001053	0	C000603_et_000	1
Q001054	0	C003286_et_000	1
Q001055	0	C000613_et_000	1
Q001056	0	C000615_et_000	1
Q001057	0	C003427_et_000	1
Q001058	0	C000618_et_000	1
Q001059	0	C000619_et_000	1
Q001060	0	C000619_et_000	1
Q001061	0	C001083_et_000	1
Q001062	0	C000619_et_000	1
Q001063	0	C000619_et_000	1
Q001064	0	C000619_et_000	1
Q001065	0	C003265_et_000	1
Q001066	0	C000619_et_000	1
Q001067	0	C003265_et_000	1
Q001068	0	C000619_et_000	1
