Q000001	0	C002969_cs_000	1
Q000001	0	C002969_cs_001	1
Q000001	0	C002969_cs_002	1
Q000001	0	C002969_cs_003	1
Q000001	0	C002969_cs_004	1
Q000002	0	C002969_cs_000	1
Q000002	0	C002969_cs_001	1
Q000002	0	C002969_cs_002	1
Q000002	0	C002969_cs_003	1
Q000002	0	C002969_cs_004	1
Q000003	0	C000010_cs_000	1
Q000004	0	C000010_cs_000	1
Q000005	0	C000010_cs_000	1
Q000006	0	C002008_cs_000	1
Q000006	0	C002008_cs_001	1
Q000006	0	C002008_cs_002	1
Q000007	0	C000015_cs_000	1
Q000008	0	C000015_cs_000	1
Q000009	0	C000015_cs_000	1
Q000010	0	C003331_cs_000	1
Q000010	0	C003331_cs_001	1
Q000010	0	C003331_cs_002	1
Q000011	0	C000019_cs_000	1
Q000012	0	C000019_cs_000	1
Q000013	0	C000019_cs_000	1
Q000014	0	C000019_cs_000	1
Q000015	0	C001216_cs_000	1
Q000015	0	C001216_cs_001	1
Q000015	0	C001216_cs_002	1
Q000016	0	C001216_cs_000	1
Q000016	0	C001216_cs_001	1
Q000016	0	C001216_cs_002	1
Q000017	0	C001216_cs_000	1
Q000017	0	C001216_cs_001	1
Q000017	0	C001216_cs_002	1
Q000018	0	C001216_cs_000	1
Q000018	0	C001216_cs_001	1
Q000018	0	C001216_cs_002	1
Q000019	0	C003447_cs_000	1
Q000019	0	C003447_cs_001	1
Q000019	0	C003447_cs_002	1
Q000019	0	C003447_cs_003	1
Q000019	0	C003447_cs_004	1
Q000019	0	C003447_cs_005	1
Q000019	0	C003447_cs_006	1
Q000019	0	C003447_cs_007	1
Q000019	0	C003447_cs_008	1
Q000019	0	C003447_cs_009	1
Q000019	0	C003447_cs_010	1
Q000020	0	C003447_cs_000	1
Q000020	0	C003447_cs_001	1
Q000020	0	C003447_cs_002	1
Q000020	0	C003447_cs_003	1
Q000020	0	C003447_cs_004	1
Q000020	0	C003447_cs_005	1
Q000020	0	C003447_cs_006	1
Q000020	0	C003447_cs_007	1
Q000020	0	C003447_cs_008	1
Q000020	0	C003447_cs_009	1
Q000020	0	C003447_cs_010	1
Q000021	0	C003447_cs_000	1
Q000021	0	C003447_cs_001	1
Q000021	0	C003447_cs_002	1
Q000021	0	C003447_cs_003	1
Q000021	0	C003447_cs_004	1
Q000021	0	C003447_cs_005	1
Q000021	0	C003447_cs_006	1
Q000021	0	C003447_cs_007	1
Q000021	0	C003447_cs_008	1
Q000021	0	C003447_cs_009	1
Q000021	0	C003447_cs_010	1
Q000022	0	C003447_cs_000	1
Q000022	0	C003447_cs_001	1
Q000022	0	C003447_cs_002	1
Q000022	0	C003447_cs_003	1
Q000022	0	C003447_cs_004	1
Q000022	0	C003447_cs_005	1
Q000022	0	C003447_cs_006	1
Q000022	0	C003447_cs_007	1
Q000022	0	C003447_cs_008	1
Q000022	0	C003447_cs_009	1
Q000022	0	C003447_cs_010	1
Q000023	0	C001346_cs_000	1
Q000024	0	C001868_cs_000	1
Q000025	0	C001101_cs_000	1
Q000025	0	C001101_cs_001	1
Q000025	0	C001101_cs_002	1
Q000025	0	C001101_cs_003	1
Q000025	0	C001101_cs_004	1
Q000025	0	C001101_cs_005	1
Q000025	0	C001101_cs_006	1
Q000026	0	C000025_cs_000	1
Q000027	0	C001167_cs_000	1
Q000027	0	C001167_cs_001	1
Q000027	0	C001167_cs_002	1
Q000027	0	C001167_cs_003	1
Q000027	0	C001167_cs_004	1
Q000027	0	C001167_cs_005	1
Q000027	0	C001167_cs_006	1
Q000028	0	C000027_cs_000	1
Q000029	0	C003216_cs_000	1
Q000030	0	C000027_cs_000	1
Q000031	0	C001558_cs_000	1
Q000031	0	C001558_cs_001	1
Q000031	0	C001558_cs_002	1
Q000031	0	C001558_cs_003	1
Q000031	0	C001558_cs_004	1
Q000031	0	C001558_cs_005	1
Q000031	0	C001558_cs_006	1
Q000031	0	C001558_cs_007	1
Q000031	0	C001558_cs_008	1
Q000031	0	C001558_cs_009	1
Q000031	0	C001558_cs_010	1
Q000031	0	C001558_cs_011	1
Q000031	0	C001558_cs_012	1
Q000032	0	C001911_cs_000	1
Q000032	0	C001911_cs_001	1
Q000032	0	C001911_cs_002	1
Q000032	0	C001911_cs_003	1
Q000032	0	C001911_cs_004	1
Q000032	0	C001911_cs_005	1
Q000032	0	C001911_cs_006	1
Q000033	0	C002009_cs_000	1
Q000033	0	C002009_cs_001	1
Q000033	0	C002009_cs_002	1
Q000034	0	C002009_cs_000	1
Q000034	0	C002009_cs_001	1
Q000034	0	C002009_cs_002	1
Q000035	0	C002009_cs_000	1
Q000035	0	C002009_cs_001	1
Q000035	0	C002009_cs_002	1
Q000036	0	C002009_cs_000	1
Q000036	0	C002009_cs_001	1
Q000036	0	C002009_cs_002	1
Q000037	0	C000032_cs_000	1
Q000038	0	C000032_cs_000	1
Q000039	0	C000032_cs_000	1
Q000040	0	C000033_cs_000	1
Q000041	0	C001819_cs_000	1
Q000041	0	C001819_cs_001	1
Q000041	0	C001819_cs_002	1
Q000041	0	C001819_cs_003	1
Q000041	0	C001819_cs_004	1
Q000041	0	C001819_cs_005	1
Q000042	0	C002459_cs_000	1
Q000042	0	C002459_cs_001	1
Q000042	0	C002459_cs_002	1
Q000043	0	C000036_cs_000	1
Q000044	0	C003504_cs_000	1
Q000044	0	C003504_cs_001	1
Q000045	0	C003504_cs_000	1
Q000045	0	C003504_cs_001	1
Q000046	0	C003504_cs_000	1
Q000046	0	C003504_cs_001	1
Q000047	0	C000037_cs_000	1
Q000048	0	C003504_cs_000	1
Q000048	0	C003504_cs_001	1
Q000049	0	C000037_cs_000	1
Q000050	0	C002636_cs_000	1
Q000050	0	C002636_cs_001	1
Q000050	0	C002636_cs_002	1
Q000051	0	C001192_cs_000	1
Q000051	0	C001192_cs_001	1
Q000052	0	C002183_cs_000	1
Q000052	0	C002183_cs_001	1
Q000052	0	C002183_cs_002	1
Q000052	0	C002183_cs_003	1
Q000052	0	C002183_cs_004	1
Q000053	0	C002183_cs_000	1
Q000053	0	C002183_cs_001	1
Q000053	0	C002183_cs_002	1
Q000053	0	C002183_cs_003	1
Q000053	0	C002183_cs_004	1
Q000054	0	C000038_cs_000	1
Q000055	0	C000040_cs_000	1
Q000056	0	C002919_cs_000	1
Q000056	0	C002919_cs_001	1
Q000056	0	C002919_cs_002	1
Q000056	0	C002919_cs_003	1
Q000056	0	C002919_cs_004	1
Q000056	0	C002919_cs_005	1
Q000056	0	C002919_cs_006	1
Q000057	0	C002919_cs_000	1
Q000057	0	C002919_cs_001	1
Q000057	0	C002919_cs_002	1
Q000057	0	C002919_cs_003	1
Q000057	0	C002919_cs_004	1
Q000057	0	C002919_cs_005	1
Q000057	0	C002919_cs_006	1
Q000058	0	C001498_cs_000	1
Q000058	0	C001498_cs_001	1
Q000058	0	C001498_cs_002	1
Q000058	0	C001498_cs_003	1
Q000058	0	C001498_cs_004	1
Q000059	0	C000043_cs_000	1
Q000060	0	C000043_cs_000	1
Q000061	0	C000043_cs_000	1
Q000062	0	C001498_cs_000	1
Q000062	0	C001498_cs_001	1
Q000062	0	C001498_cs_002	1
Q000062	0	C001498_cs_003	1
Q000062	0	C001498_cs_004	1
Q000063	0	C001498_cs_000	1
Q000063	0	C001498_cs_001	1
Q000063	0	C001498_cs_002	1
Q000063	0	C001498_cs_003	1
Q000063	0	C001498_cs_004	1
Q000064	0	C003373_cs_000	1
Q000064	0	C003373_cs_001	1
Q000065	0	C000044_cs_000	1
Q000066	0	C000044_cs_000	1
Q000067	0	C000044_cs_000	1
Q000068	0	C000044_cs_000	1
Q000069	0	C002912_cs_000	1
Q000069	0	C002912_cs_001	1
Q000069	0	C002912_cs_002	1
Q000070	0	C002912_cs_000	1
Q000070	0	C002912_cs_001	1
Q000070	0	C002912_cs_002	1
Q000071	0	C002912_cs_000	1
Q000071	0	C002912_cs_001	1
Q000071	0	C002912_cs_002	1
Q000072	0	C003247_cs_000	1
Q000072	0	C003247_cs_001	1
Q000072	0	C003247_cs_002	1
Q000073	0	C003247_cs_000	1
Q000073	0	C003247_cs_001	1
Q000073	0	C003247_cs_002	1
Q000074	0	C003247_cs_000	1
Q000074	0	C003247_cs_001	1
Q000074	0	C003247_cs_002	1
Q000075	0	C003247_cs_000	1
Q000075	0	C003247_cs_001	1
Q000075	0	C003247_cs_002	1
Q000076	0	C003247_cs_000	1
Q000076	0	C003247_cs_001	1
Q000076	0	C003247_cs_002	1
Q000077	0	C003247_cs_000	1
Q000077	0	C003247_cs_001	1
Q000077	0	C003247_cs_002	1
Q000078	0	C003247_cs_000	1
Q000078	0	C003247_cs_001	1
Q000078	0	C003247_cs_002	1
Q000079	0	C000048_cs_000	1
Q000080	0	C000048_cs_000	1
Q000081	0	C001621_cs_000	1
Q000081	0	C001621_cs_001	1
Q000081	0	C001621_cs_002	1
Q000081	0	C001621_cs_003	1
Q000081	0	C001621_cs_004	1
Q000081	0	C001621_cs_005	1
Q000081	0	C001621_cs_006	1
Q000081	0	C001621_cs_007	1
Q000081	0	C001621_cs_008	1
Q000081	0	C001621_cs_009	1
Q000081	0	C001621_cs_010	1
Q000082	0	C001621_cs_000	1
Q000082	0	C001621_cs_001	1
Q000082	0	C001621_cs_002	1
Q000082	0	C001621_cs_003	1
Q000082	0	C001621_cs_004	1
Q000082	0	C001621_cs_005	1
Q000082	0	C001621_cs_006	1
Q000082	0	C001621_cs_007	1
Q000082	0	C001621_cs_008	1
Q000082	0	C001621_cs_009	1
Q000082	0	C001621_cs_010	1
Q000083	0	C001621_cs_000	1
Q000083	0	C001621_cs_001	1
Q000083	0	C001621_cs_002	1
Q000083	0	C001621_cs_003	1
Q000083	0	C001621_cs_004	1
Q000083	0	C001621_cs_005	1
Q000083	0	C001621_cs_006	1
Q000083	0	C001621_cs_007	1
Q000083	0	C001621_cs_008	1
Q000083	0	C001621_cs_009	1
Q000083	0	C001621_cs_010	1
Q000084	0	C001621_cs_000	1
Q000084	0	C001621_cs_001	1
Q000084	0	C001621_cs_002	1
Q000084	0	C001621_cs_003	1
Q000084	0	C001621_cs_004	1
Q000084	0	C001621_cs_005	1
Q000084	0	C001621_cs_006	1
Q000084	0	C001621_cs_007	1
Q000084	0	C001621_cs_008	1
Q000084	0	C001621_cs_009	1
Q000084	0	C001621_cs_010	1
Q000085	0	C003134_cs_000	1
Q000085	0	C003134_cs_001	1
Q000085	0	C003134_cs_002	1
Q000085	0	C003134_cs_003	1
Q000085	0	C003134_cs_004	1
Q000085	0	C003134_cs_005	1
Q000085	0	C003134_cs_006	1
Q000086	0	C003134_cs_000	1
Q000086	0	C003134_cs_001	1
Q000086	0	C003134_cs_002	1
Q000086	0	C003134_cs_003	1
Q000086	0	C003134_cs_004	1
Q000086	0	C003134_cs_005	1
Q000086	0	C003134_cs_006	1
Q000087	0	C003134_cs_000	1
Q000087	0	C003134_cs_001	1
Q000087	0	C003134_cs_002	1
Q000087	0	C003134_cs_003	1
Q000087	0	C003134_cs_004	1
Q000087	0	C003134_cs_005	1
Q000087	0	C003134_cs_006	1
Q000088	0	C003134_cs_000	1
Q000088	0	C003134_cs_001	1
Q000088	0	C003134_cs_002	1
Q000088	0	C003134_cs_003	1
Q000088	0	C003134_cs_004	1
Q000088	0	C003134_cs_005	1
Q000088	0	C003134_cs_006	1
Q000089	0	C003134_cs_000	1
Q000089	0	C003134_cs_001	1
Q000089	0	C003134_cs_002	1
Q000089	0	C003134_cs_003	1
Q000089	0	C003134_cs_004	1
Q000089	0	C003134_cs_005	1
Q000089	0	C003134_cs_006	1
Q000090	0	C003134_cs_000	1
Q000090	0	C003134_cs_001	1
Q000090	0	C003134_cs_002	1
Q000090	0	C003134_cs_003	1
Q000090	0	C003134_cs_004	1
Q000090	0	C003134_cs_005	1
Q000090	0	C003134_cs_006	1
Q000091	0	C003134_cs_000	1
Q000091	0	C003134_cs_001	1
Q000091	0	C003134_cs_002	1
Q000091	0	C003134_cs_003	1
Q000091	0	C003134_cs_004	1
Q000091	0	C003134_cs_005	1
Q000091	0	C003134_cs_006	1
Q000092	0	C002047_cs_000	1
Q000093	0	C001776_cs_000	1
Q000094	0	C000056_cs_000	1
Q000095	0	C000812_cs_000	1
Q000095	0	C000812_cs_001	1
Q000095	0	C000812_cs_002	1
Q000096	0	C000057_cs_000	1
Q000097	0	C000057_cs_000	1
Q000098	0	C002143_cs_000	1
Q000099	0	C002143_cs_000	1
Q000100	0	C002143_cs_000	1
Q000101	0	C000061_cs_000	1
Q000102	0	C000970_cs_000	1
Q000102	0	C000970_cs_001	1
Q000102	0	C000970_cs_002	1
Q000103	0	C000788_cs_000	1
Q000103	0	C000788_cs_001	1
Q000103	0	C000788_cs_002	1
Q000104	0	C000788_cs_000	1
Q000104	0	C000788_cs_001	1
Q000104	0	C000788_cs_002	1
Q000105	0	C000788_cs_000	1
Q000105	0	C000788_cs_001	1
Q000105	0	C000788_cs_002	1
Q000106	0	C000788_cs_000	1
Q000106	0	C000788_cs_001	1
Q000106	0	C000788_cs_002	1
Q000107	0	C000063_cs_000	1
Q000108	0	C000064_cs_000	1
Q000109	0	C002964_cs_000	1
Q000109	0	C002964_cs_001	1
Q000109	0	C002964_cs_002	1
Q000110	0	C002615_cs_000	1
Q000110	0	C002615_cs_001	1
Q000110	0	C002615_cs_002	1
Q000111	0	C001634_cs_000	1
Q000111	0	C001634_cs_001	1
Q000111	0	C001634_cs_002	1
Q000112	0	C000064_cs_000	1
Q000113	0	C001985_cs_000	1
Q000113	0	C001985_cs_001	1
Q000113	0	C001985_cs_002	1
Q000114	0	C000710_cs_000	1
Q000114	0	C000710_cs_001	1
Q000114	0	C000710_cs_002	1
Q000114	0	C000710_cs_003	1
Q000114	0	C000710_cs_004	1
Q000114	0	C000710_cs_005	1
Q000114	0	C000710_cs_006	1
Q000115	0	C003376_cs_000	1
Q000115	0	C003376_cs_001	1
Q000115	0	C003376_cs_002	1
Q000116	0	C001785_cs_000	1
Q000116	0	C001785_cs_001	1
Q000116	0	C001785_cs_002	1
Q000117	0	C001645_cs_000	1
Q000117	0	C001645_cs_001	1
Q000117	0	C001645_cs_002	1
Q000117	0	C001645_cs_003	1
Q000117	0	C001645_cs_004	1
Q000118	0	C003376_cs_000	1
Q000118	0	C003376_cs_001	1
Q000118	0	C003376_cs_002	1
Q000119	0	C003376_cs_000	1
Q000119	0	C003376_cs_001	1
Q000119	0	C003376_cs_002	1
Q000120	0	C000068_cs_000	1
Q000121	0	C000068_cs_000	1
Q000122	0	C002943_cs_000	1
Q000122	0	C002943_cs_001	1
Q000122	0	C002943_cs_002	1
Q000122	0	C002943_cs_003	1
Q000122	0	C002943_cs_004	1
Q000123	0	C000069_cs_000	1
Q000124	0	C000069_cs_000	1
Q000125	0	C000072_cs_000	1
Q000126	0	C003150_cs_000	1
Q000126	0	C003150_cs_001	1
Q000126	0	C003150_cs_002	1
Q000126	0	C003150_cs_003	1
Q000126	0	C003150_cs_004	1
Q000127	0	C003150_cs_000	1
Q000127	0	C003150_cs_001	1
Q000127	0	C003150_cs_002	1
Q000127	0	C003150_cs_003	1
Q000127	0	C003150_cs_004	1
Q000128	0	C003150_cs_000	1
Q000128	0	C003150_cs_001	1
Q000128	0	C003150_cs_002	1
Q000128	0	C003150_cs_003	1
Q000128	0	C003150_cs_004	1
Q000129	0	C003150_cs_000	1
Q000129	0	C003150_cs_001	1
Q000129	0	C003150_cs_002	1
Q000129	0	C003150_cs_003	1
Q000129	0	C003150_cs_004	1
Q000130	0	C003150_cs_000	1
Q000130	0	C003150_cs_001	1
Q000130	0	C003150_cs_002	1
Q000130	0	C003150_cs_003	1
Q000130	0	C003150_cs_004	1
Q000131	0	C003150_cs_000	1
Q000131	0	C003150_cs_001	1
Q000131	0	C003150_cs_002	1
Q000131	0	C003150_cs_003	1
Q000131	0	C003150_cs_004	1
Q000132	0	C003150_cs_000	1
Q000132	0	C003150_cs_001	1
Q000132	0	C003150_cs_002	1
Q000132	0	C003150_cs_003	1
Q000132	0	C003150_cs_004	1
Q000133	0	C003150_cs_000	1
Q000133	0	C003150_cs_001	1
Q000133	0	C003150_cs_002	1
Q000133	0	C003150_cs_003	1
Q000133	0	C003150_cs_004	1
Q000134	0	C001665_cs_000	1
Q000134	0	C001665_cs_001	1
Q000134	0	C001665_cs_002	1
Q000134	0	C001665_cs_003	1
Q000134	0	C001665_cs_004	1
Q000134	0	C001665_cs_005	1
Q000134	0	C001665_cs_006	1
Q000135	0	C001665_cs_000	1
Q000135	0	C001665_cs_001	1
Q000135	0	C001665_cs_002	1
Q000135	0	C001665_cs_003	1
Q000135	0	C001665_cs_004	1
Q000135	0	C001665_cs_005	1
Q000135	0	C001665_cs_006	1
Q000136	0	C001665_cs_000	1
Q000136	0	C001665_cs_001	1
Q000136	0	C001665_cs_002	1
Q000136	0	C001665_cs_003	1
Q000136	0	C001665_cs_004	1
Q000136	0	C001665_cs_005	1
Q000136	0	C001665_cs_006	1
Q000137	0	C001665_cs_000	1
Q000137	0	C001665_cs_001	1
Q000137	0	C001665_cs_002	1
Q000137	0	C001665_cs_003	1
Q000137	0	C001665_cs_004	1
Q000137	0	C001665_cs_005	1
Q000137	0	C001665_cs_006	1
Q000138	0	C001665_cs_000	1
Q000138	0	C001665_cs_001	1
Q000138	0	C001665_cs_002	1
Q000138	0	C001665_cs_003	1
Q000138	0	C001665_cs_004	1
Q000138	0	C001665_cs_005	1
Q000138	0	C001665_cs_006	1
Q000139	0	C003354_cs_000	1
Q000139	0	C003354_cs_001	1
Q000139	0	C003354_cs_002	1
Q000140	0	C003354_cs_000	1
Q000140	0	C003354_cs_001	1
Q000140	0	C003354_cs_002	1
Q000141	0	C003354_cs_000	1
Q000141	0	C003354_cs_001	1
Q000141	0	C003354_cs_002	1
Q000142	0	C003354_cs_000	1
Q000142	0	C003354_cs_001	1
Q000142	0	C003354_cs_002	1
Q000143	0	C003354_cs_000	1
Q000143	0	C003354_cs_001	1
Q000143	0	C003354_cs_002	1
Q000144	0	C000077_cs_000	1
Q000145	0	C001213_cs_000	1
Q000145	0	C001213_cs_001	1
Q000145	0	C001213_cs_002	1
Q000146	0	C000077_cs_000	1
Q000147	0	C001366_cs_000	1
Q000147	0	C001366_cs_001	1
Q000147	0	C001366_cs_002	1
Q000147	0	C001366_cs_003	1
Q000147	0	C001366_cs_004	1
Q000148	0	C000078_cs_000	1
Q000149	0	C001213_cs_000	1
Q000149	0	C001213_cs_001	1
Q000149	0	C001213_cs_002	1
Q000150	0	C000078_cs_000	1
Q000151	0	C000648_cs_000	1
Q000151	0	C000648_cs_001	1
Q000151	0	C000648_cs_002	1
Q000152	0	C000078_cs_000	1
Q000153	0	C002233_cs_000	1
Q000153	0	C002233_cs_001	1
Q000153	0	C002233_cs_002	1
Q000154	0	C002233_cs_000	1
Q000154	0	C002233_cs_001	1
Q000154	0	C002233_cs_002	1
Q000155	0	C002233_cs_000	1
Q000155	0	C002233_cs_001	1
Q000155	0	C002233_cs_002	1
Q000156	0	C002233_cs_000	1
Q000156	0	C002233_cs_001	1
Q000156	0	C002233_cs_002	1
Q000157	0	C002233_cs_000	1
Q000157	0	C002233_cs_001	1
Q000157	0	C002233_cs_002	1
Q000158	0	C001541_cs_000	1
Q000158	0	C001541_cs_001	1
Q000158	0	C001541_cs_002	1
Q000159	0	C001541_cs_000	1
Q000159	0	C001541_cs_001	1
Q000159	0	C001541_cs_002	1
Q000160	0	C001541_cs_000	1
Q000160	0	C001541_cs_001	1
Q000160	0	C001541_cs_002	1
Q000161	0	C003296_cs_000	1
Q000161	0	C003296_cs_001	1
Q000161	0	C003296_cs_002	1
Q000162	0	C001541_cs_000	1
Q000162	0	C001541_cs_001	1
Q000162	0	C001541_cs_002	1
Q000163	0	C000663_cs_000	1
Q000163	0	C000663_cs_001	1
Q000163	0	C000663_cs_002	1
Q000163	0	C000663_cs_003	1
Q000163	0	C000663_cs_004	1
Q000163	0	C000663_cs_005	1
Q000163	0	C000663_cs_006	1
Q000163	0	C000663_cs_007	1
Q000163	0	C000663_cs_008	1
Q000164	0	C000663_cs_000	1
Q000164	0	C000663_cs_001	1
Q000164	0	C000663_cs_002	1
Q000164	0	C000663_cs_003	1
Q000164	0	C000663_cs_004	1
Q000164	0	C000663_cs_005	1
Q000164	0	C000663_cs_006	1
Q000164	0	C000663_cs_007	1
Q000164	0	C000663_cs_008	1
Q000165	0	C000663_cs_000	1
Q000165	0	C000663_cs_001	1
Q000165	0	C000663_cs_002	1
Q000165	0	C000663_cs_003	1
Q000165	0	C000663_cs_004	1
Q000165	0	C000663_cs_005	1
Q000165	0	C000663_cs_006	1
Q000165	0	C000663_cs_007	1
Q000165	0	C000663_cs_008	1
Q000166	0	C000663_cs_000	1
Q000166	0	C000663_cs_001	1
Q000166	0	C000663_cs_002	1
Q000166	0	C000663_cs_003	1
Q000166	0	C000663_cs_004	1
Q000166	0	C000663_cs_005	1
Q000166	0	C000663_cs_006	1
Q000166	0	C000663_cs_007	1
Q000166	0	C000663_cs_008	1
Q000167	0	C000663_cs_000	1
Q000167	0	C000663_cs_001	1
Q000167	0	C000663_cs_002	1
Q000167	0	C000663_cs_003	1
Q000167	0	C000663_cs_004	1
Q000167	0	C000663_cs_005	1
Q000167	0	C000663_cs_006	1
Q000167	0	C000663_cs_007	1
Q000167	0	C000663_cs_008	1
Q000168	0	C002303_cs_000	1
Q000168	0	C002303_cs_001	1
Q000168	0	C002303_cs_002	1
Q000169	0	C001600_cs_000	1
Q000169	0	C001600_cs_001	1
Q000169	0	C001600_cs_002	1
Q000170	0	C002648_cs_000	1
Q000170	0	C002648_cs_001	1
Q000170	0	C002648_cs_002	1
Q000171	0	C002062_cs_000	1
Q000171	0	C002062_cs_001	1
Q000171	0	C002062_cs_002	1
Q000171	0	C002062_cs_003	1
Q000171	0	C002062_cs_004	1
Q000171	0	C002062_cs_005	1
Q000171	0	C002062_cs_006	1
Q000171	0	C002062_cs_007	1
Q000171	0	C002062_cs_008	1
Q000171	0	C002062_cs_009	1
Q000171	0	C002062_cs_010	1
Q000171	0	C002062_cs_011	1
Q000171	0	C002062_cs_012	1
Q000171	0	C002062_cs_013	1
Q000171	0	C002062_cs_014	1
Q000171	0	C002062_cs_015	1
Q000171	0	C002062_cs_016	1
Q000171	0	C002062_cs_017	1
Q000171	0	C002062_cs_018	1
Q000172	0	C001977_cs_000	1
Q000172	0	C001977_cs_001	1
Q000172	0	C001977_cs_002	1
Q000173	0	C001977_cs_000	1
Q000173	0	C001977_cs_001	1
Q000173	0	C001977_cs_002	1
Q000174	0	C001977_cs_000	1
Q000174	0	C001977_cs_001	1
Q000174	0	C001977_cs_002	1
Q000175	0	C001977_cs_000	1
Q000175	0	C001977_cs_001	1
Q000175	0	C001977_cs_002	1
Q000176	0	C002481_cs_000	1
Q000176	0	C002481_cs_001	1
Q000176	0	C002481_cs_002	1
Q000177	0	C002481_cs_000	1
Q000177	0	C002481_cs_001	1
Q000177	0	C002481_cs_002	1
Q000178	0	C002481_cs_000	1
Q000178	0	C002481_cs_001	1
Q000178	0	C002481_cs_002	1
Q000179	0	C002481_cs_000	1
Q000179	0	C002481_cs_001	1
Q000179	0	C002481_cs_002	1
Q000180	0	C002481_cs_000	1
Q000180	0	C002481_cs_001	1
Q000180	0	C002481_cs_002	1
Q000181	0	C002481_cs_000	1
Q000181	0	C002481_cs_001	1
Q000181	0	C002481_cs_002	1
Q000182	0	C002481_cs_000	1
Q000182	0	C002481_cs_001	1
Q000182	0	C002481_cs_002	1
Q000183	0	C002481_cs_000	1
Q000183	0	C002481_cs_001	1
Q000183	0	C002481_cs_002	1
Q000184	0	C002481_cs_000	1
Q000184	0	C002481_cs_001	1
Q000184	0	C002481_cs_002	1
Q000185	0	C001278_cs_000	1
Q000185	0	C001278_cs_001	1
Q000185	0	C001278_cs_002	1
Q000185	0	C001278_cs_003	1
Q000185	0	C001278_cs_004	1
Q000186	0	C000923_cs_000	1
Q000187	0	C000923_cs_000	1
Q000188	0	C000923_cs_000	1
Q000189	0	C000923_cs_000	1
Q000190	0	C000923_cs_000	1
Q000191	0	C000923_cs_000	1
Q000192	0	C000923_cs_000	1
Q000193	0	C000923_cs_000	1
Q000194	0	C002394_cs_000	1
Q000194	0	C002394_cs_001	1
Q000194	0	C002394_cs_002	1
Q000194	0	C002394_cs_003	1
Q000194	0	C002394_cs_004	1
Q000194	0	C002394_cs_005	1
Q000194	0	C002394_cs_006	1
Q000195	0	C002394_cs_000	1
Q000195	0	C002394_cs_001	1
Q000195	0	C002394_cs_002	1
Q000195	0	C002394_cs_003	1
Q000195	0	C002394_cs_004	1
Q000195	0	C002394_cs_005	1
Q000195	0	C002394_cs_006	1
Q000196	0	C002394_cs_000	1
Q000196	0	C002394_cs_001	1
Q000196	0	C002394_cs_002	1
Q000196	0	C002394_cs_003	1
Q000196	0	C002394_cs_004	1
Q000196	0	C002394_cs_005	1
Q000196	0	C002394_cs_006	1
Q000197	0	C002394_cs_000	1
Q000197	0	C002394_cs_001	1
Q000197	0	C002394_cs_002	1
Q000197	0	C002394_cs_003	1
Q000197	0	C002394_cs_004	1
Q000197	0	C002394_cs_005	1
Q000197	0	C002394_cs_006	1
Q000198	0	C002394_cs_000	1
Q000198	0	C002394_cs_001	1
Q000198	0	C002394_cs_002	1
Q000198	0	C002394_cs_003	1
Q000198	0	C002394_cs_004	1
Q000198	0	C002394_cs_005	1
Q000198	0	C002394_cs_006	1
Q000199	0	C002922_cs_000	1
Q000199	0	C002922_cs_001	1
Q000199	0	C002922_cs_002	1
Q000199	0	C002922_cs_003	1
Q000199	0	C002922_cs_004	1
Q000199	0	C002922_cs_005	1
Q000199	0	C002922_cs_006	1
Q000199	0	C002922_cs_007	1
Q000199	0	C002922_cs_008	1
Q000200	0	C000100_cs_000	1
Q000201	0	C003284_cs_000	1
Q000201	0	C003284_cs_001	1
Q000201	0	C003284_cs_002	1
Q000201	0	C003284_cs_003	1
Q000201	0	C003284_cs_004	1
Q000201	0	C003284_cs_005	1
Q000201	0	C003284_cs_006	1
Q000202	0	C002579_cs_000	1
Q000202	0	C002579_cs_001	1
Q000202	0	C002579_cs_002	1
Q000202	0	C002579_cs_003	1
Q000202	0	C002579_cs_004	1
Q000202	0	C002579_cs_005	1
Q000202	0	C002579_cs_006	1
Q000202	0	C002579_cs_007	1
Q000203	0	C002579_cs_000	1
Q000203	0	C002579_cs_001	1
Q000203	0	C002579_cs_002	1
Q000203	0	C002579_cs_003	1
Q000203	0	C002579_cs_004	1
Q000203	0	C002579_cs_005	1
Q000203	0	C002579_cs_006	1
Q000203	0	C002579_cs_007	1
Q000204	0	C002579_cs_000	1
Q000204	0	C002579_cs_001	1
Q000204	0	C002579_cs_002	1
Q000204	0	C002579_cs_003	1
Q000204	0	C002579_cs_004	1
Q000204	0	C002579_cs_005	1
Q000204	0	C002579_cs_006	1
Q000204	0	C002579_cs_007	1
Q000205	0	C002579_cs_000	1
Q000205	0	C002579_cs_001	1
Q000205	0	C002579_cs_002	1
Q000205	0	C002579_cs_003	1
Q000205	0	C002579_cs_004	1
Q000205	0	C002579_cs_005	1
Q000205	0	C002579_cs_006	1
Q000205	0	C002579_cs_007	1
Q000206	0	C002106_cs_000	1
Q000206	0	C002106_cs_001	1
Q000206	0	C002106_cs_002	1
Q000206	0	C002106_cs_003	1
Q000206	0	C002106_cs_004	1
Q000207	0	C001764_cs_000	1
Q000207	0	C001764_cs_001	1
Q000207	0	C001764_cs_002	1
Q000208	0	C000107_cs_000	1
Q000209	0	C002277_cs_000	1
Q000209	0	C002277_cs_001	1
Q000209	0	C002277_cs_002	1
Q000209	0	C002277_cs_003	1
Q000209	0	C002277_cs_004	1
Q000210	0	C002151_cs_000	1
Q000210	0	C002151_cs_001	1
Q000210	0	C002151_cs_002	1
Q000211	0	C002151_cs_000	1
Q000211	0	C002151_cs_001	1
Q000211	0	C002151_cs_002	1
Q000212	0	C002951_cs_000	1
Q000212	0	C002951_cs_001	1
Q000212	0	C002951_cs_002	1
Q000212	0	C002951_cs_003	1
Q000212	0	C002951_cs_004	1
Q000213	0	C000109_cs_000	1
Q000214	0	C002894_cs_000	1
Q000214	0	C002894_cs_001	1
Q000214	0	C002894_cs_002	1
Q000214	0	C002894_cs_003	1
Q000214	0	C002894_cs_004	1
Q000215	0	C002046_cs_000	1
Q000215	0	C002046_cs_001	1
Q000215	0	C002046_cs_002	1
Q000215	0	C002046_cs_003	1
Q000215	0	C002046_cs_004	1
Q000216	0	C000110_cs_000	1
Q000217	0	C000110_cs_000	1
Q000218	0	C001242_cs_000	1
Q000218	0	C001242_cs_001	1
Q000218	0	C001242_cs_002	1
Q000218	0	C001242_cs_003	1
Q000218	0	C001242_cs_004	1
Q000219	0	C001656_cs_000	1
Q000219	0	C001656_cs_001	1
Q000219	0	C001656_cs_002	1
Q000219	0	C001656_cs_003	1
Q000219	0	C001656_cs_004	1
Q000220	0	C000111_cs_000	1
Q000221	0	C000111_cs_000	1
Q000222	0	C001873_cs_000	1
Q000222	0	C001873_cs_001	1
Q000222	0	C001873_cs_002	1
Q000223	0	C001873_cs_000	1
Q000223	0	C001873_cs_001	1
Q000223	0	C001873_cs_002	1
Q000224	0	C001873_cs_000	1
Q000224	0	C001873_cs_001	1
Q000224	0	C001873_cs_002	1
Q000225	0	C001873_cs_000	1
Q000225	0	C001873_cs_001	1
Q000225	0	C001873_cs_002	1
Q000226	0	C002918_cs_000	1
Q000226	0	C002918_cs_001	1
Q000226	0	C002918_cs_002	1
Q000227	0	C001873_cs_000	1
Q000227	0	C001873_cs_001	1
Q000227	0	C001873_cs_002	1
Q000228	0	C001873_cs_000	1
Q000228	0	C001873_cs_001	1
Q000228	0	C001873_cs_002	1
Q000229	0	C002179_cs_000	1
Q000229	0	C002179_cs_001	1
Q000229	0	C002179_cs_002	1
Q000230	0	C002179_cs_000	1
Q000230	0	C002179_cs_001	1
Q000230	0	C002179_cs_002	1
Q000231	0	C002179_cs_000	1
Q000231	0	C002179_cs_001	1
Q000231	0	C002179_cs_002	1
Q000232	0	C002179_cs_000	1
Q000232	0	C002179_cs_001	1
Q000232	0	C002179_cs_002	1
Q000233	0	C001754_cs_000	1
Q000233	0	C001754_cs_001	1
Q000233	0	C001754_cs_002	1
Q000234	0	C001754_cs_000	1
Q000234	0	C001754_cs_001	1
Q000234	0	C001754_cs_002	1
Q000235	0	C000675_cs_000	1
Q000235	0	C000675_cs_001	1
Q000235	0	C000675_cs_002	1
Q000236	0	C000675_cs_000	1
Q000236	0	C000675_cs_001	1
Q000236	0	C000675_cs_002	1
Q000237	0	C000675_cs_000	1
Q000237	0	C000675_cs_001	1
Q000237	0	C000675_cs_002	1
Q000238	0	C001644_cs_000	1
Q000238	0	C001644_cs_001	1
Q000238	0	C001644_cs_002	1
Q000238	0	C001644_cs_003	1
Q000238	0	C001644_cs_004	1
Q000238	0	C001644_cs_005	1
Q000238	0	C001644_cs_006	1
Q000239	0	C002480_cs_000	1
Q000239	0	C002480_cs_001	1
Q000239	0	C002480_cs_002	1
Q000240	0	C003159_cs_000	1
Q000240	0	C003159_cs_001	1
Q000240	0	C003159_cs_002	1
Q000241	0	C000123_cs_000	1
Q000242	0	C000123_cs_000	1
Q000243	0	C000123_cs_000	1
Q000244	0	C002780_cs_000	1
Q000244	0	C002780_cs_001	1
Q000244	0	C002780_cs_002	1
Q000244	0	C002780_cs_003	1
Q000244	0	C002780_cs_004	1
Q000244	0	C002780_cs_005	1
Q000244	0	C002780_cs_006	1
Q000245	0	C003477_cs_000	1
Q000245	0	C003477_cs_001	1
Q000245	0	C003477_cs_002	1
Q000246	0	C002423_cs_000	1
Q000246	0	C002423_cs_001	1
Q000246	0	C002423_cs_002	1
Q000247	0	C000124_cs_000	1
Q000248	0	C000124_cs_000	1
Q000249	0	C002423_cs_000	1
Q000249	0	C002423_cs_001	1
Q000249	0	C002423_cs_002	1
Q000250	0	C002412_cs_000	1
Q000250	0	C002412_cs_001	1
Q000250	0	C002412_cs_002	1
Q000251	0	C003402_cs_000	1
Q000251	0	C003402_cs_001	1
Q000251	0	C003402_cs_002	1
Q000252	0	C001357_cs_000	1
Q000252	0	C001357_cs_001	1
Q000252	0	C001357_cs_002	1
Q000252	0	C001357_cs_003	1
Q000252	0	C001357_cs_004	1
Q000253	0	C001900_cs_000	1
Q000253	0	C001900_cs_001	1
Q000253	0	C001900_cs_002	1
Q000254	0	C000129_cs_000	1
Q000255	0	C000129_cs_000	1
Q000256	0	C000129_cs_000	1
Q000257	0	C000688_cs_000	1
Q000257	0	C000688_cs_001	1
Q000257	0	C000688_cs_002	1
Q000257	0	C000688_cs_003	1
Q000258	0	C003367_cs_000	1
Q000258	0	C003367_cs_001	1
Q000258	0	C003367_cs_002	1
Q000259	0	C003367_cs_000	1
Q000259	0	C003367_cs_001	1
Q000259	0	C003367_cs_002	1
Q000260	0	C003367_cs_000	1
Q000260	0	C003367_cs_001	1
Q000260	0	C003367_cs_002	1
Q000261	0	C001553_cs_000	1
Q000261	0	C001553_cs_001	1
Q000261	0	C001553_cs_002	1
Q000262	0	C001695_cs_000	1
Q000262	0	C001695_cs_001	1
Q000262	0	C001695_cs_002	1
Q000262	0	C001695_cs_003	1
Q000262	0	C001695_cs_004	1
Q000263	0	C003367_cs_000	1
Q000263	0	C003367_cs_001	1
Q000263	0	C003367_cs_002	1
Q000264	0	C001034_cs_000	1
Q000264	0	C001034_cs_001	1
Q000264	0	C001034_cs_002	1
Q000264	0	C001034_cs_003	1
Q000264	0	C001034_cs_004	1
Q000265	0	C001306_cs_000	1
Q000265	0	C001306_cs_001	1
Q000265	0	C001306_cs_002	1
Q000266	0	C002328_cs_000	1
Q000266	0	C002328_cs_001	1
Q000266	0	C002328_cs_002	1
Q000267	0	C003094_cs_000	1
Q000267	0	C003094_cs_001	1
Q000267	0	C003094_cs_002	1
Q000267	0	C003094_cs_003	1
Q000267	0	C003094_cs_004	1
Q000267	0	C003094_cs_005	1
Q000267	0	C003094_cs_006	1
Q000267	0	C003094_cs_007	1
Q000267	0	C003094_cs_008	1
Q000268	0	C002528_cs_000	1
Q000268	0	C002528_cs_001	1
Q000268	0	C002528_cs_002	1
Q000268	0	C002528_cs_003	1
Q000268	0	C002528_cs_004	1
Q000268	0	C002528_cs_005	1
Q000268	0	C002528_cs_006	1
Q000268	0	C002528_cs_007	1
Q000268	0	C002528_cs_008	1
Q000269	0	C000133_cs_000	1
Q000270	0	C002319_cs_000	1
Q000270	0	C002319_cs_001	1
Q000270	0	C002319_cs_002	1
Q000270	0	C002319_cs_003	1
Q000270	0	C002319_cs_004	1
Q000271	0	C002953_cs_000	1
Q000271	0	C002953_cs_001	1
Q000271	0	C002953_cs_002	1
Q000271	0	C002953_cs_003	1
Q000271	0	C002953_cs_004	1
Q000272	0	C002319_cs_000	1
Q000272	0	C002319_cs_001	1
Q000272	0	C002319_cs_002	1
Q000272	0	C002319_cs_003	1
Q000272	0	C002319_cs_004	1
Q000273	0	C000134_cs_000	1
Q000274	0	C002703_cs_000	1
Q000274	0	C002703_cs_001	1
Q000274	0	C002703_cs_002	1
Q000274	0	C002703_cs_003	1
Q000274	0	C002703_cs_004	1
Q000275	0	C000137_cs_000	1
Q000276	0	C000137_cs_000	1
Q000277	0	C003461_cs_000	1
Q000277	0	C003461_cs_001	1
Q000277	0	C003461_cs_002	1
Q000277	0	C003461_cs_003	1
Q000277	0	C003461_cs_004	1
Q000278	0	C003560_cs_000	1
Q000278	0	C003560_cs_001	1
Q000278	0	C003560_cs_002	1
Q000279	0	C000137_cs_000	1
Q000280	0	C003008_cs_000	1
Q000280	0	C003008_cs_001	1
Q000280	0	C003008_cs_002	1
Q000280	0	C003008_cs_003	1
Q000280	0	C003008_cs_004	1
Q000281	0	C003008_cs_000	1
Q000281	0	C003008_cs_001	1
Q000281	0	C003008_cs_002	1
Q000281	0	C003008_cs_003	1
Q000281	0	C003008_cs_004	1
Q000282	0	C002647_cs_000	1
Q000282	0	C002647_cs_001	1
Q000282	0	C002647_cs_002	1
Q000283	0	C003008_cs_000	1
Q000283	0	C003008_cs_001	1
Q000283	0	C003008_cs_002	1
Q000283	0	C003008_cs_003	1
Q000283	0	C003008_cs_004	1
Q000284	0	C003008_cs_000	1
Q000284	0	C003008_cs_001	1
Q000284	0	C003008_cs_002	1
Q000284	0	C003008_cs_003	1
Q000284	0	C003008_cs_004	1
Q000285	0	C003008_cs_000	1
Q000285	0	C003008_cs_001	1
Q000285	0	C003008_cs_002	1
Q000285	0	C003008_cs_003	1
Q000285	0	C003008_cs_004	1
Q000286	0	C000143_cs_000	1
Q000287	0	C002501_cs_000	1
Q000287	0	C002501_cs_001	1
Q000287	0	C002501_cs_002	1
Q000287	0	C002501_cs_003	1
Q000287	0	C002501_cs_004	1
Q000287	0	C002501_cs_005	1
Q000287	0	C002501_cs_006	1
Q000287	0	C002501_cs_007	1
Q000287	0	C002501_cs_008	1
Q000288	0	C002418_cs_000	1
Q000288	0	C002418_cs_001	1
Q000288	0	C002418_cs_002	1
Q000288	0	C002418_cs_003	1
Q000288	0	C002418_cs_004	1
Q000288	0	C002418_cs_005	1
Q000288	0	C002418_cs_006	1
Q000288	0	C002418_cs_007	1
Q000288	0	C002418_cs_008	1
Q000288	0	C002418_cs_009	1
Q000288	0	C002418_cs_010	1
Q000288	0	C002418_cs_011	1
Q000288	0	C002418_cs_012	1
Q000288	0	C002418_cs_013	1
Q000288	0	C002418_cs_014	1
Q000288	0	C002418_cs_015	1
Q000288	0	C002418_cs_016	1
Q000288	0	C002418_cs_017	1
Q000288	0	C002418_cs_018	1
Q000288	0	C002418_cs_019	1
Q000288	0	C002418_cs_020	1
Q000288	0	C002418_cs_021	1
Q000288	0	C002418_cs_022	1
Q000288	0	C002418_cs_023	1
Q000288	0	C002418_cs_024	1
Q000288	0	C002418_cs_025	1
Q000288	0	C002418_cs_026	1
Q000288	0	C002418_cs_027	1
Q000288	0	C002418_cs_028	1
Q000288	0	C002418_cs_029	1
Q000288	0	C002418_cs_030	1
Q000288	0	C002418_cs_031	1
Q000288	0	C002418_cs_032	1
Q000288	0	C002418_cs_033	1
Q000288	0	C002418_cs_034	1
Q000288	0	C002418_cs_035	1
Q000288	0	C002418_cs_036	1
Q000288	0	C002418_cs_037	1
Q000288	0	C002418_cs_038	1
Q000288	0	C002418_cs_039	1
Q000288	0	C002418_cs_040	1
Q000289	0	C002665_cs_000	1
Q000289	0	C002665_cs_001	1
Q000289	0	C002665_cs_002	1
Q000289	0	C002665_cs_003	1
Q000290	0	C002418_cs_000	1
Q000290	0	C002418_cs_001	1
Q000290	0	C002418_cs_002	1
Q000290	0	C002418_cs_003	1
Q000290	0	C002418_cs_004	1
Q000290	0	C002418_cs_005	1
Q000290	0	C002418_cs_006	1
Q000290	0	C002418_cs_007	1
Q000290	0	C002418_cs_008	1
Q000290	0	C002418_cs_009	1
Q000290	0	C002418_cs_010	1
Q000290	0	C002418_cs_011	1
Q000290	0	C002418_cs_012	1
Q000290	0	C002418_cs_013	1
Q000290	0	C002418_cs_014	1
Q000290	0	C002418_cs_015	1
Q000290	0	C002418_cs_016	1
Q000290	0	C002418_cs_017	1
Q000290	0	C002418_cs_018	1
Q000290	0	C002418_cs_019	1
Q000290	0	C002418_cs_020	1
Q000290	0	C002418_cs_021	1
Q000290	0	C002418_cs_022	1
Q000290	0	C002418_cs_023	1
Q000290	0	C002418_cs_024	1
Q000290	0	C002418_cs_025	1
Q000290	0	C002418_cs_026	1
Q000290	0	C002418_cs_027	1
Q000290	0	C002418_cs_028	1
Q000290	0	C002418_cs_029	1
Q000290	0	C002418_cs_030	1
Q000290	0	C002418_cs_031	1
Q000290	0	C002418_cs_032	1
Q000290	0	C002418_cs_033	1
Q000290	0	C002418_cs_034	1
Q000290	0	C002418_cs_035	1
Q000290	0	C002418_cs_036	1
Q000290	0	C002418_cs_037	1
Q000290	0	C002418_cs_038	1
Q000290	0	C002418_cs_039	1
Q000290	0	C002418_cs_040	1
Q000291	0	C002418_cs_000	1
Q000291	0	C002418_cs_001	1
Q000291	0	C002418_cs_002	1
Q000291	0	C002418_cs_003	1
Q000291	0	C002418_cs_004	1
Q000291	0	C002418_cs_005	1
Q000291	0	C002418_cs_006	1
Q000291	0	C002418_cs_007	1
Q000291	0	C002418_cs_008	1
Q000291	0	C002418_cs_009	1
Q000291	0	C002418_cs_010	1
Q000291	0	C002418_cs_011	1
Q000291	0	C002418_cs_012	1
Q000291	0	C002418_cs_013	1
Q000291	0	C002418_cs_014	1
Q000291	0	C002418_cs_015	1
Q000291	0	C002418_cs_016	1
Q000291	0	C002418_cs_017	1
Q000291	0	C002418_cs_018	1
Q000291	0	C002418_cs_019	1
Q000291	0	C002418_cs_020	1
Q000291	0	C002418_cs_021	1
Q000291	0	C002418_cs_022	1
Q000291	0	C002418_cs_023	1
Q000291	0	C002418_cs_024	1
Q000291	0	C002418_cs_025	1
Q000291	0	C002418_cs_026	1
Q000291	0	C002418_cs_027	1
Q000291	0	C002418_cs_028	1
Q000291	0	C002418_cs_029	1
Q000291	0	C002418_cs_030	1
Q000291	0	C002418_cs_031	1
Q000291	0	C002418_cs_032	1
Q000291	0	C002418_cs_033	1
Q000291	0	C002418_cs_034	1
Q000291	0	C002418_cs_035	1
Q000291	0	C002418_cs_036	1
Q000291	0	C002418_cs_037	1
Q000291	0	C002418_cs_038	1
Q000291	0	C002418_cs_039	1
Q000291	0	C002418_cs_040	1
Q000292	0	C000723_cs_000	1
Q000292	0	C000723_cs_001	1
Q000292	0	C000723_cs_002	1
Q000292	0	C000723_cs_003	1
Q000292	0	C000723_cs_004	1
Q000293	0	C000814_cs_000	1
Q000293	0	C000814_cs_001	1
Q000293	0	C000814_cs_002	1
Q000294	0	C000160_cs_000	1
Q000295	0	C000723_cs_000	1
Q000295	0	C000723_cs_001	1
Q000295	0	C000723_cs_002	1
Q000295	0	C000723_cs_003	1
Q000295	0	C000723_cs_004	1
Q000296	0	C000160_cs_000	1
Q000297	0	C002750_cs_000	1
Q000297	0	C002750_cs_001	1
Q000297	0	C002750_cs_002	1
Q000298	0	C003088_cs_000	1
Q000298	0	C003088_cs_001	1
Q000298	0	C003088_cs_002	1
Q000299	0	C002750_cs_000	1
Q000299	0	C002750_cs_001	1
Q000299	0	C002750_cs_002	1
Q000300	0	C003088_cs_000	1
Q000300	0	C003088_cs_001	1
Q000300	0	C003088_cs_002	1
Q000301	0	C003546_cs_000	1
Q000301	0	C003546_cs_001	1
Q000301	0	C003546_cs_002	1
Q000301	0	C003546_cs_003	1
Q000301	0	C003546_cs_004	1
Q000301	0	C003546_cs_005	1
Q000301	0	C003546_cs_006	1
Q000302	0	C002099_cs_000	1
Q000302	0	C002099_cs_001	1
Q000302	0	C002099_cs_002	1
Q000303	0	C000161_cs_000	1
Q000304	0	C003269_cs_000	1
Q000304	0	C003269_cs_001	1
Q000304	0	C003269_cs_002	1
Q000305	0	C000163_cs_000	1
Q000306	0	C002451_cs_000	1
Q000306	0	C002451_cs_001	1
Q000306	0	C002451_cs_002	1
Q000306	0	C002451_cs_003	1
Q000306	0	C002451_cs_004	1
Q000307	0	C002451_cs_000	1
Q000307	0	C002451_cs_001	1
Q000307	0	C002451_cs_002	1
Q000307	0	C002451_cs_003	1
Q000307	0	C002451_cs_004	1
Q000308	0	C000167_cs_000	1
Q000309	0	C000844_cs_000	1
Q000309	0	C000844_cs_001	1
Q000309	0	C000844_cs_002	1
Q000310	0	C001013_cs_000	1
Q000310	0	C001013_cs_001	1
Q000310	0	C001013_cs_002	1
Q000311	0	C002825_cs_000	1
Q000311	0	C002825_cs_001	1
Q000311	0	C002825_cs_002	1
Q000312	0	C000167_cs_000	1
Q000313	0	C002666_cs_000	1
Q000313	0	C002666_cs_001	1
Q000313	0	C002666_cs_002	1
Q000314	0	C000167_cs_000	1
Q000315	0	C002936_cs_000	1
Q000315	0	C002936_cs_001	1
Q000315	0	C002936_cs_002	1
Q000315	0	C002936_cs_003	1
Q000315	0	C002936_cs_004	1
Q000316	0	C002422_cs_000	1
Q000316	0	C002422_cs_001	1
Q000316	0	C002422_cs_002	1
Q000317	0	C001570_cs_000	1
Q000317	0	C001570_cs_001	1
Q000317	0	C001570_cs_002	1
Q000318	0	C001611_cs_000	1
Q000318	0	C001611_cs_001	1
Q000318	0	C001611_cs_002	1
Q000318	0	C001611_cs_003	1
Q000318	0	C001611_cs_004	1
Q000319	0	C001611_cs_000	1
Q000319	0	C001611_cs_001	1
Q000319	0	C001611_cs_002	1
Q000319	0	C001611_cs_003	1
Q000319	0	C001611_cs_004	1
Q000320	0	C001611_cs_000	1
Q000320	0	C001611_cs_001	1
Q000320	0	C001611_cs_002	1
Q000320	0	C001611_cs_003	1
Q000320	0	C001611_cs_004	1
Q000321	0	C001509_cs_000	1
Q000321	0	C001509_cs_001	1
Q000321	0	C001509_cs_002	1
Q000321	0	C001509_cs_003	1
Q000321	0	C001509_cs_004	1
Q000322	0	C001509_cs_000	1
Q000322	0	C001509_cs_001	1
Q000322	0	C001509_cs_002	1
Q000322	0	C001509_cs_003	1
Q000322	0	C001509_cs_004	1
Q000323	0	C001509_cs_000	1
Q000323	0	C001509_cs_001	1
Q000323	0	C001509_cs_002	1
Q000323	0	C001509_cs_003	1
Q000323	0	C001509_cs_004	1
Q000324	0	C001336_cs_000	1
Q000324	0	C001336_cs_001	1
Q000324	0	C001336_cs_002	1
Q000325	0	C001509_cs_000	1
Q000325	0	C001509_cs_001	1
Q000325	0	C001509_cs_002	1
Q000325	0	C001509_cs_003	1
Q000325	0	C001509_cs_004	1
Q000326	0	C001509_cs_000	1
Q000326	0	C001509_cs_001	1
Q000326	0	C001509_cs_002	1
Q000326	0	C001509_cs_003	1
Q000326	0	C001509_cs_004	1
Q000327	0	C001656_cs_000	1
Q000327	0	C001656_cs_001	1
Q000327	0	C001656_cs_002	1
Q000327	0	C001656_cs_003	1
Q000327	0	C001656_cs_004	1
Q000328	0	C000170_cs_000	1
Q000329	0	C002564_cs_000	1
Q000329	0	C002564_cs_001	1
Q000329	0	C002564_cs_002	1
Q000329	0	C002564_cs_003	1
Q000329	0	C002564_cs_004	1
Q000329	0	C002564_cs_005	1
Q000329	0	C002564_cs_006	1
Q000329	0	C002564_cs_007	1
Q000329	0	C002564_cs_008	1
Q000329	0	C002564_cs_009	1
Q000329	0	C002564_cs_010	1
Q000330	0	C002564_cs_000	1
Q000330	0	C002564_cs_001	1
Q000330	0	C002564_cs_002	1
Q000330	0	C002564_cs_003	1
Q000330	0	C002564_cs_004	1
Q000330	0	C002564_cs_005	1
Q000330	0	C002564_cs_006	1
Q000330	0	C002564_cs_007	1
Q000330	0	C002564_cs_008	1
Q000330	0	C002564_cs_009	1
Q000330	0	C002564_cs_010	1
Q000331	0	C002564_cs_000	1
Q000331	0	C002564_cs_001	1
Q000331	0	C002564_cs_002	1
Q000331	0	C002564_cs_003	1
Q000331	0	C002564_cs_004	1
Q000331	0	C002564_cs_005	1
Q000331	0	C002564_cs_006	1
Q000331	0	C002564_cs_007	1
Q000331	0	C002564_cs_008	1
Q000331	0	C002564_cs_009	1
Q000331	0	C002564_cs_010	1
Q000332	0	C002564_cs_000	1
Q000332	0	C002564_cs_001	1
Q000332	0	C002564_cs_002	1
Q000332	0	C002564_cs_003	1
Q000332	0	C002564_cs_004	1
Q000332	0	C002564_cs_005	1
Q000332	0	C002564_cs_006	1
Q000332	0	C002564_cs_007	1
Q000332	0	C002564_cs_008	1
Q000332	0	C002564_cs_009	1
Q000332	0	C002564_cs_010	1
Q000333	0	C001054_cs_000	1
Q000333	0	C001054_cs_001	1
Q000333	0	C001054_cs_002	1
Q000334	0	C002625_cs_000	1
Q000334	0	C002625_cs_001	1
Q000334	0	C002625_cs_002	1
Q000334	0	C002625_cs_003	1
Q000334	0	C002625_cs_004	1
Q000335	0	C002383_cs_000	1
Q000335	0	C002383_cs_001	1
Q000335	0	C002383_cs_002	1
Q000336	0	C001287_cs_000	1
Q000336	0	C001287_cs_001	1
Q000336	0	C001287_cs_002	1
Q000336	0	C001287_cs_003	1
Q000336	0	C001287_cs_004	1
Q000337	0	C002153_cs_000	1
Q000337	0	C002153_cs_001	1
Q000337	0	C002153_cs_002	1
Q000337	0	C002153_cs_003	1
Q000337	0	C002153_cs_004	1
Q000338	0	C000741_cs_000	1
Q000338	0	C000741_cs_001	1
Q000338	0	C000741_cs_002	1
Q000338	0	C000741_cs_003	1
Q000338	0	C000741_cs_004	1
Q000339	0	C000177_cs_000	1
Q000340	0	C001837_cs_000	1
Q000340	0	C001837_cs_001	1
Q000340	0	C001837_cs_002	1
Q000340	0	C001837_cs_003	1
Q000340	0	C001837_cs_004	1
Q000340	0	C001837_cs_005	1
Q000340	0	C001837_cs_006	1
Q000341	0	C002130_cs_000	1
Q000341	0	C002130_cs_001	1
Q000341	0	C002130_cs_002	1
Q000341	0	C002130_cs_003	1
Q000341	0	C002130_cs_004	1
Q000342	0	C000799_cs_000	1
Q000342	0	C000799_cs_001	1
Q000342	0	C000799_cs_002	1
Q000342	0	C000799_cs_003	1
Q000342	0	C000799_cs_004	1
Q000342	0	C000799_cs_005	1
Q000342	0	C000799_cs_006	1
Q000343	0	C003064_cs_000	1
Q000343	0	C003064_cs_001	1
Q000343	0	C003064_cs_002	1
Q000343	0	C003064_cs_003	1
Q000343	0	C003064_cs_004	1
Q000343	0	C003064_cs_005	1
Q000344	0	C003451_cs_000	1
Q000344	0	C003451_cs_001	1
Q000344	0	C003451_cs_002	1
Q000344	0	C003451_cs_003	1
Q000344	0	C003451_cs_004	1
Q000344	0	C003451_cs_005	1
Q000344	0	C003451_cs_006	1
Q000345	0	C000178_cs_000	1
Q000346	0	C000917_cs_000	1
Q000346	0	C000917_cs_001	1
Q000346	0	C000917_cs_002	1
Q000346	0	C000917_cs_003	1
Q000346	0	C000917_cs_004	1
Q000346	0	C000917_cs_005	1
Q000346	0	C000917_cs_006	1
Q000347	0	C000721_cs_000	1
Q000347	0	C000721_cs_001	1
Q000347	0	C000721_cs_002	1
Q000347	0	C000721_cs_003	1
Q000348	0	C000721_cs_000	1
Q000348	0	C000721_cs_001	1
Q000348	0	C000721_cs_002	1
Q000348	0	C000721_cs_003	1
Q000349	0	C000917_cs_000	1
Q000349	0	C000917_cs_001	1
Q000349	0	C000917_cs_002	1
Q000349	0	C000917_cs_003	1
Q000349	0	C000917_cs_004	1
Q000349	0	C000917_cs_005	1
Q000349	0	C000917_cs_006	1
Q000350	0	C000179_cs_000	1
Q000351	0	C001657_cs_000	1
Q000351	0	C001657_cs_001	1
Q000351	0	C001657_cs_002	1
Q000351	0	C001657_cs_003	1
Q000351	0	C001657_cs_004	1
Q000351	0	C001657_cs_005	1
Q000351	0	C001657_cs_006	1
Q000352	0	C001607_cs_000	1
Q000353	0	C001905_cs_000	1
Q000353	0	C001905_cs_001	1
Q000353	0	C001905_cs_002	1
Q000354	0	C000180_cs_000	1
Q000355	0	C001086_cs_000	1
Q000355	0	C001086_cs_001	1
Q000355	0	C001086_cs_002	1
Q000355	0	C001086_cs_003	1
Q000355	0	C001086_cs_004	1
Q000355	0	C001086_cs_005	1
Q000355	0	C001086_cs_006	1
Q000355	0	C001086_cs_007	1
Q000355	0	C001086_cs_008	1
Q000356	0	C000742_cs_000	1
Q000356	0	C000742_cs_001	1
Q000356	0	C000742_cs_002	1
Q000356	0	C000742_cs_003	1
Q000356	0	C000742_cs_004	1
Q000356	0	C000742_cs_005	1
Q000356	0	C000742_cs_006	1
Q000357	0	C000742_cs_000	1
Q000357	0	C000742_cs_001	1
Q000357	0	C000742_cs_002	1
Q000357	0	C000742_cs_003	1
Q000357	0	C000742_cs_004	1
Q000357	0	C000742_cs_005	1
Q000357	0	C000742_cs_006	1
Q000358	0	C000182_cs_000	1
Q000359	0	C000187_cs_000	1
Q000360	0	C002623_cs_000	1
Q000360	0	C002623_cs_001	1
Q000360	0	C002623_cs_002	1
Q000361	0	C003510_cs_000	1
Q000361	0	C003510_cs_001	1
Q000361	0	C003510_cs_002	1
Q000361	0	C003510_cs_003	1
Q000362	0	C000787_cs_000	1
Q000362	0	C000787_cs_001	1
Q000362	0	C000787_cs_002	1
Q000363	0	C000187_cs_000	1
Q000364	0	C000187_cs_000	1
Q000365	0	C000813_cs_000	1
Q000365	0	C000813_cs_001	1
Q000365	0	C000813_cs_002	1
Q000366	0	C000813_cs_000	1
Q000366	0	C000813_cs_001	1
Q000366	0	C000813_cs_002	1
Q000367	0	C000813_cs_000	1
Q000367	0	C000813_cs_001	1
Q000367	0	C000813_cs_002	1
Q000368	0	C000813_cs_000	1
Q000368	0	C000813_cs_001	1
Q000368	0	C000813_cs_002	1
Q000369	0	C000813_cs_000	1
Q000369	0	C000813_cs_001	1
Q000369	0	C000813_cs_002	1
Q000370	0	C000813_cs_000	1
Q000370	0	C000813_cs_001	1
Q000370	0	C000813_cs_002	1
Q000371	0	C001406_cs_000	1
Q000371	0	C001406_cs_001	1
Q000371	0	C001406_cs_002	1
Q000372	0	C002565_cs_000	1
Q000372	0	C002565_cs_001	1
Q000372	0	C002565_cs_002	1
Q000373	0	C002849_cs_000	1
Q000373	0	C002849_cs_001	1
Q000373	0	C002849_cs_002	1
Q000373	0	C002849_cs_003	1
Q000373	0	C002849_cs_004	1
Q000374	0	C000189_cs_000	1
Q000375	0	C002455_cs_000	1
Q000375	0	C002455_cs_001	1
Q000375	0	C002455_cs_002	1
Q000375	0	C002455_cs_003	1
Q000375	0	C002455_cs_004	1
Q000376	0	C000189_cs_000	1
Q000377	0	C000189_cs_000	1
Q000378	0	C001102_cs_000	1
Q000378	0	C001102_cs_001	1
Q000378	0	C001102_cs_002	1
Q000379	0	C001102_cs_000	1
Q000379	0	C001102_cs_001	1
Q000379	0	C001102_cs_002	1
Q000380	0	C001102_cs_000	1
Q000380	0	C001102_cs_001	1
Q000380	0	C001102_cs_002	1
Q000381	0	C001102_cs_000	1
Q000381	0	C001102_cs_001	1
Q000381	0	C001102_cs_002	1
Q000382	0	C002734_cs_000	1
Q000382	0	C002734_cs_001	1
Q000382	0	C002734_cs_002	1
Q000382	0	C002734_cs_003	1
Q000382	0	C002734_cs_004	1
Q000383	0	C002734_cs_000	1
Q000383	0	C002734_cs_001	1
Q000383	0	C002734_cs_002	1
Q000383	0	C002734_cs_003	1
Q000383	0	C002734_cs_004	1
Q000384	0	C002734_cs_000	1
Q000384	0	C002734_cs_001	1
Q000384	0	C002734_cs_002	1
Q000384	0	C002734_cs_003	1
Q000384	0	C002734_cs_004	1
Q000385	0	C002734_cs_000	1
Q000385	0	C002734_cs_001	1
Q000385	0	C002734_cs_002	1
Q000385	0	C002734_cs_003	1
Q000385	0	C002734_cs_004	1
Q000386	0	C002692_cs_000	1
Q000386	0	C002692_cs_001	1
Q000386	0	C002692_cs_002	1
Q000386	0	C002692_cs_003	1
Q000386	0	C002692_cs_004	1
Q000386	0	C002692_cs_005	1
Q000386	0	C002692_cs_006	1
Q000387	0	C001266_cs_000	1
Q000387	0	C001266_cs_001	1
Q000387	0	C001266_cs_002	1
Q000387	0	C001266_cs_003	1
Q000387	0	C001266_cs_004	1
Q000388	0	C001266_cs_000	1
Q000388	0	C001266_cs_001	1
Q000388	0	C001266_cs_002	1
Q000388	0	C001266_cs_003	1
Q000388	0	C001266_cs_004	1
Q000389	0	C001266_cs_000	1
Q000389	0	C001266_cs_001	1
Q000389	0	C001266_cs_002	1
Q000389	0	C001266_cs_003	1
Q000389	0	C001266_cs_004	1
Q000390	0	C001266_cs_000	1
Q000390	0	C001266_cs_001	1
Q000390	0	C001266_cs_002	1
Q000390	0	C001266_cs_003	1
Q000390	0	C001266_cs_004	1
Q000391	0	C001406_cs_000	1
Q000391	0	C001406_cs_001	1
Q000391	0	C001406_cs_002	1
Q000392	0	C000193_cs_000	1
Q000393	0	C002455_cs_000	1
Q000393	0	C002455_cs_001	1
Q000393	0	C002455_cs_002	1
Q000393	0	C002455_cs_003	1
Q000393	0	C002455_cs_004	1
Q000394	0	C000193_cs_000	1
Q000395	0	C000733_cs_000	1
Q000395	0	C000733_cs_001	1
Q000395	0	C000733_cs_002	1
Q000396	0	C000193_cs_000	1
Q000397	0	C000194_cs_000	1
Q000398	0	C001803_cs_000	1
Q000398	0	C001803_cs_001	1
Q000399	0	C000194_cs_000	1
Q000400	0	C000194_cs_000	1
Q000401	0	C001406_cs_000	1
Q000401	0	C001406_cs_001	1
Q000401	0	C001406_cs_002	1
Q000402	0	C002565_cs_000	1
Q000402	0	C002565_cs_001	1
Q000402	0	C002565_cs_002	1
Q000403	0	C002849_cs_000	1
Q000403	0	C002849_cs_001	1
Q000403	0	C002849_cs_002	1
Q000403	0	C002849_cs_003	1
Q000403	0	C002849_cs_004	1
Q000404	0	C002849_cs_000	1
Q000404	0	C002849_cs_001	1
Q000404	0	C002849_cs_002	1
Q000404	0	C002849_cs_003	1
Q000404	0	C002849_cs_004	1
Q000405	0	C002455_cs_000	1
Q000405	0	C002455_cs_001	1
Q000405	0	C002455_cs_002	1
Q000405	0	C002455_cs_003	1
Q000405	0	C002455_cs_004	1
Q000406	0	C000195_cs_000	1
Q000407	0	C000195_cs_000	1
Q000408	0	C002128_cs_000	1
Q000409	0	C002128_cs_000	1
Q000410	0	C000198_cs_000	1
Q000411	0	C000198_cs_000	1
Q000412	0	C001981_cs_000	1
Q000412	0	C001981_cs_001	1
Q000413	0	C001981_cs_000	1
Q000413	0	C001981_cs_001	1
Q000414	0	C001374_cs_000	1
Q000414	0	C001374_cs_001	1
Q000415	0	C001604_cs_000	1
Q000415	0	C001604_cs_001	1
Q000416	0	C001604_cs_000	1
Q000416	0	C001604_cs_001	1
Q000417	0	C001604_cs_000	1
Q000417	0	C001604_cs_001	1
Q000418	0	C000205_cs_000	1
Q000419	0	C000205_cs_000	1
Q000420	0	C000206_cs_000	1
Q000421	0	C002229_cs_000	1
Q000422	0	C000206_cs_000	1
Q000423	0	C001223_cs_000	1
Q000423	0	C001223_cs_001	1
Q000423	0	C001223_cs_002	1
Q000424	0	C001157_cs_000	1
Q000424	0	C001157_cs_001	1
Q000424	0	C001157_cs_002	1
Q000425	0	C003554_cs_000	1
Q000425	0	C003554_cs_001	1
Q000425	0	C003554_cs_002	1
Q000426	0	C000208_cs_000	1
Q000427	0	C001003_cs_000	1
Q000427	0	C001003_cs_001	1
Q000427	0	C001003_cs_002	1
Q000428	0	C000209_cs_000	1
Q000429	0	C001003_cs_000	1
Q000429	0	C001003_cs_001	1
Q000429	0	C001003_cs_002	1
Q000430	0	C001003_cs_000	1
Q000430	0	C001003_cs_001	1
Q000430	0	C001003_cs_002	1
Q000431	0	C000202_cs_000	1
Q000432	0	C001003_cs_000	1
Q000432	0	C001003_cs_001	1
Q000432	0	C001003_cs_002	1
Q000433	0	C002463_cs_000	1
Q000433	0	C002463_cs_001	1
Q000433	0	C002463_cs_002	1
Q000434	0	C000214_cs_000	1
Q000435	0	C002741_cs_000	1
Q000435	0	C002741_cs_001	1
Q000435	0	C002741_cs_002	1
Q000436	0	C002176_cs_000	1
Q000436	0	C002176_cs_001	1
Q000436	0	C002176_cs_002	1
Q000436	0	C002176_cs_003	1
Q000436	0	C002176_cs_004	1
Q000437	0	C000214_cs_000	1
Q000438	0	C000219_cs_000	1
Q000439	0	C000219_cs_000	1
Q000440	0	C001207_cs_000	1
Q000440	0	C001207_cs_001	1
Q000440	0	C001207_cs_002	1
Q000441	0	C000219_cs_000	1
Q000442	0	C000220_cs_000	1
Q000443	0	C000220_cs_000	1
Q000444	0	C001578_cs_000	1
Q000444	0	C001578_cs_001	1
Q000444	0	C001578_cs_002	1
Q000445	0	C002042_cs_000	1
Q000445	0	C002042_cs_001	1
Q000445	0	C002042_cs_002	1
Q000445	0	C002042_cs_003	1
Q000445	0	C002042_cs_004	1
Q000446	0	C002354_cs_000	1
Q000447	0	C002042_cs_000	1
Q000447	0	C002042_cs_001	1
Q000447	0	C002042_cs_002	1
Q000447	0	C002042_cs_003	1
Q000447	0	C002042_cs_004	1
Q000448	0	C000222_cs_000	1
Q000449	0	C002315_cs_000	1
Q000449	0	C002315_cs_001	1
Q000449	0	C002315_cs_002	1
Q000450	0	C002315_cs_000	1
Q000450	0	C002315_cs_001	1
Q000450	0	C002315_cs_002	1
Q000451	0	C003079_cs_000	1
Q000451	0	C003079_cs_001	1
Q000451	0	C003079_cs_002	1
Q000452	0	C000628_cs_000	1
Q000452	0	C000628_cs_001	1
Q000452	0	C000628_cs_002	1
Q000452	0	C000628_cs_003	1
Q000452	0	C000628_cs_004	1
Q000452	0	C000628_cs_005	1
Q000452	0	C000628_cs_006	1
Q000453	0	C002377_cs_000	1
Q000453	0	C002377_cs_001	1
Q000453	0	C002377_cs_002	1
Q000453	0	C002377_cs_003	1
Q000453	0	C002377_cs_004	1
Q000454	0	C000235_cs_000	1
Q000455	0	C000762_cs_000	1
Q000455	0	C000762_cs_001	1
Q000455	0	C000762_cs_002	1
Q000456	0	C001875_cs_000	1
Q000456	0	C001875_cs_001	1
Q000456	0	C001875_cs_002	1
Q000457	0	C000239_cs_000	1
Q000458	0	C000243_cs_000	1
Q000459	0	C002933_cs_000	1
Q000460	0	C002933_cs_000	1
Q000461	0	C002933_cs_000	1
Q000462	0	C002933_cs_000	1
Q000463	0	C002891_cs_000	1
Q000463	0	C002891_cs_001	1
Q000463	0	C002891_cs_002	1
Q000464	0	C000244_cs_000	1
Q000465	0	C000244_cs_000	1
Q000466	0	C000245_cs_000	1
Q000467	0	C003097_cs_000	1
Q000467	0	C003097_cs_001	1
Q000467	0	C003097_cs_002	1
Q000468	0	C000887_cs_000	1
Q000468	0	C000887_cs_001	1
Q000468	0	C000887_cs_002	1
Q000469	0	C002528_cs_000	1
Q000469	0	C002528_cs_001	1
Q000469	0	C002528_cs_002	1
Q000469	0	C002528_cs_003	1
Q000469	0	C002528_cs_004	1
Q000469	0	C002528_cs_005	1
Q000469	0	C002528_cs_006	1
Q000469	0	C002528_cs_007	1
Q000469	0	C002528_cs_008	1
Q000470	0	C000248_cs_000	1
Q000471	0	C000248_cs_000	1
Q000472	0	C000870_cs_000	1
Q000472	0	C000870_cs_001	1
Q000472	0	C000870_cs_002	1
Q000473	0	C001122_cs_000	1
Q000474	0	C002558_cs_000	1
Q000474	0	C002558_cs_001	1
Q000474	0	C002558_cs_002	1
Q000474	0	C002558_cs_003	1
Q000474	0	C002558_cs_004	1
Q000474	0	C002558_cs_005	1
Q000474	0	C002558_cs_006	1
Q000475	0	C001411_cs_000	1
Q000475	0	C001411_cs_001	1
Q000475	0	C001411_cs_002	1
Q000475	0	C001411_cs_003	1
Q000475	0	C001411_cs_004	1
Q000475	0	C001411_cs_005	1
Q000475	0	C001411_cs_006	1
Q000476	0	C001411_cs_000	1
Q000476	0	C001411_cs_001	1
Q000476	0	C001411_cs_002	1
Q000476	0	C001411_cs_003	1
Q000476	0	C001411_cs_004	1
Q000476	0	C001411_cs_005	1
Q000476	0	C001411_cs_006	1
Q000477	0	C001411_cs_000	1
Q000477	0	C001411_cs_001	1
Q000477	0	C001411_cs_002	1
Q000477	0	C001411_cs_003	1
Q000477	0	C001411_cs_004	1
Q000477	0	C001411_cs_005	1
Q000477	0	C001411_cs_006	1
Q000478	0	C001411_cs_000	1
Q000478	0	C001411_cs_001	1
Q000478	0	C001411_cs_002	1
Q000478	0	C001411_cs_003	1
Q000478	0	C001411_cs_004	1
Q000478	0	C001411_cs_005	1
Q000478	0	C001411_cs_006	1
Q000479	0	C001411_cs_000	1
Q000479	0	C001411_cs_001	1
Q000479	0	C001411_cs_002	1
Q000479	0	C001411_cs_003	1
Q000479	0	C001411_cs_004	1
Q000479	0	C001411_cs_005	1
Q000479	0	C001411_cs_006	1
Q000480	0	C001411_cs_000	1
Q000480	0	C001411_cs_001	1
Q000480	0	C001411_cs_002	1
Q000480	0	C001411_cs_003	1
Q000480	0	C001411_cs_004	1
Q000480	0	C001411_cs_005	1
Q000480	0	C001411_cs_006	1
Q000481	0	C001411_cs_000	1
Q000481	0	C001411_cs_001	1
Q000481	0	C001411_cs_002	1
Q000481	0	C001411_cs_003	1
Q000481	0	C001411_cs_004	1
Q000481	0	C001411_cs_005	1
Q000481	0	C001411_cs_006	1
Q000482	0	C001411_cs_000	1
Q000482	0	C001411_cs_001	1
Q000482	0	C001411_cs_002	1
Q000482	0	C001411_cs_003	1
Q000482	0	C001411_cs_004	1
Q000482	0	C001411_cs_005	1
Q000482	0	C001411_cs_006	1
Q000483	0	C003398_cs_000	1
Q000483	0	C003398_cs_001	1
Q000483	0	C003398_cs_002	1
Q000483	0	C003398_cs_003	1
Q000483	0	C003398_cs_004	1
Q000484	0	C002990_cs_000	1
Q000484	0	C002990_cs_001	1
Q000484	0	C002990_cs_002	1
Q000485	0	C002990_cs_000	1
Q000485	0	C002990_cs_001	1
Q000485	0	C002990_cs_002	1
Q000486	0	C000257_cs_000	1
Q000487	0	C000257_cs_000	1
Q000488	0	C001939_cs_000	1
Q000489	0	C001939_cs_000	1
Q000490	0	C002685_cs_000	1
Q000491	0	C002493_cs_000	1
Q000491	0	C002493_cs_001	1
Q000492	0	C002685_cs_000	1
Q000493	0	C000259_cs_000	1
Q000494	0	C000259_cs_000	1
Q000495	0	C000679_cs_000	1
Q000495	0	C000679_cs_001	1
Q000495	0	C000679_cs_002	1
Q000496	0	C000261_cs_000	1
Q000497	0	C003560_cs_000	1
Q000497	0	C003560_cs_001	1
Q000497	0	C003560_cs_002	1
Q000498	0	C003560_cs_000	1
Q000498	0	C003560_cs_001	1
Q000498	0	C003560_cs_002	1
Q000499	0	C003560_cs_000	1
Q000499	0	C003560_cs_001	1
Q000499	0	C003560_cs_002	1
Q000500	0	C003560_cs_000	1
Q000500	0	C003560_cs_001	1
Q000500	0	C003560_cs_002	1
Q000501	0	C000681_cs_000	1
Q000501	0	C000681_cs_001	1
Q000501	0	C000681_cs_002	1
Q000502	0	C001756_cs_000	1
Q000502	0	C001756_cs_001	1
Q000502	0	C001756_cs_002	1
Q000503	0	C001756_cs_000	1
Q000503	0	C001756_cs_001	1
Q000503	0	C001756_cs_002	1
Q000504	0	C001756_cs_000	1
Q000504	0	C001756_cs_001	1
Q000504	0	C001756_cs_002	1
Q000505	0	C001756_cs_000	1
Q000505	0	C001756_cs_001	1
Q000505	0	C001756_cs_002	1
Q000506	0	C001756_cs_000	1
Q000506	0	C001756_cs_001	1
Q000506	0	C001756_cs_002	1
Q000507	0	C001756_cs_000	1
Q000507	0	C001756_cs_001	1
Q000507	0	C001756_cs_002	1
Q000508	0	C001756_cs_000	1
Q000508	0	C001756_cs_001	1
Q000508	0	C001756_cs_002	1
Q000509	0	C001756_cs_000	1
Q000509	0	C001756_cs_001	1
Q000509	0	C001756_cs_002	1
Q000510	0	C001756_cs_000	1
Q000510	0	C001756_cs_001	1
Q000510	0	C001756_cs_002	1
Q000511	0	C003047_cs_000	1
Q000511	0	C003047_cs_001	1
Q000511	0	C003047_cs_002	1
Q000511	0	C003047_cs_003	1
Q000511	0	C003047_cs_004	1
Q000512	0	C003047_cs_000	1
Q000512	0	C003047_cs_001	1
Q000512	0	C003047_cs_002	1
Q000512	0	C003047_cs_003	1
Q000512	0	C003047_cs_004	1
Q000513	0	C003047_cs_000	1
Q000513	0	C003047_cs_001	1
Q000513	0	C003047_cs_002	1
Q000513	0	C003047_cs_003	1
Q000513	0	C003047_cs_004	1
Q000514	0	C002355_cs_000	1
Q000514	0	C002355_cs_001	1
Q000514	0	C002355_cs_002	1
Q000515	0	C002750_cs_000	1
Q000515	0	C002750_cs_001	1
Q000515	0	C002750_cs_002	1
Q000516	0	C000272_cs_000	1
Q000517	0	C002320_cs_000	1
Q000517	0	C002320_cs_001	1
Q000517	0	C002320_cs_002	1
Q000517	0	C002320_cs_003	1
Q000517	0	C002320_cs_004	1
Q000517	0	C002320_cs_005	1
Q000517	0	C002320_cs_006	1
Q000518	0	C002320_cs_000	1
Q000518	0	C002320_cs_001	1
Q000518	0	C002320_cs_002	1
Q000518	0	C002320_cs_003	1
Q000518	0	C002320_cs_004	1
Q000518	0	C002320_cs_005	1
Q000518	0	C002320_cs_006	1
Q000519	0	C002486_cs_000	1
Q000519	0	C002486_cs_001	1
Q000519	0	C002486_cs_002	1
Q000520	0	C002320_cs_000	1
Q000520	0	C002320_cs_001	1
Q000520	0	C002320_cs_002	1
Q000520	0	C002320_cs_003	1
Q000520	0	C002320_cs_004	1
Q000520	0	C002320_cs_005	1
Q000520	0	C002320_cs_006	1
Q000521	0	C002320_cs_000	1
Q000521	0	C002320_cs_001	1
Q000521	0	C002320_cs_002	1
Q000521	0	C002320_cs_003	1
Q000521	0	C002320_cs_004	1
Q000521	0	C002320_cs_005	1
Q000521	0	C002320_cs_006	1
Q000522	0	C002320_cs_000	1
Q000522	0	C002320_cs_001	1
Q000522	0	C002320_cs_002	1
Q000522	0	C002320_cs_003	1
Q000522	0	C002320_cs_004	1
Q000522	0	C002320_cs_005	1
Q000522	0	C002320_cs_006	1
Q000523	0	C002320_cs_000	1
Q000523	0	C002320_cs_001	1
Q000523	0	C002320_cs_002	1
Q000523	0	C002320_cs_003	1
Q000523	0	C002320_cs_004	1
Q000523	0	C002320_cs_005	1
Q000523	0	C002320_cs_006	1
Q000524	0	C000273_cs_000	1
Q000525	0	C000730_cs_000	1
Q000525	0	C000730_cs_001	1
Q000525	0	C000730_cs_002	1
Q000526	0	C000277_cs_000	1
Q000527	0	C001849_cs_000	1
Q000527	0	C001849_cs_001	1
Q000527	0	C001849_cs_002	1
Q000527	0	C001849_cs_003	1
Q000527	0	C001849_cs_004	1
Q000527	0	C001849_cs_005	1
Q000527	0	C001849_cs_006	1
Q000527	0	C001849_cs_007	1
Q000527	0	C001849_cs_008	1
Q000527	0	C001849_cs_009	1
Q000527	0	C001849_cs_010	1
Q000527	0	C001849_cs_011	1
Q000527	0	C001849_cs_012	1
Q000527	0	C001849_cs_013	1
Q000527	0	C001849_cs_014	1
Q000527	0	C001849_cs_015	1
Q000527	0	C001849_cs_016	1
Q000527	0	C001849_cs_017	1
Q000527	0	C001849_cs_018	1
Q000527	0	C001849_cs_019	1
Q000527	0	C001849_cs_020	1
Q000528	0	C001469_cs_000	1
Q000528	0	C001469_cs_001	1
Q000528	0	C001469_cs_002	1
Q000529	0	C001849_cs_000	1
Q000529	0	C001849_cs_001	1
Q000529	0	C001849_cs_002	1
Q000529	0	C001849_cs_003	1
Q000529	0	C001849_cs_004	1
Q000529	0	C001849_cs_005	1
Q000529	0	C001849_cs_006	1
Q000529	0	C001849_cs_007	1
Q000529	0	C001849_cs_008	1
Q000529	0	C001849_cs_009	1
Q000529	0	C001849_cs_010	1
Q000529	0	C001849_cs_011	1
Q000529	0	C001849_cs_012	1
Q000529	0	C001849_cs_013	1
Q000529	0	C001849_cs_014	1
Q000529	0	C001849_cs_015	1
Q000529	0	C001849_cs_016	1
Q000529	0	C001849_cs_017	1
Q000529	0	C001849_cs_018	1
Q000529	0	C001849_cs_019	1
Q000529	0	C001849_cs_020	1
Q000530	0	C001849_cs_000	1
Q000530	0	C001849_cs_001	1
Q000530	0	C001849_cs_002	1
Q000530	0	C001849_cs_003	1
Q000530	0	C001849_cs_004	1
Q000530	0	C001849_cs_005	1
Q000530	0	C001849_cs_006	1
Q000530	0	C001849_cs_007	1
Q000530	0	C001849_cs_008	1
Q000530	0	C001849_cs_009	1
Q000530	0	C001849_cs_010	1
Q000530	0	C001849_cs_011	1
Q000530	0	C001849_cs_012	1
Q000530	0	C001849_cs_013	1
Q000530	0	C001849_cs_014	1
Q000530	0	C001849_cs_015	1
Q000530	0	C001849_cs_016	1
Q000530	0	C001849_cs_017	1
Q000530	0	C001849_cs_018	1
Q000530	0	C001849_cs_019	1
Q000530	0	C001849_cs_020	1
Q000531	0	C001273_cs_000	1
Q000531	0	C001273_cs_001	1
Q000531	0	C001273_cs_002	1
Q000532	0	C002013_cs_000	1
Q000532	0	C002013_cs_001	1
Q000532	0	C002013_cs_002	1
Q000533	0	C002254_cs_000	1
Q000533	0	C002254_cs_001	1
Q000533	0	C002254_cs_002	1
Q000533	0	C002254_cs_003	1
Q000533	0	C002254_cs_004	1
Q000533	0	C002254_cs_005	1
Q000533	0	C002254_cs_006	1
Q000534	0	C000281_cs_000	1
Q000535	0	C000741_cs_000	1
Q000535	0	C000741_cs_001	1
Q000535	0	C000741_cs_002	1
Q000535	0	C000741_cs_003	1
Q000535	0	C000741_cs_004	1
Q000536	0	C000741_cs_000	1
Q000536	0	C000741_cs_001	1
Q000536	0	C000741_cs_002	1
Q000536	0	C000741_cs_003	1
Q000536	0	C000741_cs_004	1
Q000537	0	C002602_cs_000	1
Q000537	0	C002602_cs_001	1
Q000537	0	C002602_cs_002	1
Q000538	0	C000282_cs_000	1
Q000539	0	C000821_cs_000	1
Q000539	0	C000821_cs_001	1
Q000539	0	C000821_cs_002	1
Q000539	0	C000821_cs_003	1
Q000539	0	C000821_cs_004	1
Q000539	0	C000821_cs_005	1
Q000539	0	C000821_cs_006	1
Q000540	0	C000821_cs_000	1
Q000540	0	C000821_cs_001	1
Q000540	0	C000821_cs_002	1
Q000540	0	C000821_cs_003	1
Q000540	0	C000821_cs_004	1
Q000540	0	C000821_cs_005	1
Q000540	0	C000821_cs_006	1
Q000541	0	C000821_cs_000	1
Q000541	0	C000821_cs_001	1
Q000541	0	C000821_cs_002	1
Q000541	0	C000821_cs_003	1
Q000541	0	C000821_cs_004	1
Q000541	0	C000821_cs_005	1
Q000541	0	C000821_cs_006	1
Q000542	0	C002331_cs_000	1
Q000542	0	C002331_cs_001	1
Q000542	0	C002331_cs_002	1
Q000542	0	C002331_cs_003	1
Q000542	0	C002331_cs_004	1
Q000542	0	C002331_cs_005	1
Q000542	0	C002331_cs_006	1
Q000543	0	C000821_cs_000	1
Q000543	0	C000821_cs_001	1
Q000543	0	C000821_cs_002	1
Q000543	0	C000821_cs_003	1
Q000543	0	C000821_cs_004	1
Q000543	0	C000821_cs_005	1
Q000543	0	C000821_cs_006	1
Q000544	0	C000284_cs_000	1
Q000545	0	C000284_cs_000	1
Q000546	0	C003282_cs_000	1
Q000546	0	C003282_cs_001	1
Q000546	0	C003282_cs_002	1
Q000546	0	C003282_cs_003	1
Q000546	0	C003282_cs_004	1
Q000547	0	C002217_cs_000	1
Q000547	0	C002217_cs_001	1
Q000547	0	C002217_cs_002	1
Q000547	0	C002217_cs_003	1
Q000547	0	C002217_cs_004	1
Q000548	0	C000284_cs_000	1
Q000549	0	C001827_cs_000	1
Q000549	0	C001827_cs_001	1
Q000549	0	C001827_cs_002	1
Q000549	0	C001827_cs_003	1
Q000549	0	C001827_cs_004	1
Q000549	0	C001827_cs_005	1
Q000549	0	C001827_cs_006	1
Q000550	0	C003202_cs_000	1
Q000550	0	C003202_cs_001	1
Q000550	0	C003202_cs_002	1
Q000550	0	C003202_cs_003	1
Q000550	0	C003202_cs_004	1
Q000550	0	C003202_cs_005	1
Q000550	0	C003202_cs_006	1
Q000551	0	C002034_cs_000	1
Q000551	0	C002034_cs_001	1
Q000551	0	C002034_cs_002	1
Q000552	0	C002034_cs_000	1
Q000552	0	C002034_cs_001	1
Q000552	0	C002034_cs_002	1
Q000553	0	C002034_cs_000	1
Q000553	0	C002034_cs_001	1
Q000553	0	C002034_cs_002	1
Q000554	0	C002034_cs_000	1
Q000554	0	C002034_cs_001	1
Q000554	0	C002034_cs_002	1
Q000555	0	C000292_cs_000	1
Q000556	0	C003155_cs_000	1
Q000556	0	C003155_cs_001	1
Q000556	0	C003155_cs_002	1
Q000556	0	C003155_cs_003	1
Q000556	0	C003155_cs_004	1
Q000556	0	C003155_cs_005	1
Q000556	0	C003155_cs_006	1
Q000556	0	C003155_cs_007	1
Q000556	0	C003155_cs_008	1
Q000557	0	C003155_cs_000	1
Q000557	0	C003155_cs_001	1
Q000557	0	C003155_cs_002	1
Q000557	0	C003155_cs_003	1
Q000557	0	C003155_cs_004	1
Q000557	0	C003155_cs_005	1
Q000557	0	C003155_cs_006	1
Q000557	0	C003155_cs_007	1
Q000557	0	C003155_cs_008	1
Q000558	0	C003155_cs_000	1
Q000558	0	C003155_cs_001	1
Q000558	0	C003155_cs_002	1
Q000558	0	C003155_cs_003	1
Q000558	0	C003155_cs_004	1
Q000558	0	C003155_cs_005	1
Q000558	0	C003155_cs_006	1
Q000558	0	C003155_cs_007	1
Q000558	0	C003155_cs_008	1
Q000559	0	C003155_cs_000	1
Q000559	0	C003155_cs_001	1
Q000559	0	C003155_cs_002	1
Q000559	0	C003155_cs_003	1
Q000559	0	C003155_cs_004	1
Q000559	0	C003155_cs_005	1
Q000559	0	C003155_cs_006	1
Q000559	0	C003155_cs_007	1
Q000559	0	C003155_cs_008	1
Q000560	0	C003155_cs_000	1
Q000560	0	C003155_cs_001	1
Q000560	0	C003155_cs_002	1
Q000560	0	C003155_cs_003	1
Q000560	0	C003155_cs_004	1
Q000560	0	C003155_cs_005	1
Q000560	0	C003155_cs_006	1
Q000560	0	C003155_cs_007	1
Q000560	0	C003155_cs_008	1
Q000561	0	C003155_cs_000	1
Q000561	0	C003155_cs_001	1
Q000561	0	C003155_cs_002	1
Q000561	0	C003155_cs_003	1
Q000561	0	C003155_cs_004	1
Q000561	0	C003155_cs_005	1
Q000561	0	C003155_cs_006	1
Q000561	0	C003155_cs_007	1
Q000561	0	C003155_cs_008	1
Q000562	0	C003155_cs_000	1
Q000562	0	C003155_cs_001	1
Q000562	0	C003155_cs_002	1
Q000562	0	C003155_cs_003	1
Q000562	0	C003155_cs_004	1
Q000562	0	C003155_cs_005	1
Q000562	0	C003155_cs_006	1
Q000562	0	C003155_cs_007	1
Q000562	0	C003155_cs_008	1
Q000563	0	C003155_cs_000	1
Q000563	0	C003155_cs_001	1
Q000563	0	C003155_cs_002	1
Q000563	0	C003155_cs_003	1
Q000563	0	C003155_cs_004	1
Q000563	0	C003155_cs_005	1
Q000563	0	C003155_cs_006	1
Q000563	0	C003155_cs_007	1
Q000563	0	C003155_cs_008	1
Q000564	0	C001910_cs_000	1
Q000564	0	C001910_cs_001	1
Q000564	0	C001910_cs_002	1
Q000565	0	C001714_cs_000	1
Q000565	0	C001714_cs_001	1
Q000565	0	C001714_cs_002	1
Q000565	0	C001714_cs_003	1
Q000565	0	C001714_cs_004	1
Q000565	0	C001714_cs_005	1
Q000565	0	C001714_cs_006	1
Q000565	0	C001714_cs_007	1
Q000565	0	C001714_cs_008	1
Q000566	0	C001042_cs_000	1
Q000566	0	C001042_cs_001	1
Q000566	0	C001042_cs_002	1
Q000567	0	C001042_cs_000	1
Q000567	0	C001042_cs_001	1
Q000567	0	C001042_cs_002	1
Q000568	0	C001816_cs_000	1
Q000568	0	C001816_cs_001	1
Q000568	0	C001816_cs_002	1
Q000568	0	C001816_cs_003	1
Q000568	0	C001816_cs_004	1
Q000568	0	C001816_cs_005	1
Q000568	0	C001816_cs_006	1
Q000568	0	C001816_cs_007	1
Q000568	0	C001816_cs_008	1
Q000569	0	C001816_cs_000	1
Q000569	0	C001816_cs_001	1
Q000569	0	C001816_cs_002	1
Q000569	0	C001816_cs_003	1
Q000569	0	C001816_cs_004	1
Q000569	0	C001816_cs_005	1
Q000569	0	C001816_cs_006	1
Q000569	0	C001816_cs_007	1
Q000569	0	C001816_cs_008	1
Q000570	0	C001816_cs_000	1
Q000570	0	C001816_cs_001	1
Q000570	0	C001816_cs_002	1
Q000570	0	C001816_cs_003	1
Q000570	0	C001816_cs_004	1
Q000570	0	C001816_cs_005	1
Q000570	0	C001816_cs_006	1
Q000570	0	C001816_cs_007	1
Q000570	0	C001816_cs_008	1
Q000571	0	C001199_cs_000	1
Q000571	0	C001199_cs_001	1
Q000571	0	C001199_cs_002	1
Q000571	0	C001199_cs_003	1
Q000571	0	C001199_cs_004	1
Q000572	0	C001896_cs_000	1
Q000572	0	C001896_cs_001	1
Q000572	0	C001896_cs_002	1
Q000573	0	C001896_cs_000	1
Q000573	0	C001896_cs_001	1
Q000573	0	C001896_cs_002	1
Q000574	0	C002795_cs_000	1
Q000574	0	C002795_cs_001	1
Q000574	0	C002795_cs_002	1
Q000575	0	C000305_cs_000	1
Q000576	0	C001090_cs_000	1
Q000576	0	C001090_cs_001	1
Q000577	0	C003509_cs_000	1
Q000577	0	C003509_cs_001	1
Q000577	0	C003509_cs_002	1
Q000577	0	C003509_cs_003	1
Q000577	0	C003509_cs_004	1
Q000577	0	C003509_cs_005	1
Q000577	0	C003509_cs_006	1
Q000578	0	C001812_cs_000	1
Q000578	0	C001812_cs_001	1
Q000578	0	C001812_cs_002	1
Q000579	0	C002085_cs_000	1
Q000579	0	C002085_cs_001	1
Q000579	0	C002085_cs_002	1
Q000579	0	C002085_cs_003	1
Q000579	0	C002085_cs_004	1
Q000579	0	C002085_cs_005	1
Q000579	0	C002085_cs_006	1
Q000580	0	C000310_cs_000	1
Q000581	0	C002793_cs_000	1
Q000581	0	C002793_cs_001	1
Q000581	0	C002793_cs_002	1
Q000582	0	C000768_cs_000	1
Q000582	0	C000768_cs_001	1
Q000582	0	C000768_cs_002	1
Q000583	0	C002181_cs_000	1
Q000583	0	C002181_cs_001	1
Q000583	0	C002181_cs_002	1
Q000583	0	C002181_cs_003	1
Q000583	0	C002181_cs_004	1
Q000583	0	C002181_cs_005	1
Q000584	0	C003463_cs_000	1
Q000585	0	C000317_cs_000	1
Q000586	0	C000320_cs_000	1
Q000587	0	C000320_cs_000	1
Q000588	0	C000320_cs_000	1
Q000589	0	C002826_cs_000	1
Q000589	0	C002826_cs_001	1
Q000589	0	C002826_cs_002	1
Q000589	0	C002826_cs_003	1
Q000589	0	C002826_cs_004	1
Q000590	0	C000320_cs_000	1
Q000591	0	C000321_cs_000	1
Q000592	0	C002218_cs_000	1
Q000592	0	C002218_cs_001	1
Q000592	0	C002218_cs_002	1
Q000593	0	C002462_cs_000	1
Q000593	0	C002462_cs_001	1
Q000593	0	C002462_cs_002	1
Q000594	0	C000321_cs_000	1
Q000595	0	C002674_cs_000	1
Q000595	0	C002674_cs_001	1
Q000595	0	C002674_cs_002	1
Q000596	0	C003149_cs_000	1
Q000596	0	C003149_cs_001	1
Q000596	0	C003149_cs_002	1
Q000596	0	C003149_cs_003	1
Q000596	0	C003149_cs_004	1
Q000597	0	C000326_cs_000	1
Q000598	0	C002551_cs_000	1
Q000598	0	C002551_cs_001	1
Q000598	0	C002551_cs_002	1
Q000598	0	C002551_cs_003	1
Q000598	0	C002551_cs_004	1
Q000598	0	C002551_cs_005	1
Q000599	0	C000326_cs_000	1
Q000600	0	C000326_cs_000	1
Q000601	0	C000326_cs_000	1
Q000602	0	C000326_cs_000	1
Q000603	0	C001293_cs_000	1
Q000603	0	C001293_cs_001	1
Q000603	0	C001293_cs_002	1
Q000604	0	C001591_cs_000	1
Q000604	0	C001591_cs_001	1
Q000604	0	C001591_cs_002	1
Q000604	0	C001591_cs_003	1
Q000604	0	C001591_cs_004	1
Q000605	0	C000330_cs_000	1
Q000606	0	C001591_cs_000	1
Q000606	0	C001591_cs_001	1
Q000606	0	C001591_cs_002	1
Q000606	0	C001591_cs_003	1
Q000606	0	C001591_cs_004	1
Q000607	0	C001591_cs_000	1
Q000607	0	C001591_cs_001	1
Q000607	0	C001591_cs_002	1
Q000607	0	C001591_cs_003	1
Q000607	0	C001591_cs_004	1
Q000608	0	C002138_cs_000	1
Q000608	0	C002138_cs_001	1
Q000608	0	C002138_cs_002	1
Q000609	0	C002138_cs_000	1
Q000609	0	C002138_cs_001	1
Q000609	0	C002138_cs_002	1
Q000610	0	C000330_cs_000	1
Q000611	0	C002471_cs_000	1
Q000611	0	C002471_cs_001	1
Q000611	0	C002471_cs_002	1
Q000612	0	C003162_cs_000	1
Q000612	0	C003162_cs_001	1
Q000612	0	C003162_cs_002	1
Q000613	0	C000335_cs_000	1
Q000614	0	C003461_cs_000	1
Q000614	0	C003461_cs_001	1
Q000614	0	C003461_cs_002	1
Q000614	0	C003461_cs_003	1
Q000614	0	C003461_cs_004	1
Q000615	0	C000335_cs_000	1
Q000616	0	C000335_cs_000	1
Q000617	0	C000267_cs_000	1
Q000618	0	C003400_cs_000	1
Q000618	0	C003400_cs_001	1
Q000618	0	C003400_cs_002	1
Q000619	0	C001682_cs_000	1
Q000619	0	C001682_cs_001	1
Q000619	0	C001682_cs_002	1
Q000619	0	C001682_cs_003	1
Q000619	0	C001682_cs_004	1
Q000620	0	C002492_cs_000	1
Q000620	0	C002492_cs_001	1
Q000620	0	C002492_cs_002	1
Q000621	0	C003334_cs_000	1
Q000621	0	C003334_cs_001	1
Q000622	0	C002049_cs_000	1
Q000622	0	C002049_cs_001	1
Q000622	0	C002049_cs_002	1
Q000623	0	C000340_cs_000	1
Q000624	0	C002751_cs_000	1
Q000624	0	C002751_cs_001	1
Q000624	0	C002751_cs_002	1
Q000624	0	C002751_cs_003	1
Q000624	0	C002751_cs_004	1
Q000625	0	C002751_cs_000	1
Q000625	0	C002751_cs_001	1
Q000625	0	C002751_cs_002	1
Q000625	0	C002751_cs_003	1
Q000625	0	C002751_cs_004	1
Q000626	0	C002751_cs_000	1
Q000626	0	C002751_cs_001	1
Q000626	0	C002751_cs_002	1
Q000626	0	C002751_cs_003	1
Q000626	0	C002751_cs_004	1
Q000627	0	C002344_cs_000	1
Q000627	0	C002344_cs_001	1
Q000627	0	C002344_cs_002	1
Q000627	0	C002344_cs_003	1
Q000627	0	C002344_cs_004	1
Q000628	0	C002344_cs_000	1
Q000628	0	C002344_cs_001	1
Q000628	0	C002344_cs_002	1
Q000628	0	C002344_cs_003	1
Q000628	0	C002344_cs_004	1
Q000629	0	C002344_cs_000	1
Q000629	0	C002344_cs_001	1
Q000629	0	C002344_cs_002	1
Q000629	0	C002344_cs_003	1
Q000629	0	C002344_cs_004	1
Q000630	0	C003133_cs_000	1
Q000630	0	C003133_cs_001	1
Q000630	0	C003133_cs_002	1
Q000630	0	C003133_cs_003	1
Q000630	0	C003133_cs_004	1
Q000630	0	C003133_cs_005	1
Q000631	0	C001193_cs_000	1
Q000631	0	C001193_cs_001	1
Q000631	0	C001193_cs_002	1
Q000631	0	C001193_cs_003	1
Q000632	0	C002885_cs_000	1
Q000632	0	C002885_cs_001	1
Q000632	0	C002885_cs_002	1
Q000632	0	C002885_cs_003	1
Q000632	0	C002885_cs_004	1
Q000632	0	C002885_cs_005	1
Q000632	0	C002885_cs_006	1
Q000633	0	C001193_cs_000	1
Q000633	0	C001193_cs_001	1
Q000633	0	C001193_cs_002	1
Q000633	0	C001193_cs_003	1
Q000634	0	C000740_cs_000	1
Q000634	0	C000740_cs_001	1
Q000634	0	C000740_cs_002	1
Q000634	0	C000740_cs_003	1
Q000634	0	C000740_cs_004	1
Q000634	0	C000740_cs_005	1
Q000634	0	C000740_cs_006	1
Q000635	0	C000928_cs_000	1
Q000635	0	C000928_cs_001	1
Q000635	0	C000928_cs_002	1
Q000635	0	C000928_cs_003	1
Q000635	0	C000928_cs_004	1
Q000636	0	C000349_cs_000	1
Q000637	0	C003503_cs_000	1
Q000637	0	C003503_cs_001	1
Q000637	0	C003503_cs_002	1
Q000637	0	C003503_cs_003	1
Q000637	0	C003503_cs_004	1
Q000637	0	C003503_cs_005	1
Q000638	0	C003503_cs_000	1
Q000638	0	C003503_cs_001	1
Q000638	0	C003503_cs_002	1
Q000638	0	C003503_cs_003	1
Q000638	0	C003503_cs_004	1
Q000638	0	C003503_cs_005	1
Q000639	0	C003503_cs_000	1
Q000639	0	C003503_cs_001	1
Q000639	0	C003503_cs_002	1
Q000639	0	C003503_cs_003	1
Q000639	0	C003503_cs_004	1
Q000639	0	C003503_cs_005	1
Q000640	0	C003503_cs_000	1
Q000640	0	C003503_cs_001	1
Q000640	0	C003503_cs_002	1
Q000640	0	C003503_cs_003	1
Q000640	0	C003503_cs_004	1
Q000640	0	C003503_cs_005	1
Q000641	0	C001922_cs_000	1
Q000641	0	C001922_cs_001	1
Q000641	0	C001922_cs_002	1
Q000642	0	C001024_cs_000	1
Q000642	0	C001024_cs_001	1
Q000642	0	C001024_cs_002	1
Q000643	0	C000909_cs_000	1
Q000643	0	C000909_cs_001	1
Q000643	0	C000909_cs_002	1
Q000643	0	C000909_cs_003	1
Q000643	0	C000909_cs_004	1
Q000644	0	C000758_cs_000	1
Q000644	0	C000758_cs_001	1
Q000644	0	C000758_cs_002	1
Q000644	0	C000758_cs_003	1
Q000644	0	C000758_cs_004	1
Q000644	0	C000758_cs_005	1
Q000644	0	C000758_cs_006	1
Q000645	0	C000758_cs_000	1
Q000645	0	C000758_cs_001	1
Q000645	0	C000758_cs_002	1
Q000645	0	C000758_cs_003	1
Q000645	0	C000758_cs_004	1
Q000645	0	C000758_cs_005	1
Q000645	0	C000758_cs_006	1
Q000646	0	C000758_cs_000	1
Q000646	0	C000758_cs_001	1
Q000646	0	C000758_cs_002	1
Q000646	0	C000758_cs_003	1
Q000646	0	C000758_cs_004	1
Q000646	0	C000758_cs_005	1
Q000646	0	C000758_cs_006	1
Q000647	0	C000358_cs_000	1
Q000648	0	C002845_cs_000	1
Q000648	0	C002845_cs_001	1
Q000648	0	C002845_cs_002	1
Q000649	0	C002987_cs_000	1
Q000649	0	C002987_cs_001	1
Q000649	0	C002987_cs_002	1
Q000650	0	C003328_cs_000	1
Q000650	0	C003328_cs_001	1
Q000650	0	C003328_cs_002	1
Q000650	0	C003328_cs_003	1
Q000650	0	C003328_cs_004	1
Q000651	0	C002887_cs_000	1
Q000651	0	C002887_cs_001	1
Q000651	0	C002887_cs_002	1
Q000651	0	C002887_cs_003	1
Q000652	0	C002869_cs_000	1
Q000653	0	C000368_cs_000	1
Q000654	0	C001630_cs_000	1
Q000654	0	C001630_cs_001	1
Q000654	0	C001630_cs_002	1
Q000655	0	C001630_cs_000	1
Q000655	0	C001630_cs_001	1
Q000655	0	C001630_cs_002	1
Q000656	0	C001630_cs_000	1
Q000656	0	C001630_cs_001	1
Q000656	0	C001630_cs_002	1
Q000657	0	C001630_cs_000	1
Q000657	0	C001630_cs_001	1
Q000657	0	C001630_cs_002	1
Q000658	0	C001630_cs_000	1
Q000658	0	C001630_cs_001	1
Q000658	0	C001630_cs_002	1
Q000659	0	C001630_cs_000	1
Q000659	0	C001630_cs_001	1
Q000659	0	C001630_cs_002	1
Q000660	0	C000833_cs_000	1
Q000660	0	C000833_cs_001	1
Q000660	0	C000833_cs_002	1
Q000661	0	C000368_cs_000	1
Q000662	0	C000370_cs_000	1
Q000663	0	C000370_cs_000	1
Q000664	0	C001148_cs_000	1
Q000664	0	C001148_cs_001	1
Q000664	0	C001148_cs_002	1
Q000664	0	C001148_cs_003	1
Q000664	0	C001148_cs_004	1
Q000664	0	C001148_cs_005	1
Q000664	0	C001148_cs_006	1
Q000665	0	C001784_cs_000	1
Q000665	0	C001784_cs_001	1
Q000665	0	C001784_cs_002	1
Q000666	0	C002868_cs_000	1
Q000666	0	C002868_cs_001	1
Q000666	0	C002868_cs_002	1
Q000666	0	C002868_cs_003	1
Q000666	0	C002868_cs_004	1
Q000666	0	C002868_cs_005	1
Q000666	0	C002868_cs_006	1
Q000666	0	C002868_cs_007	1
Q000666	0	C002868_cs_008	1
Q000667	0	C000370_cs_000	1
Q000668	0	C000691_cs_000	1
Q000668	0	C000691_cs_001	1
Q000668	0	C000691_cs_002	1
Q000669	0	C002679_cs_000	1
Q000669	0	C002679_cs_001	1
Q000669	0	C002679_cs_002	1
Q000669	0	C002679_cs_003	1
Q000669	0	C002679_cs_004	1
Q000670	0	C000806_cs_000	1
Q000670	0	C000806_cs_001	1
Q000670	0	C000806_cs_002	1
Q000671	0	C001403_cs_000	1
Q000671	0	C001403_cs_001	1
Q000671	0	C001403_cs_002	1
Q000672	0	C001308_cs_000	1
Q000672	0	C001308_cs_001	1
Q000672	0	C001308_cs_002	1
Q000672	0	C001308_cs_003	1
Q000673	0	C000378_cs_000	1
Q000674	0	C001247_cs_000	1
Q000674	0	C001247_cs_001	1
Q000674	0	C001247_cs_002	1
Q000675	0	C001247_cs_000	1
Q000675	0	C001247_cs_001	1
Q000675	0	C001247_cs_002	1
Q000676	0	C000382_cs_000	1
Q000677	0	C000382_cs_000	1
Q000678	0	C003106_cs_000	1
Q000678	0	C003106_cs_001	1
Q000678	0	C003106_cs_002	1
Q000679	0	C003106_cs_000	1
Q000679	0	C003106_cs_001	1
Q000679	0	C003106_cs_002	1
Q000680	0	C003106_cs_000	1
Q000680	0	C003106_cs_001	1
Q000680	0	C003106_cs_002	1
Q000681	0	C000863_cs_000	1
Q000681	0	C000863_cs_001	1
Q000681	0	C000863_cs_002	1
Q000682	0	C000863_cs_000	1
Q000682	0	C000863_cs_001	1
Q000682	0	C000863_cs_002	1
Q000683	0	C000863_cs_000	1
Q000683	0	C000863_cs_001	1
Q000683	0	C000863_cs_002	1
Q000684	0	C001503_cs_000	1
Q000684	0	C001503_cs_001	1
Q000684	0	C001503_cs_002	1
Q000685	0	C000386_cs_000	1
Q000686	0	C001829_cs_000	1
Q000686	0	C001829_cs_001	1
Q000686	0	C001829_cs_002	1
Q000687	0	C000386_cs_000	1
Q000688	0	C002253_cs_000	1
Q000688	0	C002253_cs_001	1
Q000688	0	C002253_cs_002	1
Q000688	0	C002253_cs_003	1
Q000688	0	C002253_cs_004	1
Q000689	0	C002253_cs_000	1
Q000689	0	C002253_cs_001	1
Q000689	0	C002253_cs_002	1
Q000689	0	C002253_cs_003	1
Q000689	0	C002253_cs_004	1
Q000690	0	C002253_cs_000	1
Q000690	0	C002253_cs_001	1
Q000690	0	C002253_cs_002	1
Q000690	0	C002253_cs_003	1
Q000690	0	C002253_cs_004	1
Q000691	0	C000973_cs_000	1
Q000691	0	C000973_cs_001	1
Q000691	0	C000973_cs_002	1
Q000691	0	C000973_cs_003	1
Q000691	0	C000973_cs_004	1
Q000692	0	C002253_cs_000	1
Q000692	0	C002253_cs_001	1
Q000692	0	C002253_cs_002	1
Q000692	0	C002253_cs_003	1
Q000692	0	C002253_cs_004	1
Q000693	0	C002253_cs_000	1
Q000693	0	C002253_cs_001	1
Q000693	0	C002253_cs_002	1
Q000693	0	C002253_cs_003	1
Q000693	0	C002253_cs_004	1
Q000694	0	C002253_cs_000	1
Q000694	0	C002253_cs_001	1
Q000694	0	C002253_cs_002	1
Q000694	0	C002253_cs_003	1
Q000694	0	C002253_cs_004	1
Q000695	0	C001666_cs_000	1
Q000695	0	C001666_cs_001	1
Q000695	0	C001666_cs_002	1
Q000695	0	C001666_cs_003	1
Q000695	0	C001666_cs_004	1
Q000696	0	C001666_cs_000	1
Q000696	0	C001666_cs_001	1
Q000696	0	C001666_cs_002	1
Q000696	0	C001666_cs_003	1
Q000696	0	C001666_cs_004	1
Q000697	0	C001666_cs_000	1
Q000697	0	C001666_cs_001	1
Q000697	0	C001666_cs_002	1
Q000697	0	C001666_cs_003	1
Q000697	0	C001666_cs_004	1
Q000698	0	C001666_cs_000	1
Q000698	0	C001666_cs_001	1
Q000698	0	C001666_cs_002	1
Q000698	0	C001666_cs_003	1
Q000698	0	C001666_cs_004	1
Q000699	0	C001666_cs_000	1
Q000699	0	C001666_cs_001	1
Q000699	0	C001666_cs_002	1
Q000699	0	C001666_cs_003	1
Q000699	0	C001666_cs_004	1
Q000700	0	C001237_cs_000	1
Q000700	0	C001237_cs_001	1
Q000700	0	C001237_cs_002	1
Q000701	0	C001237_cs_000	1
Q000701	0	C001237_cs_001	1
Q000701	0	C001237_cs_002	1
Q000702	0	C001237_cs_000	1
Q000702	0	C001237_cs_001	1
Q000702	0	C001237_cs_002	1
Q000703	0	C001237_cs_000	1
Q000703	0	C001237_cs_001	1
Q000703	0	C001237_cs_002	1
Q000704	0	C001237_cs_000	1
Q000704	0	C001237_cs_001	1
Q000704	0	C001237_cs_002	1
Q000705	0	C001237_cs_000	1
Q000705	0	C001237_cs_001	1
Q000705	0	C001237_cs_002	1
Q000706	0	C001237_cs_000	1
Q000706	0	C001237_cs_001	1
Q000706	0	C001237_cs_002	1
Q000707	0	C001237_cs_000	1
Q000707	0	C001237_cs_001	1
Q000707	0	C001237_cs_002	1
Q000708	0	C001237_cs_000	1
Q000708	0	C001237_cs_001	1
Q000708	0	C001237_cs_002	1
Q000709	0	C002207_cs_000	1
Q000709	0	C002207_cs_001	1
Q000709	0	C002207_cs_002	1
Q000709	0	C002207_cs_003	1
Q000709	0	C002207_cs_004	1
Q000710	0	C001220_cs_000	1
Q000710	0	C001220_cs_001	1
Q000710	0	C001220_cs_002	1
Q000711	0	C003483_cs_000	1
Q000711	0	C003483_cs_001	1
Q000711	0	C003483_cs_002	1
Q000711	0	C003483_cs_003	1
Q000711	0	C003483_cs_004	1
Q000712	0	C001220_cs_000	1
Q000712	0	C001220_cs_001	1
Q000712	0	C001220_cs_002	1
Q000713	0	C001220_cs_000	1
Q000713	0	C001220_cs_001	1
Q000713	0	C001220_cs_002	1
Q000714	0	C001202_cs_000	1
Q000714	0	C001202_cs_001	1
Q000714	0	C001202_cs_002	1
Q000714	0	C001202_cs_003	1
Q000714	0	C001202_cs_004	1
Q000715	0	C000393_cs_000	1
Q000716	0	C001202_cs_000	1
Q000716	0	C001202_cs_001	1
Q000716	0	C001202_cs_002	1
Q000716	0	C001202_cs_003	1
Q000716	0	C001202_cs_004	1
Q000717	0	C003229_cs_000	1
Q000717	0	C003229_cs_001	1
Q000717	0	C003229_cs_002	1
Q000717	0	C003229_cs_003	1
Q000717	0	C003229_cs_004	1
Q000717	0	C003229_cs_005	1
Q000717	0	C003229_cs_006	1
Q000718	0	C000393_cs_000	1
Q000719	0	C000943_cs_000	1
Q000719	0	C000943_cs_001	1
Q000719	0	C000943_cs_002	1
Q000719	0	C000943_cs_003	1
Q000719	0	C000943_cs_004	1
Q000719	0	C000943_cs_005	1
Q000719	0	C000943_cs_006	1
Q000719	0	C000943_cs_007	1
Q000719	0	C000943_cs_008	1
Q000720	0	C003307_cs_000	1
Q000720	0	C003307_cs_001	1
Q000720	0	C003307_cs_002	1
Q000720	0	C003307_cs_003	1
Q000720	0	C003307_cs_004	1
Q000720	0	C003307_cs_005	1
Q000720	0	C003307_cs_006	1
Q000721	0	C000943_cs_000	1
Q000721	0	C000943_cs_001	1
Q000721	0	C000943_cs_002	1
Q000721	0	C000943_cs_003	1
Q000721	0	C000943_cs_004	1
Q000721	0	C000943_cs_005	1
Q000721	0	C000943_cs_006	1
Q000721	0	C000943_cs_007	1
Q000721	0	C000943_cs_008	1
Q000722	0	C000943_cs_000	1
Q000722	0	C000943_cs_001	1
Q000722	0	C000943_cs_002	1
Q000722	0	C000943_cs_003	1
Q000722	0	C000943_cs_004	1
Q000722	0	C000943_cs_005	1
Q000722	0	C000943_cs_006	1
Q000722	0	C000943_cs_007	1
Q000722	0	C000943_cs_008	1
Q000723	0	C000943_cs_000	1
Q000723	0	C000943_cs_001	1
Q000723	0	C000943_cs_002	1
Q000723	0	C000943_cs_003	1
Q000723	0	C000943_cs_004	1
Q000723	0	C000943_cs_005	1
Q000723	0	C000943_cs_006	1
Q000723	0	C000943_cs_007	1
Q000723	0	C000943_cs_008	1
Q000724	0	C002567_cs_000	1
Q000724	0	C002567_cs_001	1
Q000724	0	C002567_cs_002	1
Q000724	0	C002567_cs_003	1
Q000724	0	C002567_cs_004	1
Q000725	0	C000399_cs_000	1
Q000726	0	C000400_cs_000	1
Q000727	0	C000877_cs_000	1
Q000727	0	C000877_cs_001	1
Q000727	0	C000877_cs_002	1
Q000727	0	C000877_cs_003	1
Q000727	0	C000877_cs_004	1
Q000727	0	C000877_cs_005	1
Q000727	0	C000877_cs_006	1
Q000728	0	C003335_cs_000	1
Q000728	0	C003335_cs_001	1
Q000728	0	C003335_cs_002	1
Q000728	0	C003335_cs_003	1
Q000728	0	C003335_cs_004	1
Q000728	0	C003335_cs_005	1
Q000728	0	C003335_cs_006	1
Q000729	0	C000807_cs_000	1
Q000729	0	C000807_cs_001	1
Q000729	0	C000807_cs_002	1
Q000729	0	C000807_cs_003	1
Q000729	0	C000807_cs_004	1
Q000729	0	C000807_cs_005	1
Q000729	0	C000807_cs_006	1
Q000730	0	C000402_cs_000	1
Q000731	0	C003087_cs_000	1
Q000731	0	C003087_cs_001	1
Q000731	0	C003087_cs_002	1
Q000731	0	C003087_cs_003	1
Q000731	0	C003087_cs_004	1
Q000731	0	C003087_cs_005	1
Q000731	0	C003087_cs_006	1
Q000732	0	C000405_cs_000	1
Q000733	0	C000966_cs_000	1
Q000733	0	C000966_cs_001	1
Q000733	0	C000966_cs_002	1
Q000734	0	C003424_cs_000	1
Q000734	0	C003424_cs_001	1
Q000734	0	C003424_cs_002	1
Q000734	0	C003424_cs_003	1
Q000734	0	C003424_cs_004	1
Q000734	0	C003424_cs_005	1
Q000734	0	C003424_cs_006	1
Q000734	0	C003424_cs_007	1
Q000734	0	C003424_cs_008	1
Q000734	0	C003424_cs_009	1
Q000734	0	C003424_cs_010	1
Q000735	0	C000410_cs_000	1
Q000736	0	C000410_cs_000	1
Q000737	0	C000418_cs_000	1
Q000738	0	C000420_cs_000	1
Q000739	0	C000422_cs_000	1
Q000740	0	C000424_cs_000	1
Q000741	0	C000697_cs_000	1
Q000741	0	C000697_cs_001	1
Q000741	0	C000697_cs_002	1
Q000741	0	C000697_cs_003	1
Q000741	0	C000697_cs_004	1
Q000742	0	C000697_cs_000	1
Q000742	0	C000697_cs_001	1
Q000742	0	C000697_cs_002	1
Q000742	0	C000697_cs_003	1
Q000742	0	C000697_cs_004	1
Q000743	0	C000429_cs_000	1
Q000744	0	C003420_cs_000	1
Q000744	0	C003420_cs_001	1
Q000744	0	C003420_cs_002	1
Q000744	0	C003420_cs_003	1
Q000744	0	C003420_cs_004	1
Q000744	0	C003420_cs_005	1
Q000744	0	C003420_cs_006	1
Q000744	0	C003420_cs_007	1
Q000744	0	C003420_cs_008	1
Q000744	0	C003420_cs_009	1
Q000745	0	C001126_cs_000	1
Q000745	0	C001126_cs_001	1
Q000745	0	C001126_cs_002	1
Q000745	0	C001126_cs_003	1
Q000745	0	C001126_cs_004	1
Q000746	0	C000433_cs_000	1
Q000747	0	C003209_cs_000	1
Q000747	0	C003209_cs_001	1
Q000747	0	C003209_cs_002	1
Q000748	0	C000924_cs_000	1
Q000748	0	C000924_cs_001	1
Q000748	0	C000924_cs_002	1
Q000749	0	C000433_cs_000	1
Q000750	0	C000433_cs_000	1
Q000751	0	C002755_cs_000	1
Q000751	0	C002755_cs_001	1
Q000751	0	C002755_cs_002	1
Q000751	0	C002755_cs_003	1
Q000751	0	C002755_cs_004	1
Q000752	0	C001566_cs_000	1
Q000752	0	C001566_cs_001	1
Q000752	0	C001566_cs_002	1
Q000752	0	C001566_cs_003	1
Q000752	0	C001566_cs_004	1
Q000753	0	C000651_cs_000	1
Q000754	0	C003426_cs_000	1
Q000754	0	C003426_cs_001	1
Q000754	0	C003426_cs_002	1
Q000754	0	C003426_cs_003	1
Q000754	0	C003426_cs_004	1
Q000754	0	C003426_cs_005	1
Q000754	0	C003426_cs_006	1
Q000754	0	C003426_cs_007	1
Q000754	0	C003426_cs_008	1
Q000754	0	C003426_cs_009	1
Q000754	0	C003426_cs_010	1
Q000755	0	C003426_cs_000	1
Q000755	0	C003426_cs_001	1
Q000755	0	C003426_cs_002	1
Q000755	0	C003426_cs_003	1
Q000755	0	C003426_cs_004	1
Q000755	0	C003426_cs_005	1
Q000755	0	C003426_cs_006	1
Q000755	0	C003426_cs_007	1
Q000755	0	C003426_cs_008	1
Q000755	0	C003426_cs_009	1
Q000755	0	C003426_cs_010	1
Q000756	0	C002729_cs_000	1
Q000756	0	C002729_cs_001	1
Q000756	0	C002729_cs_002	1
Q000757	0	C001763_cs_000	1
Q000757	0	C001763_cs_001	1
Q000757	0	C001763_cs_002	1
Q000757	0	C001763_cs_003	1
Q000757	0	C001763_cs_004	1
Q000757	0	C001763_cs_005	1
Q000757	0	C001763_cs_006	1
Q000758	0	C002427_cs_000	1
Q000758	0	C002427_cs_001	1
Q000758	0	C002427_cs_002	1
Q000758	0	C002427_cs_003	1
Q000758	0	C002427_cs_004	1
Q000758	0	C002427_cs_005	1
Q000758	0	C002427_cs_006	1
Q000759	0	C001984_cs_000	1
Q000759	0	C001984_cs_001	1
Q000759	0	C001984_cs_002	1
Q000760	0	C000440_cs_000	1
Q000761	0	C001658_cs_000	1
Q000761	0	C001658_cs_001	1
Q000761	0	C001658_cs_002	1
Q000761	0	C001658_cs_003	1
Q000761	0	C001658_cs_004	1
Q000762	0	C002084_cs_000	1
Q000762	0	C002084_cs_001	1
Q000762	0	C002084_cs_002	1
Q000763	0	C000880_cs_000	1
Q000763	0	C000880_cs_001	1
Q000763	0	C000880_cs_002	1
Q000764	0	C000880_cs_000	1
Q000764	0	C000880_cs_001	1
Q000764	0	C000880_cs_002	1
Q000765	0	C002547_cs_000	1
Q000765	0	C002547_cs_001	1
Q000765	0	C002547_cs_002	1
Q000766	0	C002601_cs_000	1
Q000766	0	C002601_cs_001	1
Q000766	0	C002601_cs_002	1
Q000767	0	C000444_cs_000	1
Q000768	0	C000444_cs_000	1
Q000769	0	C000444_cs_000	1
Q000770	0	C002585_cs_000	1
Q000770	0	C002585_cs_001	1
Q000770	0	C002585_cs_002	1
Q000770	0	C002585_cs_003	1
Q000770	0	C002585_cs_004	1
Q000771	0	C002550_cs_000	1
Q000771	0	C002550_cs_001	1
Q000771	0	C002550_cs_002	1
Q000772	0	C000445_cs_000	1
Q000773	0	C003193_cs_000	1
Q000773	0	C003193_cs_001	1
Q000773	0	C003193_cs_002	1
Q000773	0	C003193_cs_003	1
Q000773	0	C003193_cs_004	1
Q000774	0	C003193_cs_000	1
Q000774	0	C003193_cs_001	1
Q000774	0	C003193_cs_002	1
Q000774	0	C003193_cs_003	1
Q000774	0	C003193_cs_004	1
Q000775	0	C003193_cs_000	1
Q000775	0	C003193_cs_001	1
Q000775	0	C003193_cs_002	1
Q000775	0	C003193_cs_003	1
Q000775	0	C003193_cs_004	1
Q000776	0	C002093_cs_000	1
Q000776	0	C002093_cs_001	1
Q000776	0	C002093_cs_002	1
Q000777	0	C000449_cs_000	1
Q000778	0	C001658_cs_000	1
Q000778	0	C001658_cs_001	1
Q000778	0	C001658_cs_002	1
Q000778	0	C001658_cs_003	1
Q000778	0	C001658_cs_004	1
Q000779	0	C001713_cs_000	1
Q000779	0	C001713_cs_001	1
Q000779	0	C001713_cs_002	1
Q000780	0	C000450_cs_000	1
Q000781	0	C002266_cs_000	1
Q000782	0	C002266_cs_000	1
Q000783	0	C000455_cs_000	1
Q000784	0	C002285_cs_000	1
Q000784	0	C002285_cs_001	1
Q000784	0	C002285_cs_002	1
Q000784	0	C002285_cs_003	1
Q000784	0	C002285_cs_004	1
Q000784	0	C002285_cs_005	1
Q000784	0	C002285_cs_006	1
Q000784	0	C002285_cs_007	1
Q000784	0	C002285_cs_008	1
Q000784	0	C002285_cs_009	1
Q000785	0	C000856_cs_000	1
Q000785	0	C000856_cs_001	1
Q000785	0	C000856_cs_002	1
Q000785	0	C000856_cs_003	1
Q000786	0	C000455_cs_000	1
Q000787	0	C002432_cs_000	1
Q000787	0	C002432_cs_001	1
Q000787	0	C002432_cs_002	1
Q000788	0	C000456_cs_000	1
Q000789	0	C001727_cs_000	1
Q000789	0	C001727_cs_001	1
Q000789	0	C001727_cs_002	1
Q000790	0	C000456_cs_000	1
Q000791	0	C000457_cs_000	1
Q000792	0	C000457_cs_000	1
Q000793	0	C001506_cs_000	1
Q000793	0	C001506_cs_001	1
Q000793	0	C001506_cs_002	1
Q000794	0	C001506_cs_000	1
Q000794	0	C001506_cs_001	1
Q000794	0	C001506_cs_002	1
Q000795	0	C001506_cs_000	1
Q000795	0	C001506_cs_001	1
Q000795	0	C001506_cs_002	1
Q000796	0	C001506_cs_000	1
Q000796	0	C001506_cs_001	1
Q000796	0	C001506_cs_002	1
Q000797	0	C000459_cs_000	1
Q000798	0	C000461_cs_000	1
Q000799	0	C000461_cs_000	1
Q000800	0	C000636_cs_000	1
Q000800	0	C000636_cs_001	1
Q000800	0	C000636_cs_002	1
Q000800	0	C000636_cs_003	1
Q000800	0	C000636_cs_004	1
Q000800	0	C000636_cs_005	1
Q000800	0	C000636_cs_006	1
Q000801	0	C001094_cs_000	1
Q000801	0	C001094_cs_001	1
Q000801	0	C001094_cs_002	1
Q000802	0	C000461_cs_000	1
Q000803	0	C000461_cs_000	1
Q000804	0	C001238_cs_000	1
Q000804	0	C001238_cs_001	1
Q000804	0	C001238_cs_002	1
Q000805	0	C000465_cs_000	1
Q000806	0	C001790_cs_000	1
Q000807	0	C003353_cs_000	1
Q000807	0	C003353_cs_001	1
Q000807	0	C003353_cs_002	1
Q000807	0	C003353_cs_003	1
Q000807	0	C003353_cs_004	1
Q000808	0	C002425_cs_000	1
Q000808	0	C002425_cs_001	1
Q000808	0	C002425_cs_002	1
Q000809	0	C000468_cs_000	1
Q000810	0	C002732_cs_000	1
Q000810	0	C002732_cs_001	1
Q000810	0	C002732_cs_002	1
Q000810	0	C002732_cs_003	1
Q000810	0	C002732_cs_004	1
Q000811	0	C001824_cs_000	1
Q000811	0	C001824_cs_001	1
Q000811	0	C001824_cs_002	1
Q000812	0	C003014_cs_000	1
Q000812	0	C003014_cs_001	1
Q000812	0	C003014_cs_002	1
Q000813	0	C000469_cs_000	1
Q000814	0	C001824_cs_000	1
Q000814	0	C001824_cs_001	1
Q000814	0	C001824_cs_002	1
Q000815	0	C001401_cs_000	1
Q000815	0	C001401_cs_001	1
Q000815	0	C001401_cs_002	1
Q000816	0	C000470_cs_000	1
Q000817	0	C002816_cs_000	1
Q000817	0	C002816_cs_001	1
Q000817	0	C002816_cs_002	1
Q000818	0	C000471_cs_000	1
Q000819	0	C000473_cs_000	1
Q000820	0	C000473_cs_000	1
Q000821	0	C000473_cs_000	1
Q000822	0	C000473_cs_000	1
Q000823	0	C001632_cs_000	1
Q000823	0	C001632_cs_001	1
Q000823	0	C001632_cs_002	1
Q000823	0	C001632_cs_003	1
Q000823	0	C001632_cs_004	1
Q000824	0	C001480_cs_000	1
Q000824	0	C001480_cs_001	1
Q000824	0	C001480_cs_002	1
Q000825	0	C002993_cs_000	1
Q000825	0	C002993_cs_001	1
Q000825	0	C002993_cs_002	1
Q000826	0	C002993_cs_000	1
Q000826	0	C002993_cs_001	1
Q000826	0	C002993_cs_002	1
Q000827	0	C001295_cs_000	1
Q000827	0	C001295_cs_001	1
Q000827	0	C001295_cs_002	1
Q000827	0	C001295_cs_003	1
Q000827	0	C001295_cs_004	1
Q000827	0	C001295_cs_005	1
Q000827	0	C001295_cs_006	1
Q000828	0	C000488_cs_000	1
Q000829	0	C000945_cs_000	1
Q000829	0	C000945_cs_001	1
Q000829	0	C000945_cs_002	1
Q000829	0	C000945_cs_003	1
Q000829	0	C000945_cs_004	1
Q000830	0	C003553_cs_000	1
Q000830	0	C003553_cs_001	1
Q000830	0	C003553_cs_002	1
Q000830	0	C003553_cs_003	1
Q000830	0	C003553_cs_004	1
Q000830	0	C003553_cs_005	1
Q000830	0	C003553_cs_006	1
Q000831	0	C003228_cs_000	1
Q000831	0	C003228_cs_001	1
Q000831	0	C003228_cs_002	1
Q000831	0	C003228_cs_003	1
Q000832	0	C001422_cs_000	1
Q000832	0	C001422_cs_001	1
Q000832	0	C001422_cs_002	1
Q000833	0	C001422_cs_000	1
Q000833	0	C001422_cs_001	1
Q000833	0	C001422_cs_002	1
Q000834	0	C001422_cs_000	1
Q000834	0	C001422_cs_001	1
Q000834	0	C001422_cs_002	1
Q000835	0	C000497_cs_000	1
Q000836	0	C000497_cs_000	1
Q000837	0	C003530_cs_000	1
Q000837	0	C003530_cs_001	1
Q000837	0	C003530_cs_002	1
Q000838	0	C000500_cs_000	1
Q000839	0	C000500_cs_000	1
Q000840	0	C003041_cs_000	1
Q000840	0	C003041_cs_001	1
Q000840	0	C003041_cs_002	1
Q000841	0	C002392_cs_000	1
Q000841	0	C002392_cs_001	1
Q000841	0	C002392_cs_002	1
Q000842	0	C002360_cs_000	1
Q000842	0	C002360_cs_001	1
Q000842	0	C002360_cs_002	1
Q000843	0	C000502_cs_000	1
Q000844	0	C003484_cs_000	1
Q000844	0	C003484_cs_001	1
Q000844	0	C003484_cs_002	1
Q000844	0	C003484_cs_003	1
Q000844	0	C003484_cs_004	1
Q000844	0	C003484_cs_005	1
Q000845	0	C001072_cs_000	1
Q000845	0	C001072_cs_001	1
Q000845	0	C001072_cs_002	1
Q000846	0	C001072_cs_000	1
Q000846	0	C001072_cs_001	1
Q000846	0	C001072_cs_002	1
Q000847	0	C000504_cs_000	1
Q000848	0	C001133_cs_000	1
Q000848	0	C001133_cs_001	1
Q000848	0	C001133_cs_002	1
Q000849	0	C001033_cs_000	1
Q000849	0	C001033_cs_001	1
Q000849	0	C001033_cs_002	1
Q000850	0	C000510_cs_000	1
Q000851	0	C000510_cs_000	1
Q000852	0	C001536_cs_000	1
Q000852	0	C001536_cs_001	1
Q000852	0	C001536_cs_002	1
Q000852	0	C001536_cs_003	1
Q000853	0	C001536_cs_000	1
Q000853	0	C001536_cs_001	1
Q000853	0	C001536_cs_002	1
Q000853	0	C001536_cs_003	1
Q000854	0	C000514_cs_000	1
Q000855	0	C001409_cs_000	1
Q000855	0	C001409_cs_001	1
Q000855	0	C001409_cs_002	1
Q000855	0	C001409_cs_003	1
Q000855	0	C001409_cs_004	1
Q000856	0	C001496_cs_000	1
Q000856	0	C001496_cs_001	1
Q000857	0	C001409_cs_000	1
Q000857	0	C001409_cs_001	1
Q000857	0	C001409_cs_002	1
Q000857	0	C001409_cs_003	1
Q000857	0	C001409_cs_004	1
Q000858	0	C001409_cs_000	1
Q000858	0	C001409_cs_001	1
Q000858	0	C001409_cs_002	1
Q000858	0	C001409_cs_003	1
Q000858	0	C001409_cs_004	1
Q000859	0	C001409_cs_000	1
Q000859	0	C001409_cs_001	1
Q000859	0	C001409_cs_002	1
Q000859	0	C001409_cs_003	1
Q000859	0	C001409_cs_004	1
Q000860	0	C000514_cs_000	1
Q000861	0	C001857_cs_000	1
Q000861	0	C001857_cs_001	1
Q000861	0	C001857_cs_002	1
Q000862	0	C001857_cs_000	1
Q000862	0	C001857_cs_001	1
Q000862	0	C001857_cs_002	1
Q000863	0	C002321_cs_000	1
Q000863	0	C002321_cs_001	1
Q000863	0	C002321_cs_002	1
Q000863	0	C002321_cs_003	1
Q000863	0	C002321_cs_004	1
Q000864	0	C001281_cs_000	1
Q000864	0	C001281_cs_001	1
Q000864	0	C001281_cs_002	1
Q000864	0	C001281_cs_003	1
Q000864	0	C001281_cs_004	1
Q000864	0	C001281_cs_005	1
Q000865	0	C000516_cs_000	1
Q000866	0	C000517_cs_000	1
Q000867	0	C000519_cs_000	1
Q000868	0	C001076_cs_000	1
Q000869	0	C001673_cs_000	1
Q000869	0	C001673_cs_001	1
Q000869	0	C001673_cs_002	1
Q000869	0	C001673_cs_003	1
Q000869	0	C001673_cs_004	1
Q000870	0	C000621_cs_000	1
Q000870	0	C000621_cs_001	1
Q000870	0	C000621_cs_002	1
Q000870	0	C000621_cs_003	1
Q000870	0	C000621_cs_004	1
Q000871	0	C001928_cs_000	1
Q000871	0	C001928_cs_001	1
Q000872	0	C000519_cs_000	1
Q000873	0	C000519_cs_000	1
Q000874	0	C000522_cs_000	1
Q000875	0	C000522_cs_000	1
Q000876	0	C000523_cs_000	1
Q000877	0	C002706_cs_000	1
Q000877	0	C002706_cs_001	1
Q000877	0	C002706_cs_002	1
Q000878	0	C002368_cs_000	1
Q000879	0	C001926_cs_000	1
Q000880	0	C002119_cs_000	1
Q000880	0	C002119_cs_001	1
Q000880	0	C002119_cs_002	1
Q000881	0	C001365_cs_000	1
Q000881	0	C001365_cs_001	1
Q000881	0	C001365_cs_002	1
Q000881	0	C001365_cs_003	1
Q000881	0	C001365_cs_004	1
Q000881	0	C001365_cs_005	1
Q000881	0	C001365_cs_006	1
Q000881	0	C001365_cs_007	1
Q000882	0	C000955_cs_000	1
Q000883	0	C001370_cs_000	1
Q000884	0	C000534_cs_000	1
Q000885	0	C000536_cs_000	1
Q000886	0	C000536_cs_000	1
Q000887	0	C000538_cs_000	1
Q000888	0	C001514_cs_000	1
Q000888	0	C001514_cs_001	1
Q000889	0	C002635_cs_000	1
Q000890	0	C001162_cs_000	1
Q000891	0	C002003_cs_000	1
Q000891	0	C002003_cs_001	1
Q000891	0	C002003_cs_002	1
Q000892	0	C002003_cs_000	1
Q000892	0	C002003_cs_001	1
Q000892	0	C002003_cs_002	1
Q000893	0	C000544_cs_000	1
Q000894	0	C000544_cs_000	1
Q000895	0	C003535_cs_000	1
Q000896	0	C003535_cs_000	1
Q000897	0	C001972_cs_000	1
Q000897	0	C001972_cs_001	1
Q000897	0	C001972_cs_002	1
Q000897	0	C001972_cs_003	1
Q000897	0	C001972_cs_004	1
Q000897	0	C001972_cs_005	1
Q000897	0	C001972_cs_006	1
Q000898	0	C000546_cs_000	1
Q000899	0	C001577_cs_000	1
Q000899	0	C001577_cs_001	1
Q000899	0	C001577_cs_002	1
Q000900	0	C000546_cs_000	1
Q000901	0	C001373_cs_000	1
Q000901	0	C001373_cs_001	1
Q000901	0	C001373_cs_002	1
Q000901	0	C001373_cs_003	1
Q000901	0	C001373_cs_004	1
Q000901	0	C001373_cs_005	1
Q000901	0	C001373_cs_006	1
Q000902	0	C001834_cs_000	1
Q000902	0	C001834_cs_001	1
Q000902	0	C001834_cs_002	1
Q000902	0	C001834_cs_003	1
Q000902	0	C001834_cs_004	1
Q000902	0	C001834_cs_005	1
Q000902	0	C001834_cs_006	1
Q000902	0	C001834_cs_007	1
Q000902	0	C001834_cs_008	1
Q000902	0	C001834_cs_009	1
Q000903	0	C000551_cs_000	1
Q000904	0	C000551_cs_000	1
Q000905	0	C000551_cs_000	1
Q000906	0	C000551_cs_000	1
Q000907	0	C000554_cs_000	1
Q000908	0	C002178_cs_000	1
Q000908	0	C002178_cs_001	1
Q000908	0	C002178_cs_002	1
Q000908	0	C002178_cs_003	1
Q000908	0	C002178_cs_004	1
Q000909	0	C002178_cs_000	1
Q000909	0	C002178_cs_001	1
Q000909	0	C002178_cs_002	1
Q000909	0	C002178_cs_003	1
Q000909	0	C002178_cs_004	1
Q000910	0	C000554_cs_000	1
Q000911	0	C000554_cs_000	1
Q000912	0	C000555_cs_000	1
Q000913	0	C001702_cs_000	1
Q000913	0	C001702_cs_001	1
Q000913	0	C001702_cs_002	1
Q000913	0	C001702_cs_003	1
Q000913	0	C001702_cs_004	1
Q000913	0	C001702_cs_005	1
Q000913	0	C001702_cs_006	1
Q000913	0	C001702_cs_007	1
Q000914	0	C000857_cs_000	1
Q000914	0	C000857_cs_001	1
Q000914	0	C000857_cs_002	1
Q000914	0	C000857_cs_003	1
Q000915	0	C001028_cs_000	1
Q000915	0	C001028_cs_001	1
Q000915	0	C001028_cs_002	1
Q000915	0	C001028_cs_003	1
Q000915	0	C001028_cs_004	1
Q000915	0	C001028_cs_005	1
Q000915	0	C001028_cs_006	1
Q000916	0	C000340_cs_000	1
Q000917	0	C000555_cs_000	1
Q000918	0	C000555_cs_000	1
Q000919	0	C000555_cs_000	1
Q000920	0	C001950_cs_000	1
Q000920	0	C001950_cs_001	1
Q000920	0	C001950_cs_002	1
Q000920	0	C001950_cs_003	1
Q000920	0	C001950_cs_004	1
Q000921	0	C002424_cs_000	1
Q000921	0	C002424_cs_001	1
Q000921	0	C002424_cs_002	1
Q000921	0	C002424_cs_003	1
Q000921	0	C002424_cs_004	1
Q000921	0	C002424_cs_005	1
Q000921	0	C002424_cs_006	1
Q000922	0	C000637_cs_000	1
Q000922	0	C000637_cs_001	1
Q000922	0	C000637_cs_002	1
Q000922	0	C000637_cs_003	1
Q000922	0	C000637_cs_004	1
Q000922	0	C000637_cs_005	1
Q000922	0	C000637_cs_006	1
Q000922	0	C000637_cs_007	1
Q000922	0	C000637_cs_008	1
Q000922	0	C000637_cs_009	1
Q000922	0	C000637_cs_010	1
Q000922	0	C000637_cs_011	1
Q000922	0	C000637_cs_012	1
Q000922	0	C000637_cs_013	1
Q000922	0	C000637_cs_014	1
Q000923	0	C000637_cs_000	1
Q000923	0	C000637_cs_001	1
Q000923	0	C000637_cs_002	1
Q000923	0	C000637_cs_003	1
Q000923	0	C000637_cs_004	1
Q000923	0	C000637_cs_005	1
Q000923	0	C000637_cs_006	1
Q000923	0	C000637_cs_007	1
Q000923	0	C000637_cs_008	1
Q000923	0	C000637_cs_009	1
Q000923	0	C000637_cs_010	1
Q000923	0	C000637_cs_011	1
Q000923	0	C000637_cs_012	1
Q000923	0	C000637_cs_013	1
Q000923	0	C000637_cs_014	1
Q000924	0	C001319_cs_000	1
Q000924	0	C001319_cs_001	1
Q000924	0	C001319_cs_002	1
Q000924	0	C001319_cs_003	1
Q000925	0	C000676_cs_000	1
Q000925	0	C000676_cs_001	1
Q000925	0	C000676_cs_002	1
Q000925	0	C000676_cs_003	1
Q000925	0	C000676_cs_004	1
Q000925	0	C000676_cs_005	1
Q000925	0	C000676_cs_006	1
Q000926	0	C001437_cs_000	1
Q000926	0	C001437_cs_001	1
Q000926	0	C001437_cs_002	1
Q000926	0	C001437_cs_003	1
Q000926	0	C001437_cs_004	1
Q000926	0	C001437_cs_005	1
Q000926	0	C001437_cs_006	1
Q000927	0	C001437_cs_000	1
Q000927	0	C001437_cs_001	1
Q000927	0	C001437_cs_002	1
Q000927	0	C001437_cs_003	1
Q000927	0	C001437_cs_004	1
Q000927	0	C001437_cs_005	1
Q000927	0	C001437_cs_006	1
Q000928	0	C001067_cs_000	1
Q000928	0	C001067_cs_001	1
Q000928	0	C001067_cs_002	1
Q000929	0	C000561_cs_000	1
Q000930	0	C001437_cs_000	1
Q000930	0	C001437_cs_001	1
Q000930	0	C001437_cs_002	1
Q000930	0	C001437_cs_003	1
Q000930	0	C001437_cs_004	1
Q000930	0	C001437_cs_005	1
Q000930	0	C001437_cs_006	1
Q000931	0	C000961_cs_000	1
Q000931	0	C000961_cs_001	1
Q000931	0	C000961_cs_002	1
Q000932	0	C000561_cs_000	1
Q000933	0	C000958_cs_000	1
Q000933	0	C000958_cs_001	1
Q000933	0	C000958_cs_002	1
Q000933	0	C000958_cs_003	1
Q000933	0	C000958_cs_004	1
Q000934	0	C001883_cs_000	1
Q000934	0	C001883_cs_001	1
Q000934	0	C001883_cs_002	1
Q000934	0	C001883_cs_003	1
Q000935	0	C000564_cs_000	1
Q000936	0	C000565_cs_000	1
Q000937	0	C000998_cs_000	1
Q000937	0	C000998_cs_001	1
Q000937	0	C000998_cs_002	1
Q000937	0	C000998_cs_003	1
Q000938	0	C000565_cs_000	1
Q000939	0	C003374_cs_000	1
Q000939	0	C003374_cs_001	1
Q000939	0	C003374_cs_002	1
Q000939	0	C003374_cs_003	1
Q000939	0	C003374_cs_004	1
Q000939	0	C003374_cs_005	1
Q000939	0	C003374_cs_006	1
Q000939	0	C003374_cs_007	1
Q000939	0	C003374_cs_008	1
Q000939	0	C003374_cs_009	1
Q000940	0	C000566_cs_000	1
Q000941	0	C000566_cs_000	1
Q000942	0	C000566_cs_000	1
Q000943	0	C002495_cs_000	1
Q000943	0	C002495_cs_001	1
Q000944	0	C000568_cs_000	1
Q000945	0	C003029_cs_000	1
Q000945	0	C003029_cs_001	1
Q000945	0	C003029_cs_002	1
Q000945	0	C003029_cs_003	1
Q000945	0	C003029_cs_004	1
Q000945	0	C003029_cs_005	1
Q000945	0	C003029_cs_006	1
Q000946	0	C001205_cs_000	1
Q000946	0	C001205_cs_001	1
Q000946	0	C001205_cs_002	1
Q000947	0	C001205_cs_000	1
Q000947	0	C001205_cs_001	1
Q000947	0	C001205_cs_002	1
Q000948	0	C001205_cs_000	1
Q000948	0	C001205_cs_001	1
Q000948	0	C001205_cs_002	1
Q000949	0	C000573_cs_000	1
Q000950	0	C000573_cs_000	1
Q000951	0	C001205_cs_000	1
Q000951	0	C001205_cs_001	1
Q000951	0	C001205_cs_002	1
Q000952	0	C001205_cs_000	1
Q000952	0	C001205_cs_001	1
Q000952	0	C001205_cs_002	1
Q000953	0	C000573_cs_000	1
Q000954	0	C002359_cs_000	1
Q000954	0	C002359_cs_001	1
Q000954	0	C002359_cs_002	1
Q000955	0	C002524_cs_000	1
Q000955	0	C002524_cs_001	1
Q000955	0	C002524_cs_002	1
Q000956	0	C003384_cs_000	1
Q000956	0	C003384_cs_001	1
Q000956	0	C003384_cs_002	1
Q000957	0	C000589_cs_000	1
Q000958	0	C000589_cs_000	1
Q000959	0	C000589_cs_000	1
Q000960	0	C000589_cs_000	1
Q000961	0	C000589_cs_000	1
Q000962	0	C001457_cs_000	1
Q000962	0	C001457_cs_001	1
Q000962	0	C001457_cs_002	1
Q000963	0	C001457_cs_000	1
Q000963	0	C001457_cs_001	1
Q000963	0	C001457_cs_002	1
Q000964	0	C001457_cs_000	1
Q000964	0	C001457_cs_001	1
Q000964	0	C001457_cs_002	1
Q000965	0	C003513_cs_000	1
Q000965	0	C003513_cs_001	1
Q000965	0	C003513_cs_002	1
Q000966	0	C001063_cs_000	1
Q000966	0	C001063_cs_001	1
Q000966	0	C001063_cs_002	1
Q000967	0	C001063_cs_000	1
Q000967	0	C001063_cs_001	1
Q000967	0	C001063_cs_002	1
Q000968	0	C001063_cs_000	1
Q000968	0	C001063_cs_001	1
Q000968	0	C001063_cs_002	1
Q000969	0	C001063_cs_000	1
Q000969	0	C001063_cs_001	1
Q000969	0	C001063_cs_002	1
Q000970	0	C001063_cs_000	1
Q000970	0	C001063_cs_001	1
Q000970	0	C001063_cs_002	1
Q000971	0	C001160_cs_000	1
Q000972	0	C002878_cs_000	1
Q000972	0	C002878_cs_001	1
Q000972	0	C002878_cs_002	1
Q000973	0	C000598_cs_000	1
Q000974	0	C002159_cs_000	1
Q000974	0	C002159_cs_001	1
Q000974	0	C002159_cs_002	1
Q000975	0	C000598_cs_000	1
Q000976	0	C003101_cs_000	1
Q000976	0	C003101_cs_001	1
Q000976	0	C003101_cs_002	1
Q000976	0	C003101_cs_003	1
Q000977	0	C000602_cs_000	1
Q000978	0	C002406_cs_000	1
Q000978	0	C002406_cs_001	1
Q000978	0	C002406_cs_002	1
Q000978	0	C002406_cs_003	1
Q000978	0	C002406_cs_004	1
Q000978	0	C002406_cs_005	1
Q000978	0	C002406_cs_006	1
Q000979	0	C000602_cs_000	1
Q000980	0	C002698_cs_000	1
Q000980	0	C002698_cs_001	1
Q000980	0	C002698_cs_002	1
Q000981	0	C001000_cs_000	1
Q000981	0	C001000_cs_001	1
Q000981	0	C001000_cs_002	1
Q000982	0	C000613_cs_000	1
Q000983	0	C003427_cs_000	1
Q000983	0	C003427_cs_001	1
Q000983	0	C003427_cs_002	1
Q000984	0	C000619_cs_000	1
Q000985	0	C002144_cs_000	1
Q000985	0	C002144_cs_001	1
Q000985	0	C002144_cs_002	1
Q000986	0	C001083_cs_000	1
Q000986	0	C001083_cs_001	1
Q000986	0	C001083_cs_002	1
Q000987	0	C000941_cs_000	1
Q000987	0	C000941_cs_001	1
Q000987	0	C000941_cs_002	1
Q000988	0	C000619_cs_000	1
