Q000001	0	C001088_pt_000	1
Q000001	0	C001088_pt_001	1
Q000001	0	C001088_pt_002	1
Q000001	0	C001088_pt_003	1
Q000001	0	C001088_pt_004	1
Q000001	0	C001088_pt_005	1
Q000001	0	C001088_pt_006	1
Q000002	0	C001088_pt_000	1
Q000002	0	C001088_pt_001	1
Q000002	0	C001088_pt_002	1
Q000002	0	C001088_pt_003	1
Q000002	0	C001088_pt_004	1
Q000002	0	C001088_pt_005	1
Q000002	0	C001088_pt_006	1
Q000003	0	C001088_pt_000	1
Q000003	0	C001088_pt_001	1
Q000003	0	C001088_pt_002	1
Q000003	0	C001088_pt_003	1
Q000003	0	C001088_pt_004	1
Q000003	0	C001088_pt_005	1
Q000003	0	C001088_pt_006	1
Q000004	0	C001088_pt_000	1
Q000004	0	C001088_pt_001	1
Q000004	0	C001088_pt_002	1
Q000004	0	C001088_pt_003	1
Q000004	0	C001088_pt_004	1
Q000004	0	C001088_pt_005	1
Q000004	0	C001088_pt_006	1
Q000005	0	C001088_pt_000	1
Q000005	0	C001088_pt_001	1
Q000005	0	C001088_pt_002	1
Q000005	0	C001088_pt_003	1
Q000005	0	C001088_pt_004	1
Q000005	0	C001088_pt_005	1
Q000005	0	C001088_pt_006	1
Q000006	0	C002969_pt_000	1
Q000006	0	C002969_pt_001	1
Q000006	0	C002969_pt_002	1
Q000006	0	C002969_pt_003	1
Q000007	0	C002038_pt_000	1
Q000008	0	C002969_pt_000	1
Q000008	0	C002969_pt_001	1
Q000008	0	C002969_pt_002	1
Q000008	0	C002969_pt_003	1
Q000009	0	C002969_pt_000	1
Q000009	0	C002969_pt_001	1
Q000009	0	C002969_pt_002	1
Q000009	0	C002969_pt_003	1
Q000010	0	C002969_pt_000	1
Q000010	0	C002969_pt_001	1
Q000010	0	C002969_pt_002	1
Q000010	0	C002969_pt_003	1
Q000011	0	C002969_pt_000	1
Q000011	0	C002969_pt_001	1
Q000011	0	C002969_pt_002	1
Q000011	0	C002969_pt_003	1
Q000012	0	C002969_pt_000	1
Q000012	0	C002969_pt_001	1
Q000012	0	C002969_pt_002	1
Q000012	0	C002969_pt_003	1
Q000013	0	C003005_pt_000	1
Q000013	0	C003005_pt_001	1
Q000013	0	C003005_pt_002	1
Q000013	0	C003005_pt_003	1
Q000013	0	C003005_pt_004	1
Q000013	0	C003005_pt_005	1
Q000013	0	C003005_pt_006	1
Q000014	0	C003407_pt_000	1
Q000014	0	C003407_pt_001	1
Q000014	0	C003407_pt_002	1
Q000014	0	C003407_pt_003	1
Q000014	0	C003407_pt_004	1
Q000014	0	C003407_pt_005	1
Q000015	0	C003407_pt_000	1
Q000015	0	C003407_pt_001	1
Q000015	0	C003407_pt_002	1
Q000015	0	C003407_pt_003	1
Q000015	0	C003407_pt_004	1
Q000015	0	C003407_pt_005	1
Q000016	0	C003407_pt_000	1
Q000016	0	C003407_pt_001	1
Q000016	0	C003407_pt_002	1
Q000016	0	C003407_pt_003	1
Q000016	0	C003407_pt_004	1
Q000016	0	C003407_pt_005	1
Q000017	0	C003407_pt_000	1
Q000017	0	C003407_pt_001	1
Q000017	0	C003407_pt_002	1
Q000017	0	C003407_pt_003	1
Q000017	0	C003407_pt_004	1
Q000017	0	C003407_pt_005	1
Q000018	0	C003022_pt_000	1
Q000018	0	C003022_pt_001	1
Q000018	0	C003022_pt_002	1
Q000018	0	C003022_pt_003	1
Q000018	0	C003022_pt_004	1
Q000018	0	C003022_pt_005	1
Q000018	0	C003022_pt_006	1
Q000019	0	C003022_pt_000	1
Q000019	0	C003022_pt_001	1
Q000019	0	C003022_pt_002	1
Q000019	0	C003022_pt_003	1
Q000019	0	C003022_pt_004	1
Q000019	0	C003022_pt_005	1
Q000019	0	C003022_pt_006	1
Q000020	0	C003022_pt_000	1
Q000020	0	C003022_pt_001	1
Q000020	0	C003022_pt_002	1
Q000020	0	C003022_pt_003	1
Q000020	0	C003022_pt_004	1
Q000020	0	C003022_pt_005	1
Q000020	0	C003022_pt_006	1
Q000021	0	C003022_pt_000	1
Q000021	0	C003022_pt_001	1
Q000021	0	C003022_pt_002	1
Q000021	0	C003022_pt_003	1
Q000021	0	C003022_pt_004	1
Q000021	0	C003022_pt_005	1
Q000021	0	C003022_pt_006	1
Q000022	0	C003022_pt_000	1
Q000022	0	C003022_pt_001	1
Q000022	0	C003022_pt_002	1
Q000022	0	C003022_pt_003	1
Q000022	0	C003022_pt_004	1
Q000022	0	C003022_pt_005	1
Q000022	0	C003022_pt_006	1
Q000023	0	C003022_pt_000	1
Q000023	0	C003022_pt_001	1
Q000023	0	C003022_pt_002	1
Q000023	0	C003022_pt_003	1
Q000023	0	C003022_pt_004	1
Q000023	0	C003022_pt_005	1
Q000023	0	C003022_pt_006	1
Q000024	0	C003022_pt_000	1
Q000024	0	C003022_pt_001	1
Q000024	0	C003022_pt_002	1
Q000024	0	C003022_pt_003	1
Q000024	0	C003022_pt_004	1
Q000024	0	C003022_pt_005	1
Q000024	0	C003022_pt_006	1
Q000025	0	C003022_pt_000	1
Q000025	0	C003022_pt_001	1
Q000025	0	C003022_pt_002	1
Q000025	0	C003022_pt_003	1
Q000025	0	C003022_pt_004	1
Q000025	0	C003022_pt_005	1
Q000025	0	C003022_pt_006	1
Q000026	0	C003022_pt_000	1
Q000026	0	C003022_pt_001	1
Q000026	0	C003022_pt_002	1
Q000026	0	C003022_pt_003	1
Q000026	0	C003022_pt_004	1
Q000026	0	C003022_pt_005	1
Q000026	0	C003022_pt_006	1
Q000027	0	C003022_pt_000	1
Q000027	0	C003022_pt_001	1
Q000027	0	C003022_pt_002	1
Q000027	0	C003022_pt_003	1
Q000027	0	C003022_pt_004	1
Q000027	0	C003022_pt_005	1
Q000027	0	C003022_pt_006	1
Q000028	0	C003022_pt_000	1
Q000028	0	C003022_pt_001	1
Q000028	0	C003022_pt_002	1
Q000028	0	C003022_pt_003	1
Q000028	0	C003022_pt_004	1
Q000028	0	C003022_pt_005	1
Q000028	0	C003022_pt_006	1
Q000029	0	C003022_pt_000	1
Q000029	0	C003022_pt_001	1
Q000029	0	C003022_pt_002	1
Q000029	0	C003022_pt_003	1
Q000029	0	C003022_pt_004	1
Q000029	0	C003022_pt_005	1
Q000029	0	C003022_pt_006	1
Q000030	0	C003022_pt_000	1
Q000030	0	C003022_pt_001	1
Q000030	0	C003022_pt_002	1
Q000030	0	C003022_pt_003	1
Q000030	0	C003022_pt_004	1
Q000030	0	C003022_pt_005	1
Q000030	0	C003022_pt_006	1
Q000031	0	C003022_pt_000	1
Q000031	0	C003022_pt_001	1
Q000031	0	C003022_pt_002	1
Q000031	0	C003022_pt_003	1
Q000031	0	C003022_pt_004	1
Q000031	0	C003022_pt_005	1
Q000031	0	C003022_pt_006	1
Q000032	0	C003022_pt_000	1
Q000032	0	C003022_pt_001	1
Q000032	0	C003022_pt_002	1
Q000032	0	C003022_pt_003	1
Q000032	0	C003022_pt_004	1
Q000032	0	C003022_pt_005	1
Q000032	0	C003022_pt_006	1
Q000033	0	C003022_pt_000	1
Q000033	0	C003022_pt_001	1
Q000033	0	C003022_pt_002	1
Q000033	0	C003022_pt_003	1
Q000033	0	C003022_pt_004	1
Q000033	0	C003022_pt_005	1
Q000033	0	C003022_pt_006	1
Q000034	0	C003022_pt_000	1
Q000034	0	C003022_pt_001	1
Q000034	0	C003022_pt_002	1
Q000034	0	C003022_pt_003	1
Q000034	0	C003022_pt_004	1
Q000034	0	C003022_pt_005	1
Q000034	0	C003022_pt_006	1
Q000035	0	C001272_pt_000	1
Q000036	0	C001637_pt_000	1
Q000036	0	C001637_pt_001	1
Q000036	0	C001637_pt_002	1
Q000036	0	C001637_pt_003	1
Q000036	0	C001637_pt_004	1
Q000036	0	C001637_pt_005	1
Q000036	0	C001637_pt_006	1
Q000036	0	C001637_pt_007	1
Q000036	0	C001637_pt_008	1
Q000036	0	C001637_pt_009	1
Q000036	0	C001637_pt_010	1
Q000036	0	C001637_pt_011	1
Q000036	0	C001637_pt_012	1
Q000036	0	C001637_pt_013	1
Q000036	0	C001637_pt_014	1
Q000036	0	C001637_pt_015	1
Q000037	0	C002862_pt_000	1
Q000037	0	C002862_pt_001	1
Q000037	0	C002862_pt_002	1
Q000037	0	C002862_pt_003	1
Q000038	0	C001502_pt_000	1
Q000038	0	C001502_pt_001	1
Q000038	0	C001502_pt_002	1
Q000038	0	C001502_pt_003	1
Q000038	0	C001502_pt_004	1
Q000039	0	C001502_pt_000	1
Q000039	0	C001502_pt_001	1
Q000039	0	C001502_pt_002	1
Q000039	0	C001502_pt_003	1
Q000039	0	C001502_pt_004	1
Q000040	0	C001272_pt_000	1
Q000041	0	C001637_pt_000	1
Q000041	0	C001637_pt_001	1
Q000041	0	C001637_pt_002	1
Q000041	0	C001637_pt_003	1
Q000041	0	C001637_pt_004	1
Q000041	0	C001637_pt_005	1
Q000041	0	C001637_pt_006	1
Q000041	0	C001637_pt_007	1
Q000041	0	C001637_pt_008	1
Q000041	0	C001637_pt_009	1
Q000041	0	C001637_pt_010	1
Q000041	0	C001637_pt_011	1
Q000041	0	C001637_pt_012	1
Q000041	0	C001637_pt_013	1
Q000041	0	C001637_pt_014	1
Q000041	0	C001637_pt_015	1
Q000042	0	C001637_pt_000	1
Q000042	0	C001637_pt_001	1
Q000042	0	C001637_pt_002	1
Q000042	0	C001637_pt_003	1
Q000042	0	C001637_pt_004	1
Q000042	0	C001637_pt_005	1
Q000042	0	C001637_pt_006	1
Q000042	0	C001637_pt_007	1
Q000042	0	C001637_pt_008	1
Q000042	0	C001637_pt_009	1
Q000042	0	C001637_pt_010	1
Q000042	0	C001637_pt_011	1
Q000042	0	C001637_pt_012	1
Q000042	0	C001637_pt_013	1
Q000042	0	C001637_pt_014	1
Q000042	0	C001637_pt_015	1
Q000043	0	C001637_pt_000	1
Q000043	0	C001637_pt_001	1
Q000043	0	C001637_pt_002	1
Q000043	0	C001637_pt_003	1
Q000043	0	C001637_pt_004	1
Q000043	0	C001637_pt_005	1
Q000043	0	C001637_pt_006	1
Q000043	0	C001637_pt_007	1
Q000043	0	C001637_pt_008	1
Q000043	0	C001637_pt_009	1
Q000043	0	C001637_pt_010	1
Q000043	0	C001637_pt_011	1
Q000043	0	C001637_pt_012	1
Q000043	0	C001637_pt_013	1
Q000043	0	C001637_pt_014	1
Q000043	0	C001637_pt_015	1
Q000044	0	C001908_pt_000	1
Q000044	0	C001908_pt_001	1
Q000044	0	C001908_pt_002	1
Q000044	0	C001908_pt_003	1
Q000044	0	C001908_pt_004	1
Q000044	0	C001908_pt_005	1
Q000044	0	C001908_pt_006	1
Q000044	0	C001908_pt_007	1
Q000044	0	C001908_pt_008	1
Q000045	0	C001216_pt_000	1
Q000045	0	C001216_pt_001	1
Q000045	0	C001216_pt_002	1
Q000045	0	C001216_pt_003	1
Q000045	0	C001216_pt_004	1
Q000046	0	C003447_pt_000	1
Q000046	0	C003447_pt_001	1
Q000046	0	C003447_pt_002	1
Q000046	0	C003447_pt_003	1
Q000046	0	C003447_pt_004	1
Q000046	0	C003447_pt_005	1
Q000047	0	C001828_pt_000	1
Q000047	0	C001828_pt_001	1
Q000047	0	C001828_pt_002	1
Q000047	0	C001828_pt_003	1
Q000047	0	C001828_pt_004	1
Q000047	0	C001828_pt_005	1
Q000047	0	C001828_pt_006	1
Q000048	0	C002598_pt_000	1
Q000048	0	C002598_pt_001	1
Q000048	0	C002598_pt_002	1
Q000048	0	C002598_pt_003	1
Q000048	0	C002598_pt_004	1
Q000048	0	C002598_pt_005	1
Q000048	0	C002598_pt_006	1
Q000049	0	C000796_pt_000	1
Q000049	0	C000796_pt_001	1
Q000049	0	C000796_pt_002	1
Q000049	0	C000796_pt_003	1
Q000049	0	C000796_pt_004	1
Q000049	0	C000796_pt_005	1
Q000049	0	C000796_pt_006	1
Q000050	0	C001558_pt_000	1
Q000050	0	C001558_pt_001	1
Q000050	0	C001558_pt_002	1
Q000050	0	C001558_pt_003	1
Q000050	0	C001558_pt_004	1
Q000051	0	C001911_pt_000	1
Q000051	0	C001911_pt_001	1
Q000051	0	C001911_pt_002	1
Q000051	0	C001911_pt_003	1
Q000051	0	C001911_pt_004	1
Q000051	0	C001911_pt_005	1
Q000052	0	C002009_pt_000	1
Q000052	0	C002009_pt_001	1
Q000052	0	C002009_pt_002	1
Q000053	0	C003386_pt_000	1
Q000053	0	C003386_pt_001	1
Q000053	0	C003386_pt_002	1
Q000053	0	C003386_pt_003	1
Q000053	0	C003386_pt_004	1
Q000053	0	C003386_pt_005	1
Q000054	0	C001688_pt_000	1
Q000054	0	C001688_pt_001	1
Q000054	0	C001688_pt_002	1
Q000054	0	C001688_pt_003	1
Q000054	0	C001688_pt_004	1
Q000055	0	C002069_pt_000	1
Q000055	0	C002069_pt_001	1
Q000055	0	C002069_pt_002	1
Q000055	0	C002069_pt_003	1
Q000056	0	C002143_pt_000	1
Q000056	0	C002143_pt_001	1
Q000056	0	C002143_pt_002	1
Q000056	0	C002143_pt_003	1
Q000056	0	C002143_pt_004	1
Q000056	0	C002143_pt_005	1
Q000056	0	C002143_pt_006	1
Q000056	0	C002143_pt_007	1
Q000056	0	C002143_pt_008	1
Q000056	0	C002143_pt_009	1
Q000056	0	C002143_pt_010	1
Q000056	0	C002143_pt_011	1
Q000056	0	C002143_pt_012	1
Q000057	0	C001668_pt_000	1
Q000057	0	C001668_pt_001	1
Q000057	0	C001668_pt_002	1
Q000057	0	C001668_pt_003	1
Q000057	0	C001668_pt_004	1
Q000058	0	C000970_pt_000	1
Q000058	0	C000970_pt_001	1
Q000058	0	C000970_pt_002	1
Q000059	0	C000788_pt_000	1
Q000059	0	C000788_pt_001	1
Q000059	0	C000788_pt_002	1
Q000059	0	C000788_pt_003	1
Q000059	0	C000788_pt_004	1
Q000060	0	C002964_pt_000	1
Q000060	0	C002964_pt_001	1
Q000060	0	C002964_pt_002	1
Q000060	0	C002964_pt_003	1
Q000060	0	C002964_pt_004	1
Q000061	0	C002615_pt_000	1
Q000061	0	C002615_pt_001	1
Q000061	0	C002615_pt_002	1
Q000062	0	C001518_pt_000	1
Q000062	0	C001518_pt_001	1
Q000062	0	C001518_pt_002	1
Q000062	0	C001518_pt_003	1
Q000062	0	C001518_pt_004	1
Q000063	0	C001985_pt_000	1
Q000063	0	C001985_pt_001	1
Q000063	0	C001985_pt_002	1
Q000064	0	C000710_pt_000	1
Q000064	0	C000710_pt_001	1
Q000064	0	C000710_pt_002	1
Q000064	0	C000710_pt_003	1
Q000064	0	C000710_pt_004	1
Q000064	0	C000710_pt_005	1
Q000064	0	C000710_pt_006	1
Q000064	0	C000710_pt_007	1
Q000064	0	C000710_pt_008	1
Q000064	0	C000710_pt_009	1
Q000064	0	C000710_pt_010	1
Q000065	0	C003376_pt_000	1
Q000065	0	C003376_pt_001	1
Q000065	0	C003376_pt_002	1
Q000065	0	C003376_pt_003	1
Q000065	0	C003376_pt_004	1
Q000065	0	C003376_pt_005	1
Q000065	0	C003376_pt_006	1
Q000065	0	C003376_pt_007	1
Q000065	0	C003376_pt_008	1
Q000065	0	C003376_pt_009	1
Q000065	0	C003376_pt_010	1
Q000065	0	C003376_pt_011	1
Q000065	0	C003376_pt_012	1
Q000065	0	C003376_pt_013	1
Q000065	0	C003376_pt_014	1
Q000065	0	C003376_pt_015	1
Q000065	0	C003376_pt_016	1
Q000065	0	C003376_pt_017	1
Q000065	0	C003376_pt_018	1
Q000065	0	C003376_pt_019	1
Q000065	0	C003376_pt_020	1
Q000065	0	C003376_pt_021	1
Q000065	0	C003376_pt_022	1
Q000065	0	C003376_pt_023	1
Q000066	0	C001645_pt_000	1
Q000066	0	C001645_pt_001	1
Q000066	0	C001645_pt_002	1
Q000066	0	C001645_pt_003	1
Q000066	0	C001645_pt_004	1
Q000066	0	C001645_pt_005	1
Q000066	0	C001645_pt_006	1
Q000066	0	C001645_pt_007	1
Q000067	0	C001543_pt_000	1
Q000067	0	C001543_pt_001	1
Q000067	0	C001543_pt_002	1
Q000067	0	C001543_pt_003	1
Q000067	0	C001543_pt_004	1
Q000068	0	C001335_pt_000	1
Q000068	0	C001335_pt_001	1
Q000068	0	C001335_pt_002	1
Q000069	0	C001131_pt_000	1
Q000069	0	C001131_pt_001	1
Q000069	0	C001131_pt_002	1
Q000070	0	C003150_pt_000	1
Q000070	0	C003150_pt_001	1
Q000070	0	C003150_pt_002	1
Q000070	0	C003150_pt_003	1
Q000070	0	C003150_pt_004	1
Q000070	0	C003150_pt_005	1
Q000070	0	C003150_pt_006	1
Q000070	0	C003150_pt_007	1
Q000070	0	C003150_pt_008	1
Q000071	0	C002654_pt_000	1
Q000071	0	C002654_pt_001	1
Q000071	0	C002654_pt_002	1
Q000072	0	C001665_pt_000	1
Q000072	0	C001665_pt_001	1
Q000072	0	C001665_pt_002	1
Q000073	0	C003354_pt_000	1
Q000073	0	C003354_pt_001	1
Q000073	0	C003354_pt_002	1
Q000074	0	C002853_pt_000	1
Q000074	0	C002853_pt_001	1
Q000074	0	C002853_pt_002	1
Q000075	0	C001541_pt_000	1
Q000075	0	C001541_pt_001	1
Q000075	0	C001541_pt_002	1
Q000076	0	C000663_pt_000	1
Q000076	0	C000663_pt_001	1
Q000076	0	C000663_pt_002	1
Q000076	0	C000663_pt_003	1
Q000076	0	C000663_pt_004	1
Q000077	0	C002303_pt_000	1
Q000077	0	C002303_pt_001	1
Q000077	0	C002303_pt_002	1
Q000077	0	C002303_pt_003	1
Q000077	0	C002303_pt_004	1
Q000077	0	C002303_pt_005	1
Q000077	0	C002303_pt_006	1
Q000077	0	C002303_pt_007	1
Q000077	0	C002303_pt_008	1
Q000078	0	C001600_pt_000	1
Q000078	0	C001600_pt_001	1
Q000078	0	C001600_pt_002	1
Q000078	0	C001600_pt_003	1
Q000078	0	C001600_pt_004	1
Q000078	0	C001600_pt_005	1
Q000078	0	C001600_pt_006	1
Q000079	0	C001977_pt_000	1
Q000079	0	C001977_pt_001	1
Q000079	0	C001977_pt_002	1
Q000079	0	C001977_pt_003	1
Q000079	0	C001977_pt_004	1
Q000080	0	C001977_pt_000	1
Q000080	0	C001977_pt_001	1
Q000080	0	C001977_pt_002	1
Q000080	0	C001977_pt_003	1
Q000080	0	C001977_pt_004	1
Q000081	0	C002481_pt_000	1
Q000081	0	C002481_pt_001	1
Q000081	0	C002481_pt_002	1
Q000081	0	C002481_pt_003	1
Q000081	0	C002481_pt_004	1
Q000081	0	C002481_pt_005	1
Q000081	0	C002481_pt_006	1
Q000081	0	C002481_pt_007	1
Q000081	0	C002481_pt_008	1
Q000081	0	C002481_pt_009	1
Q000081	0	C002481_pt_010	1
Q000081	0	C002481_pt_011	1
Q000081	0	C002481_pt_012	1
Q000081	0	C002481_pt_013	1
Q000081	0	C002481_pt_014	1
Q000081	0	C002481_pt_015	1
Q000081	0	C002481_pt_016	1
Q000081	0	C002481_pt_017	1
Q000081	0	C002481_pt_018	1
Q000081	0	C002481_pt_019	1
Q000081	0	C002481_pt_020	1
Q000081	0	C002481_pt_021	1
Q000081	0	C002481_pt_022	1
Q000081	0	C002481_pt_023	1
Q000081	0	C002481_pt_024	1
Q000081	0	C002481_pt_025	1
Q000081	0	C002481_pt_026	1
Q000081	0	C002481_pt_027	1
Q000081	0	C002481_pt_028	1
Q000081	0	C002481_pt_029	1
Q000081	0	C002481_pt_030	1
Q000081	0	C002481_pt_031	1
Q000081	0	C002481_pt_032	1
Q000082	0	C002481_pt_000	1
Q000082	0	C002481_pt_001	1
Q000082	0	C002481_pt_002	1
Q000082	0	C002481_pt_003	1
Q000082	0	C002481_pt_004	1
Q000082	0	C002481_pt_005	1
Q000082	0	C002481_pt_006	1
Q000082	0	C002481_pt_007	1
Q000082	0	C002481_pt_008	1
Q000082	0	C002481_pt_009	1
Q000082	0	C002481_pt_010	1
Q000082	0	C002481_pt_011	1
Q000082	0	C002481_pt_012	1
Q000082	0	C002481_pt_013	1
Q000082	0	C002481_pt_014	1
Q000082	0	C002481_pt_015	1
Q000082	0	C002481_pt_016	1
Q000082	0	C002481_pt_017	1
Q000082	0	C002481_pt_018	1
Q000082	0	C002481_pt_019	1
Q000082	0	C002481_pt_020	1
Q000082	0	C002481_pt_021	1
Q000082	0	C002481_pt_022	1
Q000082	0	C002481_pt_023	1
Q000082	0	C002481_pt_024	1
Q000082	0	C002481_pt_025	1
Q000082	0	C002481_pt_026	1
Q000082	0	C002481_pt_027	1
Q000082	0	C002481_pt_028	1
Q000082	0	C002481_pt_029	1
Q000082	0	C002481_pt_030	1
Q000082	0	C002481_pt_031	1
Q000082	0	C002481_pt_032	1
Q000083	0	C002481_pt_000	1
Q000083	0	C002481_pt_001	1
Q000083	0	C002481_pt_002	1
Q000083	0	C002481_pt_003	1
Q000083	0	C002481_pt_004	1
Q000083	0	C002481_pt_005	1
Q000083	0	C002481_pt_006	1
Q000083	0	C002481_pt_007	1
Q000083	0	C002481_pt_008	1
Q000083	0	C002481_pt_009	1
Q000083	0	C002481_pt_010	1
Q000083	0	C002481_pt_011	1
Q000083	0	C002481_pt_012	1
Q000083	0	C002481_pt_013	1
Q000083	0	C002481_pt_014	1
Q000083	0	C002481_pt_015	1
Q000083	0	C002481_pt_016	1
Q000083	0	C002481_pt_017	1
Q000083	0	C002481_pt_018	1
Q000083	0	C002481_pt_019	1
Q000083	0	C002481_pt_020	1
Q000083	0	C002481_pt_021	1
Q000083	0	C002481_pt_022	1
Q000083	0	C002481_pt_023	1
Q000083	0	C002481_pt_024	1
Q000083	0	C002481_pt_025	1
Q000083	0	C002481_pt_026	1
Q000083	0	C002481_pt_027	1
Q000083	0	C002481_pt_028	1
Q000083	0	C002481_pt_029	1
Q000083	0	C002481_pt_030	1
Q000083	0	C002481_pt_031	1
Q000083	0	C002481_pt_032	1
Q000084	0	C002315_pt_000	1
Q000084	0	C002315_pt_001	1
Q000084	0	C002315_pt_002	1
Q000084	0	C002315_pt_003	1
Q000084	0	C002315_pt_004	1
Q000085	0	C000923_pt_000	1
Q000085	0	C000923_pt_001	1
Q000085	0	C000923_pt_002	1
Q000085	0	C000923_pt_003	1
Q000085	0	C000923_pt_004	1
Q000085	0	C000923_pt_005	1
Q000085	0	C000923_pt_006	1
Q000085	0	C000923_pt_007	1
Q000085	0	C000923_pt_008	1
Q000085	0	C000923_pt_009	1
Q000085	0	C000923_pt_010	1
Q000085	0	C000923_pt_011	1
Q000085	0	C000923_pt_012	1
Q000086	0	C000923_pt_000	1
Q000086	0	C000923_pt_001	1
Q000086	0	C000923_pt_002	1
Q000086	0	C000923_pt_003	1
Q000086	0	C000923_pt_004	1
Q000086	0	C000923_pt_005	1
Q000086	0	C000923_pt_006	1
Q000086	0	C000923_pt_007	1
Q000086	0	C000923_pt_008	1
Q000086	0	C000923_pt_009	1
Q000086	0	C000923_pt_010	1
Q000086	0	C000923_pt_011	1
Q000086	0	C000923_pt_012	1
Q000087	0	C000923_pt_000	1
Q000087	0	C000923_pt_001	1
Q000087	0	C000923_pt_002	1
Q000087	0	C000923_pt_003	1
Q000087	0	C000923_pt_004	1
Q000087	0	C000923_pt_005	1
Q000087	0	C000923_pt_006	1
Q000087	0	C000923_pt_007	1
Q000087	0	C000923_pt_008	1
Q000087	0	C000923_pt_009	1
Q000087	0	C000923_pt_010	1
Q000087	0	C000923_pt_011	1
Q000087	0	C000923_pt_012	1
Q000088	0	C000923_pt_000	1
Q000088	0	C000923_pt_001	1
Q000088	0	C000923_pt_002	1
Q000088	0	C000923_pt_003	1
Q000088	0	C000923_pt_004	1
Q000088	0	C000923_pt_005	1
Q000088	0	C000923_pt_006	1
Q000088	0	C000923_pt_007	1
Q000088	0	C000923_pt_008	1
Q000088	0	C000923_pt_009	1
Q000088	0	C000923_pt_010	1
Q000088	0	C000923_pt_011	1
Q000088	0	C000923_pt_012	1
Q000089	0	C000923_pt_000	1
Q000089	0	C000923_pt_001	1
Q000089	0	C000923_pt_002	1
Q000089	0	C000923_pt_003	1
Q000089	0	C000923_pt_004	1
Q000089	0	C000923_pt_005	1
Q000089	0	C000923_pt_006	1
Q000089	0	C000923_pt_007	1
Q000089	0	C000923_pt_008	1
Q000089	0	C000923_pt_009	1
Q000089	0	C000923_pt_010	1
Q000089	0	C000923_pt_011	1
Q000089	0	C000923_pt_012	1
Q000090	0	C000923_pt_000	1
Q000090	0	C000923_pt_001	1
Q000090	0	C000923_pt_002	1
Q000090	0	C000923_pt_003	1
Q000090	0	C000923_pt_004	1
Q000090	0	C000923_pt_005	1
Q000090	0	C000923_pt_006	1
Q000090	0	C000923_pt_007	1
Q000090	0	C000923_pt_008	1
Q000090	0	C000923_pt_009	1
Q000090	0	C000923_pt_010	1
Q000090	0	C000923_pt_011	1
Q000090	0	C000923_pt_012	1
Q000091	0	C001173_pt_000	1
Q000091	0	C001173_pt_001	1
Q000091	0	C001173_pt_002	1
Q000091	0	C001173_pt_003	1
Q000091	0	C001173_pt_004	1
Q000091	0	C001173_pt_005	1
Q000091	0	C001173_pt_006	1
Q000092	0	C001787_pt_000	1
Q000092	0	C001787_pt_001	1
Q000093	0	C002922_pt_000	1
Q000093	0	C002922_pt_001	1
Q000093	0	C002922_pt_002	1
Q000093	0	C002922_pt_003	1
Q000093	0	C002922_pt_004	1
Q000093	0	C002922_pt_005	1
Q000093	0	C002922_pt_006	1
Q000094	0	C000100_pt_000	1
Q000095	0	C000102_pt_000	1
Q000096	0	C003284_pt_000	1
Q000096	0	C003284_pt_001	1
Q000096	0	C003284_pt_002	1
Q000096	0	C003284_pt_003	1
Q000097	0	C002579_pt_000	1
Q000097	0	C002579_pt_001	1
Q000097	0	C002579_pt_002	1
Q000097	0	C002579_pt_003	1
Q000097	0	C002579_pt_004	1
Q000097	0	C002579_pt_005	1
Q000097	0	C002579_pt_006	1
Q000098	0	C002106_pt_000	1
Q000098	0	C002106_pt_001	1
Q000098	0	C002106_pt_002	1
Q000099	0	C000628_pt_000	1
Q000099	0	C000628_pt_001	1
Q000099	0	C000628_pt_002	1
Q000099	0	C000628_pt_003	1
Q000099	0	C000628_pt_004	1
Q000099	0	C000628_pt_005	1
Q000099	0	C000628_pt_006	1
Q000099	0	C000628_pt_007	1
Q000099	0	C000628_pt_008	1
Q000099	0	C000628_pt_009	1
Q000099	0	C000628_pt_010	1
Q000099	0	C000628_pt_011	1
Q000099	0	C000628_pt_012	1
Q000100	0	C000108_pt_000	1
Q000101	0	C002951_pt_000	1
Q000101	0	C002951_pt_001	1
Q000102	0	C002151_pt_000	1
Q000102	0	C002151_pt_001	1
Q000103	0	C000110_pt_000	1
Q000104	0	C001242_pt_000	1
Q000104	0	C001242_pt_001	1
Q000104	0	C001242_pt_002	1
Q000105	0	C001873_pt_000	1
Q000105	0	C001873_pt_001	1
Q000105	0	C001873_pt_002	1
Q000105	0	C001873_pt_003	1
Q000105	0	C001873_pt_004	1
Q000106	0	C002179_pt_000	1
Q000106	0	C002179_pt_001	1
Q000106	0	C002179_pt_002	1
Q000107	0	C000675_pt_000	1
Q000107	0	C000675_pt_001	1
Q000107	0	C000675_pt_002	1
Q000108	0	C001644_pt_000	1
Q000108	0	C001644_pt_001	1
Q000108	0	C001644_pt_002	1
Q000109	0	C000123_pt_000	1
Q000110	0	C002423_pt_000	1
Q000110	0	C002423_pt_001	1
Q000110	0	C002423_pt_002	1
Q000110	0	C002423_pt_003	1
Q000110	0	C002423_pt_004	1
Q000111	0	C003402_pt_000	1
Q000111	0	C003402_pt_001	1
Q000111	0	C003402_pt_002	1
Q000111	0	C003402_pt_003	1
Q000111	0	C003402_pt_004	1
Q000111	0	C003402_pt_005	1
Q000111	0	C003402_pt_006	1
Q000111	0	C003402_pt_007	1
Q000111	0	C003402_pt_008	1
Q000111	0	C003402_pt_009	1
Q000111	0	C003402_pt_010	1
Q000111	0	C003402_pt_011	1
Q000111	0	C003402_pt_012	1
Q000112	0	C000127_pt_000	1
Q000113	0	C002504_pt_000	1
Q000113	0	C002504_pt_001	1
Q000113	0	C002504_pt_002	1
Q000113	0	C002504_pt_003	1
Q000113	0	C002504_pt_004	1
Q000113	0	C002504_pt_005	1
Q000113	0	C002504_pt_006	1
Q000113	0	C002504_pt_007	1
Q000113	0	C002504_pt_008	1
Q000114	0	C001306_pt_000	1
Q000114	0	C001306_pt_001	1
Q000114	0	C001306_pt_002	1
Q000115	0	C002319_pt_000	1
Q000115	0	C002319_pt_001	1
Q000115	0	C002319_pt_002	1
Q000115	0	C002319_pt_003	1
Q000116	0	C001771_pt_000	1
Q000117	0	C002508_pt_000	1
Q000117	0	C002508_pt_001	1
Q000117	0	C002508_pt_002	1
Q000117	0	C002508_pt_003	1
Q000117	0	C002508_pt_004	1
Q000117	0	C002508_pt_005	1
Q000117	0	C002508_pt_006	1
Q000118	0	C002647_pt_000	1
Q000118	0	C002647_pt_001	1
Q000118	0	C002647_pt_002	1
Q000119	0	C002494_pt_000	1
Q000119	0	C002494_pt_001	1
Q000119	0	C002494_pt_002	1
Q000119	0	C002494_pt_003	1
Q000119	0	C002494_pt_004	1
Q000119	0	C002494_pt_005	1
Q000119	0	C002494_pt_006	1
Q000119	0	C002494_pt_007	1
Q000119	0	C002494_pt_008	1
Q000119	0	C002494_pt_009	1
Q000120	0	C002592_pt_000	1
Q000120	0	C002592_pt_001	1
Q000120	0	C002592_pt_002	1
Q000120	0	C002592_pt_003	1
Q000121	0	C003411_pt_000	1
Q000121	0	C003411_pt_001	1
Q000121	0	C003411_pt_002	1
Q000121	0	C003411_pt_003	1
Q000121	0	C003411_pt_004	1
Q000121	0	C003411_pt_005	1
Q000121	0	C003411_pt_006	1
Q000122	0	C002501_pt_000	1
Q000122	0	C002501_pt_001	1
Q000122	0	C002501_pt_002	1
Q000122	0	C002501_pt_003	1
Q000122	0	C002501_pt_004	1
Q000122	0	C002501_pt_005	1
Q000122	0	C002501_pt_006	1
Q000122	0	C002501_pt_007	1
Q000122	0	C002501_pt_008	1
Q000122	0	C002501_pt_009	1
Q000122	0	C002501_pt_010	1
Q000123	0	C002418_pt_000	1
Q000123	0	C002418_pt_001	1
Q000123	0	C002418_pt_002	1
Q000123	0	C002418_pt_003	1
Q000123	0	C002418_pt_004	1
Q000124	0	C002418_pt_000	1
Q000124	0	C002418_pt_001	1
Q000124	0	C002418_pt_002	1
Q000124	0	C002418_pt_003	1
Q000124	0	C002418_pt_004	1
Q000125	0	C003088_pt_000	1
Q000125	0	C003088_pt_001	1
Q000125	0	C003088_pt_002	1
Q000126	0	C003088_pt_000	1
Q000126	0	C003088_pt_001	1
Q000126	0	C003088_pt_002	1
Q000127	0	C003269_pt_000	1
Q000128	0	C002451_pt_000	1
Q000128	0	C002451_pt_001	1
Q000129	0	C000844_pt_000	1
Q000129	0	C000844_pt_001	1
Q000129	0	C000844_pt_002	1
Q000130	0	C002825_pt_000	1
Q000130	0	C002825_pt_001	1
Q000130	0	C002825_pt_002	1
Q000131	0	C001013_pt_000	1
Q000131	0	C001013_pt_001	1
Q000131	0	C001013_pt_002	1
Q000131	0	C001013_pt_003	1
Q000131	0	C001013_pt_004	1
Q000132	0	C002666_pt_000	1
Q000132	0	C002666_pt_001	1
Q000132	0	C002666_pt_002	1
Q000133	0	C002889_pt_000	1
Q000133	0	C002889_pt_001	1
Q000133	0	C002889_pt_002	1
Q000134	0	C000779_pt_000	1
Q000134	0	C000779_pt_001	1
Q000134	0	C000779_pt_002	1
Q000134	0	C000779_pt_003	1
Q000134	0	C000779_pt_004	1
Q000134	0	C000779_pt_005	1
Q000135	0	C001573_pt_000	1
Q000135	0	C001573_pt_001	1
Q000135	0	C001573_pt_002	1
Q000135	0	C001573_pt_003	1
Q000135	0	C001573_pt_004	1
Q000135	0	C001573_pt_005	1
Q000136	0	C001611_pt_000	1
Q000136	0	C001611_pt_001	1
Q000136	0	C001611_pt_002	1
Q000137	0	C003363_pt_000	1
Q000137	0	C003363_pt_001	1
Q000137	0	C003363_pt_002	1
Q000138	0	C002564_pt_000	1
Q000138	0	C002564_pt_001	1
Q000138	0	C002564_pt_002	1
Q000138	0	C002564_pt_003	1
Q000139	0	C000935_pt_000	1
Q000139	0	C000935_pt_001	1
Q000139	0	C000935_pt_002	1
Q000139	0	C000935_pt_003	1
Q000139	0	C000935_pt_004	1
Q000139	0	C000935_pt_005	1
Q000139	0	C000935_pt_006	1
Q000139	0	C000935_pt_007	1
Q000139	0	C000935_pt_008	1
Q000139	0	C000935_pt_009	1
Q000139	0	C000935_pt_010	1
Q000139	0	C000935_pt_011	1
Q000139	0	C000935_pt_012	1
Q000139	0	C000935_pt_013	1
Q000139	0	C000935_pt_014	1
Q000140	0	C002383_pt_000	1
Q000140	0	C002383_pt_001	1
Q000140	0	C002383_pt_002	1
Q000141	0	C001287_pt_000	1
Q000141	0	C001287_pt_001	1
Q000141	0	C001287_pt_002	1
Q000142	0	C003359_pt_000	1
Q000143	0	C002130_pt_000	1
Q000143	0	C002130_pt_001	1
Q000143	0	C002130_pt_002	1
Q000144	0	C003451_pt_000	1
Q000144	0	C003451_pt_001	1
Q000144	0	C003451_pt_002	1
Q000144	0	C003451_pt_003	1
Q000144	0	C003451_pt_004	1
Q000144	0	C003451_pt_005	1
Q000144	0	C003451_pt_006	1
Q000144	0	C003451_pt_007	1
Q000144	0	C003451_pt_008	1
Q000144	0	C003451_pt_009	1
Q000144	0	C003451_pt_010	1
Q000144	0	C003451_pt_011	1
Q000144	0	C003451_pt_012	1
Q000145	0	C001837_pt_000	1
Q000145	0	C001837_pt_001	1
Q000145	0	C001837_pt_002	1
Q000145	0	C001837_pt_003	1
Q000145	0	C001837_pt_004	1
Q000145	0	C001837_pt_005	1
Q000145	0	C001837_pt_006	1
Q000145	0	C001837_pt_007	1
Q000145	0	C001837_pt_008	1
Q000145	0	C001837_pt_009	1
Q000146	0	C000721_pt_000	1
Q000146	0	C000721_pt_001	1
Q000146	0	C000721_pt_002	1
Q000147	0	C000917_pt_000	1
Q000147	0	C000917_pt_001	1
Q000147	0	C000917_pt_002	1
Q000148	0	C000939_pt_000	1
Q000148	0	C000939_pt_001	1
Q000148	0	C000939_pt_002	1
Q000148	0	C000939_pt_003	1
Q000148	0	C000939_pt_004	1
Q000148	0	C000939_pt_005	1
Q000148	0	C000939_pt_006	1
Q000149	0	C002276_pt_000	1
Q000149	0	C002276_pt_001	1
Q000149	0	C002276_pt_002	1
Q000150	0	C001607_pt_000	1
Q000150	0	C001607_pt_001	1
Q000150	0	C001607_pt_002	1
Q000150	0	C001607_pt_003	1
Q000150	0	C001607_pt_004	1
Q000150	0	C001607_pt_005	1
Q000150	0	C001607_pt_006	1
Q000151	0	C001086_pt_000	1
Q000151	0	C001086_pt_001	1
Q000151	0	C001086_pt_002	1
Q000151	0	C001086_pt_003	1
Q000151	0	C001086_pt_004	1
Q000152	0	C000977_pt_000	1
Q000153	0	C002240_pt_000	1
Q000153	0	C002240_pt_001	1
Q000153	0	C002240_pt_002	1
Q000153	0	C002240_pt_003	1
Q000153	0	C002240_pt_004	1
Q000153	0	C002240_pt_005	1
Q000153	0	C002240_pt_006	1
Q000154	0	C000813_pt_000	1
Q000154	0	C000813_pt_001	1
Q000154	0	C000813_pt_002	1
Q000154	0	C000813_pt_003	1
Q000154	0	C000813_pt_004	1
Q000154	0	C000813_pt_005	1
Q000154	0	C000813_pt_006	1
Q000155	0	C001305_pt_000	1
Q000155	0	C001305_pt_001	1
Q000155	0	C001305_pt_002	1
Q000155	0	C001305_pt_003	1
Q000155	0	C001305_pt_004	1
Q000156	0	C002427_pt_000	1
Q000156	0	C002427_pt_001	1
Q000156	0	C002427_pt_002	1
Q000156	0	C002427_pt_003	1
Q000156	0	C002427_pt_004	1
Q000157	0	C002195_pt_000	1
Q000157	0	C002195_pt_001	1
Q000157	0	C002195_pt_002	1
Q000158	0	C002514_pt_000	1
Q000158	0	C002514_pt_001	1
Q000158	0	C002514_pt_002	1
Q000158	0	C002514_pt_003	1
Q000158	0	C002514_pt_004	1
Q000158	0	C002514_pt_005	1
Q000158	0	C002514_pt_006	1
Q000159	0	C001629_pt_000	1
Q000159	0	C001629_pt_001	1
Q000159	0	C001629_pt_002	1
Q000159	0	C001629_pt_003	1
Q000159	0	C001629_pt_004	1
Q000160	0	C000656_pt_000	1
Q000160	0	C000656_pt_001	1
Q000161	0	C001009_pt_000	1
Q000162	0	C002463_pt_000	1
Q000163	0	C002176_pt_000	1
Q000163	0	C002176_pt_001	1
Q000163	0	C002176_pt_002	1
Q000163	0	C002176_pt_003	1
Q000163	0	C002176_pt_004	1
Q000164	0	C002032_pt_000	1
Q000164	0	C002032_pt_001	1
Q000164	0	C002032_pt_002	1
Q000164	0	C002032_pt_003	1
Q000164	0	C002032_pt_004	1
Q000165	0	C001755_pt_000	1
Q000165	0	C001755_pt_001	1
Q000165	0	C001755_pt_002	1
Q000166	0	C002626_pt_000	1
Q000166	0	C002626_pt_001	1
Q000166	0	C002626_pt_002	1
Q000167	0	C000667_pt_000	1
Q000167	0	C000667_pt_001	1
Q000167	0	C000667_pt_002	1
Q000167	0	C000667_pt_003	1
Q000167	0	C000667_pt_004	1
Q000168	0	C000625_pt_000	1
Q000169	0	C002354_pt_000	1
Q000170	0	C000224_pt_000	1
Q000171	0	C002394_pt_000	1
Q000171	0	C002394_pt_001	1
Q000171	0	C002394_pt_002	1
Q000172	0	C000898_pt_000	1
Q000172	0	C000898_pt_001	1
Q000172	0	C000898_pt_002	1
Q000173	0	C002274_pt_000	1
Q000173	0	C002274_pt_001	1
Q000173	0	C002274_pt_002	1
Q000173	0	C002274_pt_003	1
Q000173	0	C002274_pt_004	1
Q000174	0	C002005_pt_000	1
Q000174	0	C002005_pt_001	1
Q000174	0	C002005_pt_002	1
Q000174	0	C002005_pt_003	1
Q000174	0	C002005_pt_004	1
Q000174	0	C002005_pt_005	1
Q000174	0	C002005_pt_006	1
Q000175	0	C000951_pt_000	1
Q000176	0	C001411_pt_000	1
Q000176	0	C001411_pt_001	1
Q000176	0	C001411_pt_002	1
Q000177	0	C002329_pt_000	1
Q000177	0	C002329_pt_001	1
Q000177	0	C002329_pt_002	1
Q000178	0	C002384_pt_000	1
Q000178	0	C002384_pt_001	1
Q000178	0	C002384_pt_002	1
Q000178	0	C002384_pt_003	1
Q000178	0	C002384_pt_004	1
Q000178	0	C002384_pt_005	1
Q000178	0	C002384_pt_006	1
Q000179	0	C001192_pt_000	1
Q000179	0	C001192_pt_001	1
Q000179	0	C001192_pt_002	1
Q000180	0	C001545_pt_000	1
Q000181	0	C003047_pt_000	1
Q000181	0	C003047_pt_001	1
Q000181	0	C003047_pt_002	1
Q000182	0	C000730_pt_000	1
Q000183	0	C000730_pt_000	1
Q000184	0	C000730_pt_000	1
Q000185	0	C001377_pt_000	1
Q000185	0	C001377_pt_001	1
Q000185	0	C001377_pt_002	1
Q000186	0	C001304_pt_000	1
Q000186	0	C001304_pt_001	1
Q000186	0	C001304_pt_002	1
Q000186	0	C001304_pt_003	1
Q000186	0	C001304_pt_004	1
Q000187	0	C000836_pt_000	1
Q000187	0	C000836_pt_001	1
Q000187	0	C000836_pt_002	1
Q000188	0	C001849_pt_000	1
Q000188	0	C001849_pt_001	1
Q000188	0	C001849_pt_002	1
Q000189	0	C000821_pt_000	1
Q000189	0	C000821_pt_001	1
Q000190	0	C002168_pt_000	1
Q000190	0	C002168_pt_001	1
Q000190	0	C002168_pt_002	1
Q000190	0	C002168_pt_003	1
Q000190	0	C002168_pt_004	1
Q000190	0	C002168_pt_005	1
Q000190	0	C002168_pt_006	1
Q000190	0	C002168_pt_007	1
Q000190	0	C002168_pt_008	1
Q000190	0	C002168_pt_009	1
Q000190	0	C002168_pt_010	1
Q000190	0	C002168_pt_011	1
Q000190	0	C002168_pt_012	1
Q000191	0	C001376_pt_000	1
Q000191	0	C001376_pt_001	1
Q000191	0	C001376_pt_002	1
Q000191	0	C001376_pt_003	1
Q000191	0	C001376_pt_004	1
Q000191	0	C001376_pt_005	1
Q000191	0	C001376_pt_006	1
Q000191	0	C001376_pt_007	1
Q000191	0	C001376_pt_008	1
Q000192	0	C001827_pt_000	1
Q000192	0	C001827_pt_001	1
Q000192	0	C001827_pt_002	1
Q000192	0	C001827_pt_003	1
Q000192	0	C001827_pt_004	1
Q000193	0	C003202_pt_000	1
Q000193	0	C003202_pt_001	1
Q000193	0	C003202_pt_002	1
Q000193	0	C003202_pt_003	1
Q000193	0	C003202_pt_004	1
Q000193	0	C003202_pt_005	1
Q000193	0	C003202_pt_006	1
Q000194	0	C002034_pt_000	1
Q000194	0	C002034_pt_001	1
Q000194	0	C002034_pt_002	1
Q000195	0	C003548_pt_000	1
Q000195	0	C003548_pt_001	1
Q000195	0	C003548_pt_002	1
Q000195	0	C003548_pt_003	1
Q000195	0	C003548_pt_004	1
Q000195	0	C003548_pt_005	1
Q000195	0	C003548_pt_006	1
Q000195	0	C003548_pt_007	1
Q000195	0	C003548_pt_008	1
Q000195	0	C003548_pt_009	1
Q000195	0	C003548_pt_010	1
Q000196	0	C003155_pt_000	1
Q000196	0	C003155_pt_001	1
Q000196	0	C003155_pt_002	1
Q000196	0	C003155_pt_003	1
Q000196	0	C003155_pt_004	1
Q000197	0	C001910_pt_000	1
Q000197	0	C001910_pt_001	1
Q000197	0	C001910_pt_002	1
Q000197	0	C001910_pt_003	1
Q000197	0	C001910_pt_004	1
Q000198	0	C001714_pt_000	1
Q000198	0	C001714_pt_001	1
Q000198	0	C001714_pt_002	1
Q000198	0	C001714_pt_003	1
Q000199	0	C001042_pt_000	1
Q000199	0	C001042_pt_001	1
Q000199	0	C001042_pt_002	1
Q000200	0	C001816_pt_000	1
Q000200	0	C001816_pt_001	1
Q000200	0	C001816_pt_002	1
Q000200	0	C001816_pt_003	1
Q000200	0	C001816_pt_004	1
Q000200	0	C001816_pt_005	1
Q000200	0	C001816_pt_006	1
Q000200	0	C001816_pt_007	1
Q000200	0	C001816_pt_008	1
Q000201	0	C001199_pt_000	1
Q000201	0	C001199_pt_001	1
Q000201	0	C001199_pt_002	1
Q000202	0	C002802_pt_000	1
Q000202	0	C002802_pt_001	1
Q000202	0	C002802_pt_002	1
Q000202	0	C002802_pt_003	1
Q000202	0	C002802_pt_004	1
Q000203	0	C001812_pt_000	1
Q000204	0	C001115_pt_000	1
Q000204	0	C001115_pt_001	1
Q000204	0	C001115_pt_002	1
Q000204	0	C001115_pt_003	1
Q000204	0	C001115_pt_004	1
Q000204	0	C001115_pt_005	1
Q000204	0	C001115_pt_006	1
Q000205	0	C002793_pt_000	1
Q000205	0	C002793_pt_001	1
Q000205	0	C002793_pt_002	1
Q000206	0	C000768_pt_000	1
Q000206	0	C000768_pt_001	1
Q000206	0	C000768_pt_002	1
Q000207	0	C002181_pt_000	1
Q000207	0	C002181_pt_001	1
Q000207	0	C002181_pt_002	1
Q000207	0	C002181_pt_003	1
Q000208	0	C000866_pt_000	1
Q000209	0	C003463_pt_000	1
Q000209	0	C003463_pt_001	1
Q000210	0	C002068_pt_000	1
Q000210	0	C002068_pt_001	1
Q000210	0	C002068_pt_002	1
Q000211	0	C002826_pt_000	1
Q000211	0	C002826_pt_001	1
Q000211	0	C002826_pt_002	1
Q000212	0	C001002_pt_000	1
Q000213	0	C002674_pt_000	1
Q000213	0	C002674_pt_001	1
Q000213	0	C002674_pt_002	1
Q000214	0	C003149_pt_000	1
Q000214	0	C003149_pt_001	1
Q000214	0	C003149_pt_002	1
Q000215	0	C000916_pt_000	1
Q000215	0	C000916_pt_001	1
Q000215	0	C000916_pt_002	1
Q000216	0	C003450_pt_000	1
Q000216	0	C003450_pt_001	1
Q000216	0	C003450_pt_002	1
Q000217	0	C001490_pt_000	1
Q000217	0	C001490_pt_001	1
Q000217	0	C001490_pt_002	1
Q000217	0	C001490_pt_003	1
Q000218	0	C001293_pt_000	1
Q000219	0	C002138_pt_000	1
Q000219	0	C002138_pt_001	1
Q000219	0	C002138_pt_002	1
Q000220	0	C003485_pt_000	1
Q000220	0	C003485_pt_001	1
Q000220	0	C003485_pt_002	1
Q000221	0	C000332_pt_000	1
Q000222	0	C002471_pt_000	1
Q000222	0	C002471_pt_001	1
Q000222	0	C002471_pt_002	1
Q000223	0	C003162_pt_000	1
Q000224	0	C001682_pt_000	1
Q000224	0	C001682_pt_001	1
Q000224	0	C001682_pt_002	1
Q000224	0	C001682_pt_003	1
Q000224	0	C001682_pt_004	1
Q000225	0	C000340_pt_000	1
Q000226	0	C000341_pt_000	1
Q000227	0	C002344_pt_000	1
Q000227	0	C002344_pt_001	1
Q000227	0	C002344_pt_002	1
Q000227	0	C002344_pt_003	1
Q000227	0	C002344_pt_004	1
Q000227	0	C002344_pt_005	1
Q000227	0	C002344_pt_006	1
Q000228	0	C003133_pt_000	1
Q000228	0	C003133_pt_001	1
Q000228	0	C003133_pt_002	1
Q000228	0	C003133_pt_003	1
Q000228	0	C003133_pt_004	1
Q000228	0	C003133_pt_005	1
Q000228	0	C003133_pt_006	1
Q000228	0	C003133_pt_007	1
Q000228	0	C003133_pt_008	1
Q000228	0	C003133_pt_009	1
Q000228	0	C003133_pt_010	1
Q000229	0	C001193_pt_000	1
Q000229	0	C001193_pt_001	1
Q000229	0	C001193_pt_002	1
Q000229	0	C001193_pt_003	1
Q000229	0	C001193_pt_004	1
Q000229	0	C001193_pt_005	1
Q000229	0	C001193_pt_006	1
Q000230	0	C002539_pt_000	1
Q000230	0	C002539_pt_001	1
Q000230	0	C002539_pt_002	1
Q000230	0	C002539_pt_003	1
Q000230	0	C002539_pt_004	1
Q000230	0	C002539_pt_005	1
Q000230	0	C002539_pt_006	1
Q000230	0	C002539_pt_007	1
Q000231	0	C001922_pt_000	1
Q000231	0	C001922_pt_001	1
Q000231	0	C001922_pt_002	1
Q000232	0	C000909_pt_000	1
Q000232	0	C000909_pt_001	1
Q000232	0	C000909_pt_002	1
Q000233	0	C001901_pt_000	1
Q000233	0	C001901_pt_001	1
Q000233	0	C001901_pt_002	1
Q000233	0	C001901_pt_003	1
Q000233	0	C001901_pt_004	1
Q000234	0	C003146_pt_000	1
Q000234	0	C003146_pt_001	1
Q000234	0	C003146_pt_002	1
Q000235	0	C000758_pt_000	1
Q000235	0	C000758_pt_001	1
Q000235	0	C000758_pt_002	1
Q000235	0	C000758_pt_003	1
Q000235	0	C000758_pt_004	1
Q000235	0	C000758_pt_005	1
Q000235	0	C000758_pt_006	1
Q000236	0	C002845_pt_000	1
Q000236	0	C002845_pt_001	1
Q000236	0	C002845_pt_002	1
Q000237	0	C003328_pt_000	1
Q000237	0	C003328_pt_001	1
Q000237	0	C003328_pt_002	1
Q000238	0	C002887_pt_000	1
Q000238	0	C002887_pt_001	1
Q000239	0	C002869_pt_000	1
Q000239	0	C002869_pt_001	1
Q000239	0	C002869_pt_002	1
Q000239	0	C002869_pt_003	1
Q000240	0	C001148_pt_000	1
Q000240	0	C001148_pt_001	1
Q000240	0	C001148_pt_002	1
Q000240	0	C001148_pt_003	1
Q000240	0	C001148_pt_004	1
Q000241	0	C002476_pt_000	1
Q000241	0	C002476_pt_001	1
Q000241	0	C002476_pt_002	1
Q000242	0	C002679_pt_000	1
Q000242	0	C002679_pt_001	1
Q000242	0	C002679_pt_002	1
Q000242	0	C002679_pt_003	1
Q000242	0	C002679_pt_004	1
Q000243	0	C000806_pt_000	1
Q000243	0	C000806_pt_001	1
Q000243	0	C000806_pt_002	1
Q000243	0	C000806_pt_003	1
Q000243	0	C000806_pt_004	1
Q000243	0	C000806_pt_005	1
Q000243	0	C000806_pt_006	1
Q000243	0	C000806_pt_007	1
Q000243	0	C000806_pt_008	1
Q000244	0	C001403_pt_000	1
Q000244	0	C001403_pt_001	1
Q000244	0	C001403_pt_002	1
Q000245	0	C001247_pt_000	1
Q000246	0	C000863_pt_000	1
Q000246	0	C000863_pt_001	1
Q000246	0	C000863_pt_002	1
Q000246	0	C000863_pt_003	1
Q000247	0	C002253_pt_000	1
Q000247	0	C002253_pt_001	1
Q000247	0	C002253_pt_002	1
Q000248	0	C001666_pt_000	1
Q000248	0	C001666_pt_001	1
Q000249	0	C001666_pt_000	1
Q000249	0	C001666_pt_001	1
Q000250	0	C001666_pt_000	1
Q000250	0	C001666_pt_001	1
Q000251	0	C001666_pt_000	1
Q000251	0	C001666_pt_001	1
Q000252	0	C002803_pt_000	1
Q000253	0	C001237_pt_000	1
Q000254	0	C001427_pt_000	1
Q000254	0	C001427_pt_001	1
Q000254	0	C001427_pt_002	1
Q000255	0	C003446_pt_000	1
Q000256	0	C002567_pt_000	1
Q000256	0	C002567_pt_001	1
Q000256	0	C002567_pt_002	1
Q000256	0	C002567_pt_003	1
Q000256	0	C002567_pt_004	1
Q000256	0	C002567_pt_005	1
Q000256	0	C002567_pt_006	1
Q000256	0	C002567_pt_007	1
Q000256	0	C002567_pt_008	1
Q000257	0	C002758_pt_000	1
Q000257	0	C002758_pt_001	1
Q000257	0	C002758_pt_002	1
Q000257	0	C002758_pt_003	1
Q000257	0	C002758_pt_004	1
Q000257	0	C002758_pt_005	1
Q000257	0	C002758_pt_006	1
Q000257	0	C002758_pt_007	1
Q000257	0	C002758_pt_008	1
Q000257	0	C002758_pt_009	1
Q000257	0	C002758_pt_010	1
Q000257	0	C002758_pt_011	1
Q000257	0	C002758_pt_012	1
Q000258	0	C003335_pt_000	1
Q000258	0	C003335_pt_001	1
Q000258	0	C003335_pt_002	1
Q000258	0	C003335_pt_003	1
Q000258	0	C003335_pt_004	1
Q000259	0	C003087_pt_000	1
Q000259	0	C003087_pt_001	1
Q000259	0	C003087_pt_002	1
Q000259	0	C003087_pt_003	1
Q000259	0	C003087_pt_004	1
Q000259	0	C003087_pt_005	1
Q000259	0	C003087_pt_006	1
Q000259	0	C003087_pt_007	1
Q000259	0	C003087_pt_008	1
Q000260	0	C000654_pt_000	1
Q000260	0	C000654_pt_001	1
Q000260	0	C000654_pt_002	1
Q000260	0	C000654_pt_003	1
Q000260	0	C000654_pt_004	1
Q000260	0	C000654_pt_005	1
Q000260	0	C000654_pt_006	1
Q000261	0	C003424_pt_000	1
Q000261	0	C003424_pt_001	1
Q000261	0	C003424_pt_002	1
Q000261	0	C003424_pt_003	1
Q000262	0	C003424_pt_000	1
Q000262	0	C003424_pt_001	1
Q000262	0	C003424_pt_002	1
Q000262	0	C003424_pt_003	1
Q000263	0	C003424_pt_000	1
Q000263	0	C003424_pt_001	1
Q000263	0	C003424_pt_002	1
Q000263	0	C003424_pt_003	1
Q000264	0	C001099_pt_000	1
Q000264	0	C001099_pt_001	1
Q000264	0	C001099_pt_002	1
Q000265	0	C001099_pt_000	1
Q000265	0	C001099_pt_001	1
Q000265	0	C001099_pt_002	1
Q000266	0	C001099_pt_000	1
Q000266	0	C001099_pt_001	1
Q000266	0	C001099_pt_002	1
Q000267	0	C001099_pt_000	1
Q000267	0	C001099_pt_001	1
Q000267	0	C001099_pt_002	1
Q000268	0	C002851_pt_000	1
Q000269	0	C002996_pt_000	1
Q000269	0	C002996_pt_001	1
Q000269	0	C002996_pt_002	1
Q000270	0	C001697_pt_000	1
Q000270	0	C001697_pt_001	1
Q000270	0	C001697_pt_002	1
Q000270	0	C001697_pt_003	1
Q000270	0	C001697_pt_004	1
Q000271	0	C000697_pt_000	1
Q000271	0	C000697_pt_001	1
Q000271	0	C000697_pt_002	1
Q000271	0	C000697_pt_003	1
Q000271	0	C000697_pt_004	1
Q000271	0	C000697_pt_005	1
Q000271	0	C000697_pt_006	1
Q000271	0	C000697_pt_007	1
Q000272	0	C002949_pt_000	1
Q000272	0	C002949_pt_001	1
Q000272	0	C002949_pt_002	1
Q000272	0	C002949_pt_003	1
Q000272	0	C002949_pt_004	1
Q000272	0	C002949_pt_005	1
Q000272	0	C002949_pt_006	1
Q000272	0	C002949_pt_007	1
Q000272	0	C002949_pt_008	1
Q000272	0	C002949_pt_009	1
Q000273	0	C003420_pt_000	1
Q000273	0	C003420_pt_001	1
Q000273	0	C003420_pt_002	1
Q000273	0	C003420_pt_003	1
Q000273	0	C003420_pt_004	1
Q000273	0	C003420_pt_005	1
Q000273	0	C003420_pt_006	1
Q000274	0	C002614_pt_000	1
Q000274	0	C002614_pt_001	1
Q000274	0	C002614_pt_002	1
Q000275	0	C001126_pt_000	1
Q000275	0	C001126_pt_001	1
Q000275	0	C001126_pt_002	1
Q000275	0	C001126_pt_003	1
Q000275	0	C001126_pt_004	1
Q000275	0	C001126_pt_005	1
Q000275	0	C001126_pt_006	1
Q000275	0	C001126_pt_007	1
Q000275	0	C001126_pt_008	1
Q000275	0	C001126_pt_009	1
Q000275	0	C001126_pt_010	1
Q000276	0	C000924_pt_000	1
Q000276	0	C000924_pt_001	1
Q000276	0	C000924_pt_002	1
Q000277	0	C002755_pt_000	1
Q000277	0	C002755_pt_001	1
Q000277	0	C002755_pt_002	1
Q000277	0	C002755_pt_003	1
Q000277	0	C002755_pt_004	1
Q000277	0	C002755_pt_005	1
Q000277	0	C002755_pt_006	1
Q000278	0	C000651_pt_000	1
Q000278	0	C000651_pt_001	1
Q000278	0	C000651_pt_002	1
Q000279	0	C003426_pt_000	1
Q000279	0	C003426_pt_001	1
Q000279	0	C003426_pt_002	1
Q000279	0	C003426_pt_003	1
Q000279	0	C003426_pt_004	1
Q000280	0	C002729_pt_000	1
Q000280	0	C002729_pt_001	1
Q000280	0	C002729_pt_002	1
Q000280	0	C002729_pt_003	1
Q000280	0	C002729_pt_004	1
Q000280	0	C002729_pt_005	1
Q000280	0	C002729_pt_006	1
Q000280	0	C002729_pt_007	1
Q000280	0	C002729_pt_008	1
Q000281	0	C003364_pt_000	1
Q000281	0	C003364_pt_001	1
Q000281	0	C003364_pt_002	1
Q000282	0	C002084_pt_000	1
Q000282	0	C002084_pt_001	1
Q000282	0	C002084_pt_002	1
Q000283	0	C000880_pt_000	1
Q000283	0	C000880_pt_001	1
Q000283	0	C000880_pt_002	1
Q000283	0	C000880_pt_003	1
Q000283	0	C000880_pt_004	1
Q000284	0	C002550_pt_000	1
Q000284	0	C002550_pt_001	1
Q000284	0	C002550_pt_002	1
Q000284	0	C002550_pt_003	1
Q000285	0	C003193_pt_000	1
Q000285	0	C003193_pt_001	1
Q000285	0	C003193_pt_002	1
Q000286	0	C002093_pt_000	1
Q000286	0	C002093_pt_001	1
Q000286	0	C002093_pt_002	1
Q000287	0	C001923_pt_000	1
Q000287	0	C001923_pt_001	1
Q000287	0	C001923_pt_002	1
Q000288	0	C001713_pt_000	1
Q000288	0	C001713_pt_001	1
Q000288	0	C001713_pt_002	1
Q000289	0	C002571_pt_000	1
Q000289	0	C002571_pt_001	1
Q000289	0	C002571_pt_002	1
Q000290	0	C003526_pt_000	1
Q000290	0	C003526_pt_001	1
Q000290	0	C003526_pt_002	1
Q000291	0	C001506_pt_000	1
Q000291	0	C001506_pt_001	1
Q000291	0	C001506_pt_002	1
Q000292	0	C002120_pt_000	1
Q000292	0	C002120_pt_001	1
Q000292	0	C002120_pt_002	1
Q000293	0	C000636_pt_000	1
Q000293	0	C000636_pt_001	1
Q000293	0	C000636_pt_002	1
Q000293	0	C000636_pt_003	1
Q000293	0	C000636_pt_004	1
Q000293	0	C000636_pt_005	1
Q000294	0	C001238_pt_000	1
Q000294	0	C001238_pt_001	1
Q000294	0	C001238_pt_002	1
Q000294	0	C001238_pt_003	1
Q000294	0	C001238_pt_004	1
Q000294	0	C001238_pt_005	1
Q000294	0	C001238_pt_006	1
Q000295	0	C002272_pt_000	1
Q000296	0	C000824_pt_000	1
Q000296	0	C000824_pt_001	1
Q000297	0	C002425_pt_000	1
Q000297	0	C002425_pt_001	1
Q000297	0	C002425_pt_002	1
Q000297	0	C002425_pt_003	1
Q000298	0	C000875_pt_000	1
Q000299	0	C002425_pt_000	1
Q000299	0	C002425_pt_001	1
Q000299	0	C002425_pt_002	1
Q000299	0	C002425_pt_003	1
Q000300	0	C001824_pt_000	1
Q000300	0	C001824_pt_001	1
Q000300	0	C001824_pt_002	1
Q000300	0	C001824_pt_003	1
Q000300	0	C001824_pt_004	1
Q000301	0	C001401_pt_000	1
Q000301	0	C001401_pt_001	1
Q000301	0	C001401_pt_002	1
Q000301	0	C001401_pt_003	1
Q000301	0	C001401_pt_004	1
Q000302	0	C001991_pt_000	1
Q000302	0	C001991_pt_001	1
Q000302	0	C001991_pt_002	1
Q000303	0	C002619_pt_000	1
Q000303	0	C002619_pt_001	1
Q000303	0	C002619_pt_002	1
Q000304	0	C001721_pt_000	1
Q000304	0	C001721_pt_001	1
Q000304	0	C001721_pt_002	1
Q000305	0	C001746_pt_000	1
Q000306	0	C000690_pt_000	1
Q000306	0	C000690_pt_001	1
Q000306	0	C000690_pt_002	1
Q000306	0	C000690_pt_003	1
Q000306	0	C000690_pt_004	1
Q000307	0	C001256_pt_000	1
Q000307	0	C001256_pt_001	1
Q000307	0	C001256_pt_002	1
Q000307	0	C001256_pt_003	1
Q000307	0	C001256_pt_004	1
Q000307	0	C001256_pt_005	1
Q000308	0	C000698_pt_000	1
Q000308	0	C000698_pt_001	1
Q000308	0	C000698_pt_002	1
Q000308	0	C000698_pt_003	1
Q000308	0	C000698_pt_004	1
Q000308	0	C000698_pt_005	1
Q000309	0	C002135_pt_000	1
Q000309	0	C002135_pt_001	1
Q000309	0	C002135_pt_002	1
Q000309	0	C002135_pt_003	1
Q000309	0	C002135_pt_004	1
Q000310	0	C001965_pt_000	1
Q000310	0	C001965_pt_001	1
Q000310	0	C001965_pt_002	1
Q000310	0	C001965_pt_003	1
Q000310	0	C001965_pt_004	1
Q000311	0	C000945_pt_000	1
Q000311	0	C000945_pt_001	1
Q000311	0	C000945_pt_002	1
Q000311	0	C000945_pt_003	1
Q000311	0	C000945_pt_004	1
Q000311	0	C000945_pt_005	1
Q000311	0	C000945_pt_006	1
Q000312	0	C003553_pt_000	1
Q000312	0	C003553_pt_001	1
Q000312	0	C003553_pt_002	1
Q000312	0	C003553_pt_003	1
Q000313	0	C003228_pt_000	1
Q000313	0	C003228_pt_001	1
Q000313	0	C003228_pt_002	1
Q000313	0	C003228_pt_003	1
Q000313	0	C003228_pt_004	1
Q000314	0	C002707_pt_000	1
Q000314	0	C002707_pt_001	1
Q000314	0	C002707_pt_002	1
Q000315	0	C002707_pt_000	1
Q000315	0	C002707_pt_001	1
Q000315	0	C002707_pt_002	1
Q000316	0	C003244_pt_000	1
Q000316	0	C003244_pt_001	1
Q000316	0	C003244_pt_002	1
Q000316	0	C003244_pt_003	1
Q000316	0	C003244_pt_004	1
Q000317	0	C001998_pt_000	1
Q000317	0	C001998_pt_001	1
Q000317	0	C001998_pt_002	1
Q000317	0	C001998_pt_003	1
Q000317	0	C001998_pt_004	1
Q000317	0	C001998_pt_005	1
Q000317	0	C001998_pt_006	1
Q000318	0	C002392_pt_000	1
Q000318	0	C002392_pt_001	1
Q000318	0	C002392_pt_002	1
Q000319	0	C002360_pt_000	1
Q000319	0	C002360_pt_001	1
Q000319	0	C002360_pt_002	1
Q000319	0	C002360_pt_003	1
Q000320	0	C002392_pt_000	1
Q000320	0	C002392_pt_001	1
Q000320	0	C002392_pt_002	1
Q000321	0	C003484_pt_000	1
Q000321	0	C003484_pt_001	1
Q000321	0	C003484_pt_002	1
Q000321	0	C003484_pt_003	1
Q000322	0	C001072_pt_000	1
Q000322	0	C001072_pt_001	1
Q000322	0	C001072_pt_002	1
Q000323	0	C001072_pt_000	1
Q000323	0	C001072_pt_001	1
Q000323	0	C001072_pt_002	1
Q000324	0	C001072_pt_000	1
Q000324	0	C001072_pt_001	1
Q000324	0	C001072_pt_002	1
Q000325	0	C001585_pt_000	1
Q000325	0	C001585_pt_001	1
Q000325	0	C001585_pt_002	1
Q000326	0	C001536_pt_000	1
Q000326	0	C001536_pt_001	1
Q000327	0	C001857_pt_000	1
Q000327	0	C001857_pt_001	1
Q000327	0	C001857_pt_002	1
Q000328	0	C001454_pt_000	1
Q000328	0	C001454_pt_001	1
Q000328	0	C001454_pt_002	1
Q000329	0	C001196_pt_000	1
Q000329	0	C001196_pt_001	1
Q000329	0	C001196_pt_002	1
Q000330	0	C001030_pt_000	1
Q000330	0	C001030_pt_001	1
Q000330	0	C001030_pt_002	1
Q000331	0	C002706_pt_000	1
Q000331	0	C002706_pt_001	1
Q000331	0	C002706_pt_002	1
Q000332	0	C000828_pt_000	1
Q000332	0	C000828_pt_001	1
Q000332	0	C000828_pt_002	1
Q000333	0	C002368_pt_000	1
Q000333	0	C002368_pt_001	1
Q000333	0	C002368_pt_002	1
Q000334	0	C002119_pt_000	1
Q000334	0	C002119_pt_001	1
Q000334	0	C002119_pt_002	1
Q000335	0	C001365_pt_000	1
Q000335	0	C001365_pt_001	1
Q000335	0	C001365_pt_002	1
Q000335	0	C001365_pt_003	1
Q000335	0	C001365_pt_004	1
Q000336	0	C000955_pt_000	1
Q000336	0	C000955_pt_001	1
Q000336	0	C000955_pt_002	1
Q000337	0	C000791_pt_000	1
Q000337	0	C000791_pt_001	1
Q000337	0	C000791_pt_002	1
Q000337	0	C000791_pt_003	1
Q000337	0	C000791_pt_004	1
Q000338	0	C002242_pt_000	1
Q000338	0	C002242_pt_001	1
Q000338	0	C002242_pt_002	1
Q000338	0	C002242_pt_003	1
Q000338	0	C002242_pt_004	1
Q000338	0	C002242_pt_005	1
Q000338	0	C002242_pt_006	1
Q000339	0	C001230_pt_000	1
Q000339	0	C001230_pt_001	1
Q000339	0	C001230_pt_002	1
Q000339	0	C001230_pt_003	1
Q000339	0	C001230_pt_004	1
Q000340	0	C002649_pt_000	1
Q000340	0	C002649_pt_001	1
Q000340	0	C002649_pt_002	1
Q000340	0	C002649_pt_003	1
Q000340	0	C002649_pt_004	1
Q000341	0	C003361_pt_000	1
Q000341	0	C003361_pt_001	1
Q000341	0	C003361_pt_002	1
Q000341	0	C003361_pt_003	1
Q000341	0	C003361_pt_004	1
Q000342	0	C002178_pt_000	1
Q000343	0	C001702_pt_000	1
Q000344	0	C002771_pt_000	1
Q000344	0	C002771_pt_001	1
Q000344	0	C002771_pt_002	1
Q000345	0	C001950_pt_000	1
Q000346	0	C000637_pt_000	1
Q000347	0	C000676_pt_000	1
Q000348	0	C001437_pt_000	1
Q000349	0	C003374_pt_000	1
Q000349	0	C003374_pt_001	1
Q000349	0	C003374_pt_002	1
Q000350	0	C003029_pt_000	1
Q000350	0	C003029_pt_001	1
Q000350	0	C003029_pt_002	1
Q000350	0	C003029_pt_003	1
Q000350	0	C003029_pt_004	1
Q000351	0	C001205_pt_000	1
Q000351	0	C001205_pt_001	1
Q000351	0	C001205_pt_002	1
Q000351	0	C001205_pt_003	1
Q000351	0	C001205_pt_004	1
Q000352	0	C001186_pt_000	1
Q000352	0	C001186_pt_001	1
Q000352	0	C001186_pt_002	1
Q000353	0	C002113_pt_000	1
Q000353	0	C002113_pt_001	1
Q000353	0	C002113_pt_002	1
Q000353	0	C002113_pt_003	1
Q000353	0	C002113_pt_004	1
Q000354	0	C002359_pt_000	1
Q000354	0	C002359_pt_001	1
Q000354	0	C002359_pt_002	1
Q000354	0	C002359_pt_003	1
Q000354	0	C002359_pt_004	1
Q000355	0	C001841_pt_000	1
Q000355	0	C001841_pt_001	1
Q000355	0	C001841_pt_002	1
Q000355	0	C001841_pt_003	1
Q000355	0	C001841_pt_004	1
Q000355	0	C001841_pt_005	1
Q000355	0	C001841_pt_006	1
Q000355	0	C001841_pt_007	1
Q000355	0	C001841_pt_008	1
Q000356	0	C003001_pt_000	1
Q000356	0	C003001_pt_001	1
Q000356	0	C003001_pt_002	1
Q000356	0	C003001_pt_003	1
Q000356	0	C003001_pt_004	1
Q000357	0	C002052_pt_000	1
Q000357	0	C002052_pt_001	1
Q000357	0	C002052_pt_002	1
Q000357	0	C002052_pt_003	1
Q000357	0	C002052_pt_004	1
Q000357	0	C002052_pt_005	1
Q000357	0	C002052_pt_006	1
Q000358	0	C003384_pt_000	1
Q000359	0	C001457_pt_000	1
Q000359	0	C001457_pt_001	1
Q000359	0	C001457_pt_002	1
Q000359	0	C001457_pt_003	1
Q000359	0	C001457_pt_004	1
Q000360	0	C003513_pt_000	1
Q000360	0	C003513_pt_001	1
Q000360	0	C003513_pt_002	1
Q000361	0	C003445_pt_000	1
Q000361	0	C003445_pt_001	1
Q000361	0	C003445_pt_002	1
Q000362	0	C001063_pt_000	1
Q000362	0	C001063_pt_001	1
Q000362	0	C001063_pt_002	1
Q000362	0	C001063_pt_003	1
Q000362	0	C001063_pt_004	1
Q000363	0	C001329_pt_000	1
Q000363	0	C001329_pt_001	1
Q000364	0	C001160_pt_000	1
Q000364	0	C001160_pt_001	1
Q000364	0	C001160_pt_002	1
Q000365	0	C002159_pt_000	1
Q000365	0	C002159_pt_001	1
Q000365	0	C002159_pt_002	1
Q000365	0	C002159_pt_003	1
Q000365	0	C002159_pt_004	1
Q000366	0	C003101_pt_000	1
Q000366	0	C003101_pt_001	1
Q000366	0	C003101_pt_002	1
Q000366	0	C003101_pt_003	1
Q000366	0	C003101_pt_004	1
Q000366	0	C003101_pt_005	1
Q000366	0	C003101_pt_006	1
Q000367	0	C002406_pt_000	1
Q000367	0	C002406_pt_001	1
Q000368	0	C003462_pt_000	1
Q000368	0	C003462_pt_001	1
Q000368	0	C003462_pt_002	1
Q000368	0	C003462_pt_003	1
Q000368	0	C003462_pt_004	1
Q000368	0	C003462_pt_005	1
Q000368	0	C003462_pt_006	1
Q000369	0	C001769_pt_000	1
Q000369	0	C001769_pt_001	1
Q000369	0	C001769_pt_002	1
Q000370	0	C002698_pt_000	1
Q000370	0	C002698_pt_001	1
Q000370	0	C002698_pt_002	1
Q000370	0	C002698_pt_003	1
Q000370	0	C002698_pt_004	1
Q000370	0	C002698_pt_005	1
Q000370	0	C002698_pt_006	1
Q000371	0	C003286_pt_000	1
Q000371	0	C003286_pt_001	1
Q000371	0	C003286_pt_002	1
Q000371	0	C003286_pt_003	1
Q000371	0	C003286_pt_004	1
Q000371	0	C003286_pt_005	1
Q000371	0	C003286_pt_006	1
Q000372	0	C003558_pt_000	1
Q000372	0	C003558_pt_001	1
Q000372	0	C003558_pt_002	1
Q000373	0	C001581_pt_000	1
Q000373	0	C001581_pt_001	1
Q000373	0	C001581_pt_002	1
Q000373	0	C001581_pt_003	1
Q000373	0	C001581_pt_004	1
Q000374	0	C001352_pt_000	1
Q000374	0	C001352_pt_001	1
Q000374	0	C001352_pt_002	1
Q000374	0	C001352_pt_003	1
Q000374	0	C001352_pt_004	1
Q000374	0	C001352_pt_005	1
Q000375	0	C002920_pt_000	1
Q000375	0	C002920_pt_001	1
Q000375	0	C002920_pt_002	1
Q000375	0	C002920_pt_003	1
Q000375	0	C002920_pt_004	1
Q000375	0	C002920_pt_005	1
Q000375	0	C002920_pt_006	1
Q000376	0	C003427_pt_000	1
Q000376	0	C003427_pt_001	1
Q000376	0	C003427_pt_002	1
Q000377	0	C001150_pt_000	1
Q000377	0	C001150_pt_001	1
Q000377	0	C001150_pt_002	1
Q000377	0	C001150_pt_003	1
Q000377	0	C001150_pt_004	1
Q000377	0	C001150_pt_005	1
Q000377	0	C001150_pt_006	1
Q000377	0	C001150_pt_007	1
Q000377	0	C001150_pt_008	1
Q000378	0	C002470_pt_000	1
Q000378	0	C002470_pt_001	1
Q000378	0	C002470_pt_002	1
Q000378	0	C002470_pt_003	1
Q000378	0	C002470_pt_004	1
Q000378	0	C002470_pt_005	1
Q000378	0	C002470_pt_006	1
Q000379	0	C002634_pt_000	1
Q000379	0	C002634_pt_001	1
Q000379	0	C002634_pt_002	1
