Q000001	0	C000015_en_000	1
Q000002	0	C000017_en_000	1
Q000003	0	C003363_en_000	1
Q000003	0	C003363_en_001	1
Q000003	0	C003363_en_002	1
Q000003	0	C003363_en_003	1
Q000003	0	C003363_en_004	1
Q000003	0	C003363_en_005	1
Q000003	0	C003363_en_006	1
Q000003	0	C003363_en_007	1
Q000003	0	C003363_en_008	1
Q000003	0	C003363_en_009	1
Q000003	0	C003363_en_010	1
Q000003	0	C003363_en_011	1
Q000003	0	C003363_en_012	1
Q000004	0	C001442_en_000	1
Q000004	0	C001442_en_001	1
Q000004	0	C001442_en_002	1
Q000004	0	C001442_en_003	1
Q000004	0	C001442_en_004	1
Q000004	0	C001442_en_005	1
Q000005	0	C000035_en_000	1
Q000006	0	C000037_en_000	1
Q000007	0	C000038_en_000	1
Q000008	0	C000040_en_000	1
Q000009	0	C000047_en_000	1
Q000010	0	C002912_en_000	1
Q000010	0	C002912_en_001	1
Q000010	0	C002912_en_002	1
Q000010	0	C002912_en_003	1
Q000010	0	C002912_en_004	1
Q000010	0	C002912_en_005	1
Q000010	0	C002912_en_006	1
Q000010	0	C002912_en_007	1
Q000010	0	C002912_en_008	1
Q000010	0	C002912_en_009	1
Q000010	0	C002912_en_010	1
Q000010	0	C002912_en_011	1
Q000010	0	C002912_en_012	1
Q000010	0	C002912_en_013	1
Q000010	0	C002912_en_014	1
Q000010	0	C002912_en_015	1
Q000010	0	C002912_en_016	1
Q000010	0	C002912_en_017	1
Q000010	0	C002912_en_018	1
Q000011	0	C000044_en_000	1
Q000012	0	C001498_en_000	1
Q000012	0	C001498_en_001	1
Q000012	0	C001498_en_002	1
Q000012	0	C001498_en_003	1
Q000012	0	C001498_en_004	1
Q000012	0	C001498_en_005	1
Q000012	0	C001498_en_006	1
Q000012	0	C001498_en_007	1
Q000012	0	C001498_en_008	1
Q000012	0	C001498_en_009	1
Q000013	0	C000046_en_000	1
Q000014	0	C001621_en_000	1
Q000014	0	C001621_en_001	1
Q000014	0	C001621_en_002	1
Q000014	0	C001621_en_003	1
Q000014	0	C001621_en_004	1
Q000014	0	C001621_en_005	1
Q000014	0	C001621_en_006	1
Q000014	0	C001621_en_007	1
Q000014	0	C001621_en_008	1
Q000014	0	C001621_en_009	1
Q000015	0	C000052_en_000	1
Q000016	0	C000054_en_000	1
Q000017	0	C000056_en_000	1
Q000018	0	C000023_en_000	1
Q000019	0	C000029_en_000	1
Q000020	0	C000027_en_000	1
Q000021	0	C000028_en_000	1
Q000022	0	C000025_en_000	1
Q000023	0	C000672_en_000	1
Q000023	0	C000672_en_001	1
Q000023	0	C000672_en_002	1
Q000023	0	C000672_en_003	1
Q000023	0	C000672_en_004	1
Q000023	0	C000672_en_005	1
Q000023	0	C000672_en_006	1
Q000023	0	C000672_en_007	1
Q000023	0	C000672_en_008	1
Q000023	0	C000672_en_009	1
Q000023	0	C000672_en_010	1
Q000024	0	C002303_en_000	1
Q000024	0	C002303_en_001	1
Q000024	0	C002303_en_002	1
Q000024	0	C002303_en_003	1
Q000024	0	C002303_en_004	1
Q000024	0	C002303_en_005	1
Q000024	0	C002303_en_006	1
Q000024	0	C002303_en_007	1
Q000025	0	C003150_en_000	1
Q000025	0	C003150_en_001	1
Q000025	0	C003150_en_002	1
Q000025	0	C003150_en_003	1
Q000025	0	C003150_en_004	1
Q000025	0	C003150_en_005	1
Q000025	0	C003150_en_006	1
Q000025	0	C003150_en_007	1
Q000025	0	C003150_en_008	1
Q000025	0	C003150_en_009	1
Q000025	0	C003150_en_010	1
Q000026	0	C003354_en_000	1
Q000026	0	C003354_en_001	1
Q000026	0	C003354_en_002	1
Q000026	0	C003354_en_003	1
Q000026	0	C003354_en_004	1
Q000026	0	C003354_en_005	1
Q000026	0	C003354_en_006	1
Q000026	0	C003354_en_007	1
Q000026	0	C003354_en_008	1
Q000026	0	C003354_en_009	1
Q000026	0	C003354_en_010	1
Q000026	0	C003354_en_011	1
Q000026	0	C003354_en_012	1
Q000026	0	C003354_en_013	1
Q000026	0	C003354_en_014	1
Q000026	0	C003354_en_015	1
Q000027	0	C001665_en_000	1
Q000027	0	C001665_en_001	1
Q000027	0	C001665_en_002	1
Q000027	0	C001665_en_003	1
Q000027	0	C001665_en_004	1
Q000027	0	C001665_en_005	1
Q000027	0	C001665_en_006	1
Q000027	0	C001665_en_007	1
Q000027	0	C001665_en_008	1
Q000027	0	C001665_en_009	1
Q000027	0	C001665_en_010	1
Q000027	0	C001665_en_011	1
Q000028	0	C002233_en_000	1
Q000028	0	C002233_en_001	1
Q000028	0	C002233_en_002	1
Q000028	0	C002233_en_003	1
Q000028	0	C002233_en_004	1
Q000028	0	C002233_en_005	1
Q000028	0	C002233_en_006	1
Q000028	0	C002233_en_007	1
Q000028	0	C002233_en_008	1
Q000028	0	C002233_en_009	1
Q000028	0	C002233_en_010	1
Q000028	0	C002233_en_011	1
Q000028	0	C002233_en_012	1
Q000028	0	C002233_en_013	1
Q000028	0	C002233_en_014	1
Q000028	0	C002233_en_015	1
Q000028	0	C002233_en_016	1
Q000028	0	C002233_en_017	1
Q000028	0	C002233_en_018	1
Q000028	0	C002233_en_019	1
Q000028	0	C002233_en_020	1
Q000029	0	C001569_en_000	1
Q000029	0	C001569_en_001	1
Q000029	0	C001569_en_002	1
Q000029	0	C001569_en_003	1
Q000029	0	C001569_en_004	1
Q000029	0	C001569_en_005	1
Q000029	0	C001569_en_006	1
Q000029	0	C001569_en_007	1
Q000029	0	C001569_en_008	1
Q000029	0	C001569_en_009	1
Q000029	0	C001569_en_010	1
Q000029	0	C001569_en_011	1
Q000029	0	C001569_en_012	1
Q000029	0	C001569_en_013	1
Q000029	0	C001569_en_014	1
Q000029	0	C001569_en_015	1
Q000029	0	C001569_en_016	1
Q000029	0	C001569_en_017	1
Q000029	0	C001569_en_018	1
Q000029	0	C001569_en_019	1
Q000029	0	C001569_en_020	1
Q000029	0	C001569_en_021	1
Q000029	0	C001569_en_022	1
Q000029	0	C001569_en_023	1
Q000029	0	C001569_en_024	1
Q000029	0	C001569_en_025	1
Q000030	0	C003155_en_000	1
Q000030	0	C003155_en_001	1
Q000030	0	C003155_en_002	1
Q000030	0	C003155_en_003	1
Q000030	0	C003155_en_004	1
Q000030	0	C003155_en_005	1
Q000030	0	C003155_en_006	1
Q000030	0	C003155_en_007	1
Q000031	0	C001442_en_000	1
Q000031	0	C001442_en_001	1
Q000031	0	C001442_en_002	1
Q000031	0	C001442_en_003	1
Q000031	0	C001442_en_004	1
Q000031	0	C001442_en_005	1
Q000032	0	C003494_en_000	1
Q000032	0	C003494_en_001	1
Q000032	0	C003494_en_002	1
Q000032	0	C003494_en_003	1
Q000032	0	C003494_en_004	1
Q000032	0	C003494_en_005	1
Q000032	0	C003494_en_006	1
Q000032	0	C003494_en_007	1
Q000033	0	C001600_en_000	1
Q000033	0	C001600_en_001	1
Q000033	0	C001600_en_002	1
Q000033	0	C001600_en_003	1
Q000033	0	C001600_en_004	1
Q000033	0	C001600_en_005	1
Q000033	0	C001600_en_006	1
Q000033	0	C001600_en_007	1
Q000034	0	C000088_en_000	1
Q000035	0	C000089_en_000	1
Q000036	0	C001213_en_000	1
Q000036	0	C001213_en_001	1
Q000036	0	C001213_en_002	1
Q000036	0	C001213_en_003	1
Q000036	0	C001213_en_004	1
Q000036	0	C001213_en_005	1
Q000036	0	C001213_en_006	1
Q000036	0	C001213_en_007	1
Q000036	0	C001213_en_008	1
Q000036	0	C001213_en_009	1
Q000036	0	C001213_en_010	1
Q000036	0	C001213_en_011	1
Q000036	0	C001213_en_012	1
Q000036	0	C001213_en_013	1
Q000036	0	C001213_en_014	1
Q000036	0	C001213_en_015	1
Q000036	0	C001213_en_016	1
Q000037	0	C003406_en_000	1
Q000037	0	C003406_en_001	1
Q000037	0	C003406_en_002	1
Q000037	0	C003406_en_003	1
Q000037	0	C003406_en_004	1
Q000037	0	C003406_en_005	1
Q000037	0	C003406_en_006	1
Q000037	0	C003406_en_007	1
Q000037	0	C003406_en_008	1
Q000037	0	C003406_en_009	1
Q000037	0	C003406_en_010	1
Q000037	0	C003406_en_011	1
Q000038	0	C000149_en_000	1
Q000039	0	C000150_en_000	1
Q000040	0	C000151_en_000	1
Q000041	0	C002322_en_000	1
Q000041	0	C002322_en_001	1
Q000041	0	C002322_en_002	1
Q000041	0	C002322_en_003	1
Q000041	0	C002322_en_004	1
Q000041	0	C002322_en_005	1
Q000041	0	C002322_en_006	1
Q000041	0	C002322_en_007	1
Q000042	0	C000154_en_000	1
Q000043	0	C000155_en_000	1
Q000044	0	C000156_en_000	1
Q000045	0	C002143_en_000	1
Q000045	0	C002143_en_001	1
Q000045	0	C002143_en_002	1
Q000045	0	C002143_en_003	1
Q000045	0	C002143_en_004	1
Q000045	0	C002143_en_005	1
Q000045	0	C002143_en_006	1
Q000045	0	C002143_en_007	1
Q000045	0	C002143_en_008	1
Q000045	0	C002143_en_009	1
Q000045	0	C002143_en_010	1
Q000045	0	C002143_en_011	1
Q000045	0	C002143_en_012	1
Q000045	0	C002143_en_013	1
Q000045	0	C002143_en_014	1
Q000046	0	C001668_en_000	1
Q000046	0	C001668_en_001	1
Q000046	0	C001668_en_002	1
Q000046	0	C001668_en_003	1
Q000046	0	C001668_en_004	1
Q000046	0	C001668_en_005	1
Q000046	0	C001668_en_006	1
Q000046	0	C001668_en_007	1
Q000046	0	C001668_en_008	1
Q000046	0	C001668_en_009	1
Q000047	0	C000063_en_000	1
Q000048	0	C002964_en_000	1
Q000048	0	C002964_en_001	1
Q000048	0	C002964_en_002	1
Q000048	0	C002964_en_003	1
Q000048	0	C002964_en_004	1
Q000048	0	C002964_en_005	1
Q000048	0	C002964_en_006	1
Q000048	0	C002964_en_007	1
Q000048	0	C002964_en_008	1
Q000048	0	C002964_en_009	1
Q000048	0	C002964_en_010	1
Q000048	0	C002964_en_011	1
Q000048	0	C002964_en_012	1
Q000048	0	C002964_en_013	1
Q000048	0	C002964_en_014	1
Q000048	0	C002964_en_015	1
Q000048	0	C002964_en_016	1
Q000048	0	C002964_en_017	1
Q000048	0	C002964_en_018	1
Q000048	0	C002964_en_019	1
Q000048	0	C002964_en_020	1
Q000048	0	C002964_en_021	1
Q000048	0	C002964_en_022	1
Q000048	0	C002964_en_023	1
Q000048	0	C002964_en_024	1
Q000048	0	C002964_en_025	1
Q000048	0	C002964_en_026	1
Q000048	0	C002964_en_027	1
Q000048	0	C002964_en_028	1
Q000048	0	C002964_en_029	1
Q000048	0	C002964_en_030	1
Q000048	0	C002964_en_031	1
Q000049	0	C001985_en_000	1
Q000049	0	C001985_en_001	1
Q000049	0	C001985_en_002	1
Q000049	0	C001985_en_003	1
Q000049	0	C001985_en_004	1
Q000049	0	C001985_en_005	1
Q000049	0	C001985_en_006	1
Q000049	0	C001985_en_007	1
Q000049	0	C001985_en_008	1
Q000049	0	C001985_en_009	1
Q000049	0	C001985_en_010	1
Q000049	0	C001985_en_011	1
Q000049	0	C001985_en_012	1
Q000050	0	C000070_en_000	1
Q000051	0	C000092_en_000	1
Q000052	0	C002481_en_000	1
Q000052	0	C002481_en_001	1
Q000052	0	C002481_en_002	1
Q000052	0	C002481_en_003	1
Q000052	0	C002481_en_004	1
Q000052	0	C002481_en_005	1
Q000052	0	C002481_en_006	1
Q000052	0	C002481_en_007	1
Q000052	0	C002481_en_008	1
Q000052	0	C002481_en_009	1
Q000052	0	C002481_en_010	1
Q000052	0	C002481_en_011	1
Q000052	0	C002481_en_012	1
Q000052	0	C002481_en_013	1
Q000052	0	C002481_en_014	1
Q000052	0	C002481_en_015	1
Q000052	0	C002481_en_016	1
Q000052	0	C002481_en_017	1
Q000052	0	C002481_en_018	1
Q000052	0	C002481_en_019	1
Q000052	0	C002481_en_020	1
Q000052	0	C002481_en_021	1
Q000052	0	C002481_en_022	1
Q000052	0	C002481_en_023	1
Q000052	0	C002481_en_024	1
Q000052	0	C002481_en_025	1
Q000052	0	C002481_en_026	1
Q000052	0	C002481_en_027	1
Q000052	0	C002481_en_028	1
Q000052	0	C002481_en_029	1
Q000052	0	C002481_en_030	1
Q000052	0	C002481_en_031	1
Q000052	0	C002481_en_032	1
Q000052	0	C002481_en_033	1
Q000052	0	C002481_en_034	1
Q000052	0	C002481_en_035	1
Q000052	0	C002481_en_036	1
Q000053	0	C002106_en_000	1
Q000053	0	C002106_en_001	1
Q000053	0	C002106_en_002	1
Q000053	0	C002106_en_003	1
Q000053	0	C002106_en_004	1
Q000053	0	C002106_en_005	1
Q000053	0	C002106_en_006	1
Q000053	0	C002106_en_007	1
Q000054	0	C000106_en_000	1
Q000055	0	C002894_en_000	1
Q000055	0	C002894_en_001	1
Q000055	0	C002894_en_002	1
Q000055	0	C002894_en_003	1
Q000055	0	C002894_en_004	1
Q000055	0	C002894_en_005	1
Q000055	0	C002894_en_006	1
Q000055	0	C002894_en_007	1
Q000056	0	C002277_en_000	1
Q000056	0	C002277_en_001	1
Q000056	0	C002277_en_002	1
Q000056	0	C002277_en_003	1
Q000057	0	C000107_en_000	1
Q000058	0	C000233_en_000	1
Q000059	0	C000762_en_000	1
Q000059	0	C000762_en_001	1
Q000059	0	C000762_en_002	1
Q000059	0	C000762_en_003	1
Q000059	0	C000762_en_004	1
Q000059	0	C000762_en_005	1
Q000059	0	C000762_en_006	1
Q000059	0	C000762_en_007	1
Q000059	0	C000762_en_008	1
Q000060	0	C000109_en_000	1
Q000061	0	C000098_en_000	1
Q000062	0	C000111_en_000	1
Q000063	0	C000095_en_000	1
Q000064	0	C002394_en_000	1
Q000064	0	C002394_en_001	1
Q000064	0	C002394_en_002	1
Q000064	0	C002394_en_003	1
Q000064	0	C002394_en_004	1
Q000064	0	C002394_en_005	1
Q000064	0	C002394_en_006	1
Q000064	0	C002394_en_007	1
Q000064	0	C002394_en_008	1
Q000064	0	C002394_en_009	1
Q000065	0	C003346_en_000	1
Q000065	0	C003346_en_001	1
Q000065	0	C003346_en_002	1
Q000065	0	C003346_en_003	1
Q000065	0	C003346_en_004	1
Q000065	0	C003346_en_005	1
Q000065	0	C003346_en_006	1
Q000065	0	C003346_en_007	1
Q000065	0	C003346_en_008	1
Q000065	0	C003346_en_009	1
Q000066	0	C002954_en_000	1
Q000066	0	C002954_en_001	1
Q000066	0	C002954_en_002	1
Q000066	0	C002954_en_003	1
Q000066	0	C002954_en_004	1
Q000067	0	C000114_en_000	1
Q000068	0	C001754_en_000	1
Q000068	0	C001754_en_001	1
Q000068	0	C001754_en_002	1
Q000068	0	C001754_en_003	1
Q000068	0	C001754_en_004	1
Q000068	0	C001754_en_005	1
Q000068	0	C001754_en_006	1
Q000068	0	C001754_en_007	1
Q000068	0	C001754_en_008	1
Q000068	0	C001754_en_009	1
Q000068	0	C001754_en_010	1
Q000068	0	C001754_en_011	1
Q000068	0	C001754_en_012	1
Q000068	0	C001754_en_013	1
Q000068	0	C001754_en_014	1
Q000068	0	C001754_en_015	1
Q000068	0	C001754_en_016	1
Q000068	0	C001754_en_017	1
Q000068	0	C001754_en_018	1
Q000068	0	C001754_en_019	1
Q000069	0	C000116_en_000	1
Q000070	0	C000120_en_000	1
Q000071	0	C000121_en_000	1
Q000072	0	C002423_en_000	1
Q000072	0	C002423_en_001	1
Q000072	0	C002423_en_002	1
Q000072	0	C002423_en_003	1
Q000072	0	C002423_en_004	1
Q000072	0	C002423_en_005	1
Q000072	0	C002423_en_006	1
Q000072	0	C002423_en_007	1
Q000072	0	C002423_en_008	1
Q000072	0	C002423_en_009	1
Q000072	0	C002423_en_010	1
Q000072	0	C002423_en_011	1
Q000073	0	C000825_en_000	1
Q000073	0	C000825_en_001	1
Q000073	0	C000825_en_002	1
Q000073	0	C000825_en_003	1
Q000073	0	C000825_en_004	1
Q000073	0	C000825_en_005	1
Q000073	0	C000825_en_006	1
Q000073	0	C000825_en_007	1
Q000073	0	C000825_en_008	1
Q000073	0	C000825_en_009	1
Q000073	0	C000825_en_010	1
Q000074	0	C000123_en_000	1
Q000075	0	C002412_en_000	1
Q000075	0	C002412_en_001	1
Q000075	0	C002412_en_002	1
Q000075	0	C002412_en_003	1
Q000075	0	C002412_en_004	1
Q000075	0	C002412_en_005	1
Q000075	0	C002412_en_006	1
Q000075	0	C002412_en_007	1
Q000075	0	C002412_en_008	1
Q000075	0	C002412_en_009	1
Q000075	0	C002412_en_010	1
Q000076	0	C003402_en_000	1
Q000076	0	C003402_en_001	1
Q000076	0	C003402_en_002	1
Q000076	0	C003402_en_003	1
Q000076	0	C003402_en_004	1
Q000076	0	C003402_en_005	1
Q000076	0	C003402_en_006	1
Q000076	0	C003402_en_007	1
Q000076	0	C003402_en_008	1
Q000076	0	C003402_en_009	1
Q000076	0	C003402_en_010	1
Q000076	0	C003402_en_011	1
Q000076	0	C003402_en_012	1
Q000076	0	C003402_en_013	1
Q000077	0	C000127_en_000	1
Q000078	0	C000128_en_000	1
Q000079	0	C000129_en_000	1
Q000080	0	C000133_en_000	1
Q000081	0	C001695_en_000	1
Q000081	0	C001695_en_001	1
Q000081	0	C001695_en_002	1
Q000081	0	C001695_en_003	1
Q000081	0	C001695_en_004	1
Q000081	0	C001695_en_005	1
Q000081	0	C001695_en_006	1
Q000081	0	C001695_en_007	1
Q000081	0	C001695_en_008	1
Q000081	0	C001695_en_009	1
Q000081	0	C001695_en_010	1
Q000081	0	C001695_en_011	1
Q000081	0	C001695_en_012	1
Q000082	0	C002516_en_000	1
Q000082	0	C002516_en_001	1
Q000082	0	C002516_en_002	1
Q000082	0	C002516_en_003	1
Q000082	0	C002516_en_004	1
Q000082	0	C002516_en_005	1
Q000082	0	C002516_en_006	1
Q000082	0	C002516_en_007	1
Q000082	0	C002516_en_008	1
Q000083	0	C000136_en_000	1
Q000084	0	C000137_en_000	1
Q000085	0	C003110_en_000	1
Q000085	0	C003110_en_001	1
Q000085	0	C003110_en_002	1
Q000085	0	C003110_en_003	1
Q000085	0	C003110_en_004	1
Q000085	0	C003110_en_005	1
Q000085	0	C003110_en_006	1
Q000085	0	C003110_en_007	1
Q000085	0	C003110_en_008	1
Q000085	0	C003110_en_009	1
Q000085	0	C003110_en_010	1
Q000085	0	C003110_en_011	1
Q000085	0	C003110_en_012	1
Q000085	0	C003110_en_013	1
Q000085	0	C003110_en_014	1
Q000085	0	C003110_en_015	1
Q000085	0	C003110_en_016	1
Q000085	0	C003110_en_017	1
Q000085	0	C003110_en_018	1
Q000085	0	C003110_en_019	1
Q000085	0	C003110_en_020	1
Q000085	0	C003110_en_021	1
Q000085	0	C003110_en_022	1
Q000085	0	C003110_en_023	1
Q000085	0	C003110_en_024	1
Q000085	0	C003110_en_025	1
Q000085	0	C003110_en_026	1
Q000085	0	C003110_en_027	1
Q000085	0	C003110_en_028	1
Q000085	0	C003110_en_029	1
Q000085	0	C003110_en_030	1
Q000085	0	C003110_en_031	1
Q000086	0	C000139_en_000	1
Q000087	0	C002433_en_000	1
Q000087	0	C002433_en_001	1
Q000087	0	C002433_en_002	1
Q000087	0	C002433_en_003	1
Q000087	0	C002433_en_004	1
Q000087	0	C002433_en_005	1
Q000087	0	C002433_en_006	1
Q000087	0	C002433_en_007	1
Q000087	0	C002433_en_008	1
Q000087	0	C002433_en_009	1
Q000087	0	C002433_en_010	1
Q000088	0	C000143_en_000	1
Q000089	0	C000144_en_000	1
Q000090	0	C001221_en_000	1
Q000090	0	C001221_en_001	1
Q000090	0	C001221_en_002	1
Q000090	0	C001221_en_003	1
Q000090	0	C001221_en_004	1
Q000090	0	C001221_en_005	1
Q000090	0	C001221_en_006	1
Q000091	0	C002665_en_000	1
Q000091	0	C002665_en_001	1
Q000091	0	C002665_en_002	1
Q000091	0	C002665_en_003	1
Q000091	0	C002665_en_004	1
Q000092	0	C000723_en_000	1
Q000092	0	C000723_en_001	1
Q000092	0	C000723_en_002	1
Q000092	0	C000723_en_003	1
Q000092	0	C000723_en_004	1
Q000092	0	C000723_en_005	1
Q000092	0	C000723_en_006	1
Q000092	0	C000723_en_007	1
Q000092	0	C000723_en_008	1
Q000092	0	C000723_en_009	1
Q000092	0	C000723_en_010	1
Q000092	0	C000723_en_011	1
Q000092	0	C000723_en_012	1
Q000093	0	C003088_en_000	1
Q000093	0	C003088_en_001	1
Q000093	0	C003088_en_002	1
Q000093	0	C003088_en_003	1
Q000093	0	C003088_en_004	1
Q000093	0	C003088_en_005	1
Q000093	0	C003088_en_006	1
Q000094	0	C002418_en_000	1
Q000094	0	C002418_en_001	1
Q000094	0	C002418_en_002	1
Q000094	0	C002418_en_003	1
Q000094	0	C002418_en_004	1
Q000094	0	C002418_en_005	1
Q000094	0	C002418_en_006	1
Q000094	0	C002418_en_007	1
Q000094	0	C002418_en_008	1
Q000094	0	C002418_en_009	1
Q000094	0	C002418_en_010	1
Q000094	0	C002418_en_011	1
Q000094	0	C002418_en_012	1
Q000094	0	C002418_en_013	1
Q000094	0	C002418_en_014	1
Q000094	0	C002418_en_015	1
Q000094	0	C002418_en_016	1
Q000094	0	C002418_en_017	1
Q000094	0	C002418_en_018	1
Q000094	0	C002418_en_019	1
Q000094	0	C002418_en_020	1
Q000094	0	C002418_en_021	1
Q000094	0	C002418_en_022	1
Q000094	0	C002418_en_023	1
Q000094	0	C002418_en_024	1
Q000094	0	C002418_en_025	1
Q000094	0	C002418_en_026	1
Q000094	0	C002418_en_027	1
Q000094	0	C002418_en_028	1
Q000094	0	C002418_en_029	1
Q000094	0	C002418_en_030	1
Q000094	0	C002418_en_031	1
Q000095	0	C002971_en_000	1
Q000095	0	C002971_en_001	1
Q000095	0	C002971_en_002	1
Q000095	0	C002971_en_003	1
Q000095	0	C002971_en_004	1
Q000095	0	C002971_en_005	1
Q000096	0	C000779_en_000	1
Q000096	0	C000779_en_001	1
Q000096	0	C000779_en_002	1
Q000096	0	C000779_en_003	1
Q000096	0	C000779_en_004	1
Q000096	0	C000779_en_005	1
Q000096	0	C000779_en_006	1
Q000096	0	C000779_en_007	1
Q000097	0	C002666_en_000	1
Q000097	0	C002666_en_001	1
Q000097	0	C002666_en_002	1
Q000097	0	C002666_en_003	1
Q000097	0	C002666_en_004	1
Q000097	0	C002666_en_005	1
Q000097	0	C002666_en_006	1
Q000097	0	C002666_en_007	1
Q000097	0	C002666_en_008	1
Q000097	0	C002666_en_009	1
Q000097	0	C002666_en_010	1
Q000097	0	C002666_en_011	1
Q000097	0	C002666_en_012	1
Q000097	0	C002666_en_013	1
Q000097	0	C002666_en_014	1
Q000097	0	C002666_en_015	1
Q000097	0	C002666_en_016	1
Q000097	0	C002666_en_017	1
Q000097	0	C002666_en_018	1
Q000097	0	C002666_en_019	1
Q000097	0	C002666_en_020	1
Q000098	0	C002451_en_000	1
Q000098	0	C002451_en_001	1
Q000098	0	C002451_en_002	1
Q000098	0	C002451_en_003	1
Q000098	0	C002451_en_004	1
Q000098	0	C002451_en_005	1
Q000098	0	C002451_en_006	1
Q000098	0	C002451_en_007	1
Q000098	0	C002451_en_008	1
Q000098	0	C002451_en_009	1
Q000098	0	C002451_en_010	1
Q000098	0	C002451_en_011	1
Q000098	0	C002451_en_012	1
Q000098	0	C002451_en_013	1
Q000098	0	C002451_en_014	1
Q000099	0	C002661_en_000	1
Q000099	0	C002661_en_001	1
Q000099	0	C002661_en_002	1
Q000099	0	C002661_en_003	1
Q000099	0	C002661_en_004	1
Q000099	0	C002661_en_005	1
Q000099	0	C002661_en_006	1
Q000099	0	C002661_en_007	1
Q000099	0	C002661_en_008	1
Q000099	0	C002661_en_009	1
Q000099	0	C002661_en_010	1
Q000099	0	C002661_en_011	1
Q000099	0	C002661_en_012	1
Q000099	0	C002661_en_013	1
Q000099	0	C002661_en_014	1
Q000099	0	C002661_en_015	1
Q000099	0	C002661_en_016	1
Q000099	0	C002661_en_017	1
Q000099	0	C002661_en_018	1
Q000099	0	C002661_en_019	1
Q000100	0	C000844_en_000	1
Q000100	0	C000844_en_001	1
Q000100	0	C000844_en_002	1
Q000100	0	C000844_en_003	1
Q000100	0	C000844_en_004	1
Q000100	0	C000844_en_005	1
Q000100	0	C000844_en_006	1
Q000100	0	C000844_en_007	1
Q000100	0	C000844_en_008	1
Q000100	0	C000844_en_009	1
Q000100	0	C000844_en_010	1
Q000100	0	C000844_en_011	1
Q000100	0	C000844_en_012	1
Q000100	0	C000844_en_013	1
Q000100	0	C000844_en_014	1
Q000100	0	C000844_en_015	1
Q000100	0	C000844_en_016	1
Q000100	0	C000844_en_017	1
Q000100	0	C000844_en_018	1
Q000100	0	C000844_en_019	1
Q000100	0	C000844_en_020	1
Q000100	0	C000844_en_021	1
Q000100	0	C000844_en_022	1
Q000100	0	C000844_en_023	1
Q000100	0	C000844_en_024	1
Q000100	0	C000844_en_025	1
Q000100	0	C000844_en_026	1
Q000100	0	C000844_en_027	1
Q000100	0	C000844_en_028	1
Q000100	0	C000844_en_029	1
Q000100	0	C000844_en_030	1
Q000100	0	C000844_en_031	1
Q000100	0	C000844_en_032	1
Q000100	0	C000844_en_033	1
Q000100	0	C000844_en_034	1
Q000100	0	C000844_en_035	1
Q000100	0	C000844_en_036	1
Q000101	0	C001054_en_000	1
Q000101	0	C001054_en_001	1
Q000101	0	C001054_en_002	1
Q000101	0	C001054_en_003	1
Q000101	0	C001054_en_004	1
Q000101	0	C001054_en_005	1
Q000101	0	C001054_en_006	1
Q000101	0	C001054_en_007	1
Q000101	0	C001054_en_008	1
Q000101	0	C001054_en_009	1
Q000101	0	C001054_en_010	1
Q000101	0	C001054_en_011	1
Q000101	0	C001054_en_012	1
Q000101	0	C001054_en_013	1
Q000101	0	C001054_en_014	1
Q000101	0	C001054_en_015	1
Q000101	0	C001054_en_016	1
Q000101	0	C001054_en_017	1
Q000101	0	C001054_en_018	1
Q000101	0	C001054_en_019	1
Q000102	0	C001611_en_000	1
Q000102	0	C001611_en_001	1
Q000102	0	C001611_en_002	1
Q000102	0	C001611_en_003	1
Q000102	0	C001611_en_004	1
Q000102	0	C001611_en_005	1
Q000102	0	C001611_en_006	1
Q000102	0	C001611_en_007	1
Q000102	0	C001611_en_008	1
Q000102	0	C001611_en_009	1
Q000103	0	C001781_en_000	1
Q000103	0	C001781_en_001	1
Q000103	0	C001781_en_002	1
Q000103	0	C001781_en_003	1
Q000103	0	C001781_en_004	1
Q000103	0	C001781_en_005	1
Q000103	0	C001781_en_006	1
Q000103	0	C001781_en_007	1
Q000103	0	C001781_en_008	1
Q000103	0	C001781_en_009	1
Q000103	0	C001781_en_010	1
Q000103	0	C001781_en_011	1
Q000103	0	C001781_en_012	1
Q000103	0	C001781_en_013	1
Q000104	0	C003269_en_000	1
Q000104	0	C003269_en_001	1
Q000104	0	C003269_en_002	1
Q000104	0	C003269_en_003	1
Q000104	0	C003269_en_004	1
Q000104	0	C003269_en_005	1
Q000104	0	C003269_en_006	1
Q000104	0	C003269_en_007	1
Q000104	0	C003269_en_008	1
Q000104	0	C003269_en_009	1
Q000105	0	C002586_en_000	1
Q000105	0	C002586_en_001	1
Q000105	0	C002586_en_002	1
Q000105	0	C002586_en_003	1
Q000106	0	C001525_en_000	1
Q000106	0	C001525_en_001	1
Q000106	0	C001525_en_002	1
Q000106	0	C001525_en_003	1
Q000106	0	C001525_en_004	1
Q000106	0	C001525_en_005	1
Q000106	0	C001525_en_006	1
Q000106	0	C001525_en_007	1
Q000106	0	C001525_en_008	1
Q000106	0	C001525_en_009	1
Q000106	0	C001525_en_010	1
Q000107	0	C000174_en_000	1
Q000108	0	C002701_en_000	1
Q000108	0	C002701_en_001	1
Q000108	0	C002701_en_002	1
Q000108	0	C002701_en_003	1
Q000108	0	C002701_en_004	1
Q000108	0	C002701_en_005	1
Q000108	0	C002701_en_006	1
Q000108	0	C002701_en_007	1
Q000108	0	C002701_en_008	1
Q000108	0	C002701_en_009	1
Q000108	0	C002701_en_010	1
Q000108	0	C002701_en_011	1
Q000108	0	C002701_en_012	1
Q000108	0	C002701_en_013	1
Q000108	0	C002701_en_014	1
Q000108	0	C002701_en_015	1
Q000109	0	C000177_en_000	1
Q000110	0	C003082_en_000	1
Q000110	0	C003082_en_001	1
Q000110	0	C003082_en_002	1
Q000110	0	C003082_en_003	1
Q000110	0	C003082_en_004	1
Q000111	0	C002130_en_000	1
Q000111	0	C002130_en_001	1
Q000111	0	C002130_en_002	1
Q000111	0	C002130_en_003	1
Q000111	0	C002130_en_004	1
Q000111	0	C002130_en_005	1
Q000111	0	C002130_en_006	1
Q000111	0	C002130_en_007	1
Q000111	0	C002130_en_008	1
Q000111	0	C002130_en_009	1
Q000111	0	C002130_en_010	1
Q000111	0	C002130_en_011	1
Q000111	0	C002130_en_012	1
Q000111	0	C002130_en_013	1
Q000111	0	C002130_en_014	1
Q000111	0	C002130_en_015	1
Q000111	0	C002130_en_016	1
Q000112	0	C000180_en_000	1
Q000113	0	C000181_en_000	1
Q000114	0	C000179_en_000	1
Q000115	0	C001039_en_000	1
Q000115	0	C001039_en_001	1
Q000115	0	C001039_en_002	1
Q000115	0	C001039_en_003	1
Q000115	0	C001039_en_004	1
Q000115	0	C001039_en_005	1
Q000115	0	C001039_en_006	1
Q000115	0	C001039_en_007	1
Q000115	0	C001039_en_008	1
Q000115	0	C001039_en_009	1
Q000115	0	C001039_en_010	1
Q000115	0	C001039_en_011	1
Q000115	0	C001039_en_012	1
Q000115	0	C001039_en_013	1
Q000115	0	C001039_en_014	1
Q000115	0	C001039_en_015	1
Q000115	0	C001039_en_016	1
Q000115	0	C001039_en_017	1
Q000115	0	C001039_en_018	1
Q000115	0	C001039_en_019	1
Q000115	0	C001039_en_020	1
Q000115	0	C001039_en_021	1
Q000115	0	C001039_en_022	1
Q000115	0	C001039_en_023	1
Q000115	0	C001039_en_024	1
Q000115	0	C001039_en_025	1
Q000115	0	C001039_en_026	1
Q000115	0	C001039_en_027	1
Q000115	0	C001039_en_028	1
Q000115	0	C001039_en_029	1
Q000115	0	C001039_en_030	1
Q000115	0	C001039_en_031	1
Q000115	0	C001039_en_032	1
Q000115	0	C001039_en_033	1
Q000115	0	C001039_en_034	1
Q000115	0	C001039_en_035	1
Q000115	0	C001039_en_036	1
Q000115	0	C001039_en_037	1
Q000115	0	C001039_en_038	1
Q000115	0	C001039_en_039	1
Q000115	0	C001039_en_040	1
Q000115	0	C001039_en_041	1
Q000115	0	C001039_en_042	1
Q000115	0	C001039_en_043	1
Q000115	0	C001039_en_044	1
Q000115	0	C001039_en_045	1
Q000115	0	C001039_en_046	1
Q000115	0	C001039_en_047	1
Q000115	0	C001039_en_048	1
Q000115	0	C001039_en_049	1
Q000115	0	C001039_en_050	1
Q000115	0	C001039_en_051	1
Q000115	0	C001039_en_052	1
Q000115	0	C001039_en_053	1
Q000115	0	C001039_en_054	1
Q000115	0	C001039_en_055	1
Q000115	0	C001039_en_056	1
Q000115	0	C001039_en_057	1
Q000115	0	C001039_en_058	1
Q000115	0	C001039_en_059	1
Q000115	0	C001039_en_060	1
Q000115	0	C001039_en_061	1
Q000115	0	C001039_en_062	1
Q000115	0	C001039_en_063	1
Q000115	0	C001039_en_064	1
Q000115	0	C001039_en_065	1
Q000115	0	C001039_en_066	1
Q000115	0	C001039_en_067	1
Q000115	0	C001039_en_068	1
Q000115	0	C001039_en_069	1
Q000115	0	C001039_en_070	1
Q000115	0	C001039_en_071	1
Q000115	0	C001039_en_072	1
Q000115	0	C001039_en_073	1
Q000115	0	C001039_en_074	1
Q000115	0	C001039_en_075	1
Q000115	0	C001039_en_076	1
Q000115	0	C001039_en_077	1
Q000115	0	C001039_en_078	1
Q000115	0	C001039_en_079	1
Q000115	0	C001039_en_080	1
Q000115	0	C001039_en_081	1
Q000115	0	C001039_en_082	1
Q000115	0	C001039_en_083	1
Q000115	0	C001039_en_084	1
Q000115	0	C001039_en_085	1
Q000115	0	C001039_en_086	1
Q000115	0	C001039_en_087	1
Q000115	0	C001039_en_088	1
Q000115	0	C001039_en_089	1
Q000116	0	C002572_en_000	1
Q000116	0	C002572_en_001	1
Q000116	0	C002572_en_002	1
Q000116	0	C002572_en_003	1
Q000116	0	C002572_en_004	1
Q000116	0	C002572_en_005	1
Q000116	0	C002572_en_006	1
Q000116	0	C002572_en_007	1
Q000117	0	C002451_en_000	1
Q000117	0	C002451_en_001	1
Q000117	0	C002451_en_002	1
Q000117	0	C002451_en_003	1
Q000117	0	C002451_en_004	1
Q000117	0	C002451_en_005	1
Q000117	0	C002451_en_006	1
Q000117	0	C002451_en_007	1
Q000117	0	C002451_en_008	1
Q000117	0	C002451_en_009	1
Q000117	0	C002451_en_010	1
Q000117	0	C002451_en_011	1
Q000117	0	C002451_en_012	1
Q000117	0	C002451_en_013	1
Q000117	0	C002451_en_014	1
Q000118	0	C000193_en_000	1
Q000119	0	C002849_en_000	1
Q000119	0	C002849_en_001	1
Q000119	0	C002849_en_002	1
Q000119	0	C002849_en_003	1
Q000119	0	C002849_en_004	1
Q000119	0	C002849_en_005	1
Q000119	0	C002849_en_006	1
Q000119	0	C002849_en_007	1
Q000119	0	C002849_en_008	1
Q000120	0	C000192_en_000	1
Q000121	0	C000189_en_000	1
Q000122	0	C001003_en_000	1
Q000122	0	C001003_en_001	1
Q000122	0	C001003_en_002	1
Q000122	0	C001003_en_003	1
Q000122	0	C001003_en_004	1
Q000122	0	C001003_en_005	1
Q000122	0	C001003_en_006	1
Q000122	0	C001003_en_007	1
Q000122	0	C001003_en_008	1
Q000123	0	C000210_en_000	1
Q000124	0	C001803_en_000	1
Q000124	0	C001803_en_001	1
Q000124	0	C001803_en_002	1
Q000124	0	C001803_en_003	1
Q000124	0	C001803_en_004	1
Q000124	0	C001803_en_005	1
Q000124	0	C001803_en_006	1
Q000124	0	C001803_en_007	1
Q000124	0	C001803_en_008	1
Q000124	0	C001803_en_009	1
Q000124	0	C001803_en_010	1
Q000124	0	C001803_en_011	1
Q000124	0	C001803_en_012	1
Q000124	0	C001803_en_013	1
Q000124	0	C001803_en_014	1
Q000124	0	C001803_en_015	1
Q000124	0	C001803_en_016	1
Q000125	0	C002211_en_000	1
Q000125	0	C002211_en_001	1
Q000125	0	C002211_en_002	1
Q000125	0	C002211_en_003	1
Q000125	0	C002211_en_004	1
Q000125	0	C002211_en_005	1
Q000125	0	C002211_en_006	1
Q000126	0	C002054_en_000	1
Q000126	0	C002054_en_001	1
Q000126	0	C002054_en_002	1
Q000126	0	C002054_en_003	1
Q000126	0	C002054_en_004	1
Q000126	0	C002054_en_005	1
Q000126	0	C002054_en_006	1
Q000126	0	C002054_en_007	1
Q000126	0	C002054_en_008	1
Q000127	0	C002413_en_000	1
Q000127	0	C002413_en_001	1
Q000127	0	C002413_en_002	1
Q000127	0	C002413_en_003	1
Q000128	0	C001376_en_000	1
Q000128	0	C001376_en_001	1
Q000128	0	C001376_en_002	1
Q000128	0	C001376_en_003	1
Q000128	0	C001376_en_004	1
Q000128	0	C001376_en_005	1
Q000129	0	C001827_en_000	1
Q000129	0	C001827_en_001	1
Q000129	0	C001827_en_002	1
Q000129	0	C001827_en_003	1
Q000129	0	C001827_en_004	1
Q000129	0	C001827_en_005	1
Q000129	0	C001827_en_006	1
Q000129	0	C001827_en_007	1
Q000129	0	C001827_en_008	1
Q000130	0	C003202_en_000	1
Q000130	0	C003202_en_001	1
Q000130	0	C003202_en_002	1
Q000130	0	C003202_en_003	1
Q000130	0	C003202_en_004	1
Q000130	0	C003202_en_005	1
Q000131	0	C001277_en_000	1
Q000131	0	C001277_en_001	1
Q000131	0	C001277_en_002	1
Q000131	0	C001277_en_003	1
Q000131	0	C001277_en_004	1
Q000131	0	C001277_en_005	1
Q000131	0	C001277_en_006	1
Q000131	0	C001277_en_007	1
Q000131	0	C001277_en_008	1
Q000131	0	C001277_en_009	1
Q000131	0	C001277_en_010	1
Q000132	0	C000293_en_000	1
Q000133	0	C000201_en_000	1
Q000134	0	C000202_en_000	1
Q000135	0	C000203_en_000	1
Q000136	0	C000204_en_000	1
Q000137	0	C000205_en_000	1
Q000138	0	C000206_en_000	1
Q000139	0	C002728_en_000	1
Q000139	0	C002728_en_001	1
Q000139	0	C002728_en_002	1
Q000139	0	C002728_en_003	1
Q000139	0	C002728_en_004	1
Q000139	0	C002728_en_005	1
Q000139	0	C002728_en_006	1
Q000139	0	C002728_en_007	1
Q000139	0	C002728_en_008	1
Q000139	0	C002728_en_009	1
Q000139	0	C002728_en_010	1
Q000139	0	C002728_en_011	1
Q000139	0	C002728_en_012	1
Q000140	0	C000212_en_000	1
Q000141	0	C002463_en_000	1
Q000141	0	C002463_en_001	1
Q000141	0	C002463_en_002	1
Q000141	0	C002463_en_003	1
Q000141	0	C002463_en_004	1
Q000141	0	C002463_en_005	1
Q000141	0	C002463_en_006	1
Q000141	0	C002463_en_007	1
Q000141	0	C002463_en_008	1
Q000141	0	C002463_en_009	1
Q000142	0	C001348_en_000	1
Q000142	0	C001348_en_001	1
Q000142	0	C001348_en_002	1
Q000142	0	C001348_en_003	1
Q000142	0	C001348_en_004	1
Q000142	0	C001348_en_005	1
Q000142	0	C001348_en_006	1
Q000143	0	C000216_en_000	1
Q000144	0	C000195_en_000	1
Q000145	0	C000197_en_000	1
Q000146	0	C000198_en_000	1
Q000147	0	C000199_en_000	1
Q000148	0	C001939_en_000	1
Q000148	0	C001939_en_001	1
Q000148	0	C001939_en_002	1
Q000148	0	C001939_en_003	1
Q000148	0	C001939_en_004	1
Q000148	0	C001939_en_005	1
Q000148	0	C001939_en_006	1
Q000149	0	C000224_en_000	1
Q000150	0	C001201_en_000	1
Q000150	0	C001201_en_001	1
Q000150	0	C001201_en_002	1
Q000150	0	C001201_en_003	1
Q000150	0	C001201_en_004	1
Q000150	0	C001201_en_005	1
Q000150	0	C001201_en_006	1
Q000150	0	C001201_en_007	1
Q000150	0	C001201_en_008	1
Q000151	0	C000236_en_000	1
Q000152	0	C000876_en_000	1
Q000152	0	C000876_en_001	1
Q000152	0	C000876_en_002	1
Q000152	0	C000876_en_003	1
Q000152	0	C000876_en_004	1
Q000152	0	C000876_en_005	1
Q000152	0	C000876_en_006	1
Q000152	0	C000876_en_007	1
Q000152	0	C000876_en_008	1
Q000152	0	C000876_en_009	1
Q000152	0	C000876_en_010	1
Q000152	0	C000876_en_011	1
Q000153	0	C000219_en_000	1
Q000154	0	C000220_en_000	1
Q000155	0	C002867_en_000	1
Q000155	0	C002867_en_001	1
Q000155	0	C002867_en_002	1
Q000155	0	C002867_en_003	1
Q000155	0	C002867_en_004	1
Q000155	0	C002867_en_005	1
Q000156	0	C000221_en_000	1
Q000157	0	C000227_en_000	1
Q000158	0	C000237_en_000	1
Q000159	0	C000235_en_000	1
Q000160	0	C002042_en_000	1
Q000160	0	C002042_en_001	1
Q000160	0	C002042_en_002	1
Q000160	0	C002042_en_003	1
Q000160	0	C002042_en_004	1
Q000160	0	C002042_en_005	1
Q000160	0	C002042_en_006	1
Q000160	0	C002042_en_007	1
Q000160	0	C002042_en_008	1
Q000160	0	C002042_en_009	1
Q000160	0	C002042_en_010	1
Q000160	0	C002042_en_011	1
Q000160	0	C002042_en_012	1
Q000161	0	C002354_en_000	1
Q000161	0	C002354_en_001	1
Q000161	0	C002354_en_002	1
Q000161	0	C002354_en_003	1
Q000161	0	C002354_en_004	1
Q000161	0	C002354_en_005	1
Q000161	0	C002354_en_006	1
Q000161	0	C002354_en_007	1
Q000161	0	C002354_en_008	1
Q000161	0	C002354_en_009	1
Q000162	0	C001930_en_000	1
Q000162	0	C001930_en_001	1
Q000162	0	C001930_en_002	1
Q000162	0	C001930_en_003	1
Q000162	0	C001930_en_004	1
Q000162	0	C001930_en_005	1
Q000162	0	C001930_en_006	1
Q000162	0	C001930_en_007	1
Q000162	0	C001930_en_008	1
Q000163	0	C000239_en_000	1
Q000164	0	C001073_en_000	1
Q000164	0	C001073_en_001	1
Q000164	0	C001073_en_002	1
Q000164	0	C001073_en_003	1
Q000164	0	C001073_en_004	1
Q000164	0	C001073_en_005	1
Q000165	0	C002954_en_000	1
Q000165	0	C002954_en_001	1
Q000165	0	C002954_en_002	1
Q000165	0	C002954_en_003	1
Q000165	0	C002954_en_004	1
Q000166	0	C000382_en_000	1
Q000167	0	C002320_en_000	1
Q000167	0	C002320_en_001	1
Q000167	0	C002320_en_002	1
Q000167	0	C002320_en_003	1
Q000167	0	C002320_en_004	1
Q000167	0	C002320_en_005	1
Q000168	0	C000381_en_000	1
Q000169	0	C002320_en_000	1
Q000169	0	C002320_en_001	1
Q000169	0	C002320_en_002	1
Q000169	0	C002320_en_003	1
Q000169	0	C002320_en_004	1
Q000169	0	C002320_en_005	1
Q000170	0	C002460_en_000	1
Q000170	0	C002460_en_001	1
Q000170	0	C002460_en_002	1
Q000170	0	C002460_en_003	1
Q000170	0	C002460_en_004	1
Q000170	0	C002460_en_005	1
Q000170	0	C002460_en_006	1
Q000170	0	C002460_en_007	1
Q000170	0	C002460_en_008	1
Q000170	0	C002460_en_009	1
Q000170	0	C002460_en_010	1
Q000170	0	C002460_en_011	1
Q000170	0	C002460_en_012	1
Q000170	0	C002460_en_013	1
Q000171	0	C001411_en_000	1
Q000171	0	C001411_en_001	1
Q000172	0	C001199_en_000	1
Q000172	0	C001199_en_001	1
Q000172	0	C001199_en_002	1
Q000172	0	C001199_en_003	1
Q000172	0	C001199_en_004	1
Q000172	0	C001199_en_005	1
Q000172	0	C001199_en_006	1
Q000172	0	C001199_en_007	1
Q000173	0	C001779_en_000	1
Q000173	0	C001779_en_001	1
Q000173	0	C001779_en_002	1
Q000173	0	C001779_en_003	1
Q000173	0	C001779_en_004	1
Q000173	0	C001779_en_005	1
Q000173	0	C001779_en_006	1
Q000173	0	C001779_en_007	1
Q000173	0	C001779_en_008	1
Q000173	0	C001779_en_009	1
Q000173	0	C001779_en_010	1
Q000174	0	C002933_en_000	1
Q000174	0	C002933_en_001	1
Q000174	0	C002933_en_002	1
Q000174	0	C002933_en_003	1
Q000174	0	C002933_en_004	1
Q000174	0	C002933_en_005	1
Q000174	0	C002933_en_006	1
Q000174	0	C002933_en_007	1
Q000174	0	C002933_en_008	1
Q000174	0	C002933_en_009	1
Q000174	0	C002933_en_010	1
Q000174	0	C002933_en_011	1
Q000175	0	C000245_en_000	1
Q000176	0	C000246_en_000	1
Q000177	0	C001729_en_000	1
Q000177	0	C001729_en_001	1
Q000177	0	C001729_en_002	1
Q000177	0	C001729_en_003	1
Q000177	0	C001729_en_004	1
Q000177	0	C001729_en_005	1
Q000177	0	C001729_en_006	1
Q000177	0	C001729_en_007	1
Q000177	0	C001729_en_008	1
Q000177	0	C001729_en_009	1
Q000178	0	C001122_en_000	1
Q000178	0	C001122_en_001	1
Q000178	0	C001122_en_002	1
Q000178	0	C001122_en_003	1
Q000178	0	C001122_en_004	1
Q000178	0	C001122_en_005	1
Q000178	0	C001122_en_006	1
Q000178	0	C001122_en_007	1
Q000178	0	C001122_en_008	1
Q000178	0	C001122_en_009	1
Q000178	0	C001122_en_010	1
Q000178	0	C001122_en_011	1
Q000178	0	C001122_en_012	1
Q000178	0	C001122_en_013	1
Q000178	0	C001122_en_014	1
Q000178	0	C001122_en_015	1
Q000178	0	C001122_en_016	1
Q000178	0	C001122_en_017	1
Q000178	0	C001122_en_018	1
Q000178	0	C001122_en_019	1
Q000178	0	C001122_en_020	1
Q000178	0	C001122_en_021	1
Q000178	0	C001122_en_022	1
Q000178	0	C001122_en_023	1
Q000178	0	C001122_en_024	1
Q000178	0	C001122_en_025	1
Q000178	0	C001122_en_026	1
Q000178	0	C001122_en_027	1
Q000178	0	C001122_en_028	1
Q000178	0	C001122_en_029	1
Q000178	0	C001122_en_030	1
Q000178	0	C001122_en_031	1
Q000178	0	C001122_en_032	1
Q000179	0	C000251_en_000	1
Q000180	0	C001014_en_000	1
Q000180	0	C001014_en_001	1
Q000180	0	C001014_en_002	1
Q000180	0	C001014_en_003	1
Q000180	0	C001014_en_004	1
Q000180	0	C001014_en_005	1
Q000180	0	C001014_en_006	1
Q000180	0	C001014_en_007	1
Q000181	0	C002355_en_000	1
Q000181	0	C002355_en_001	1
Q000181	0	C002355_en_002	1
Q000181	0	C002355_en_003	1
Q000181	0	C002355_en_004	1
Q000181	0	C002355_en_005	1
Q000181	0	C002355_en_006	1
Q000181	0	C002355_en_007	1
Q000181	0	C002355_en_008	1
Q000181	0	C002355_en_009	1
Q000182	0	C001756_en_000	1
Q000182	0	C001756_en_001	1
Q000182	0	C001756_en_002	1
Q000182	0	C001756_en_003	1
Q000182	0	C001756_en_004	1
Q000182	0	C001756_en_005	1
Q000182	0	C001756_en_006	1
Q000182	0	C001756_en_007	1
Q000182	0	C001756_en_008	1
Q000182	0	C001756_en_009	1
Q000182	0	C001756_en_010	1
Q000183	0	C002218_en_000	1
Q000183	0	C002218_en_001	1
Q000183	0	C002218_en_002	1
Q000183	0	C002218_en_003	1
Q000183	0	C002218_en_004	1
Q000183	0	C002218_en_005	1
Q000183	0	C002218_en_006	1
Q000184	0	C000266_en_000	1
Q000185	0	C000267_en_000	1
Q000186	0	C000268_en_000	1
Q000187	0	C001586_en_000	1
Q000187	0	C001586_en_001	1
Q000187	0	C001586_en_002	1
Q000187	0	C001586_en_003	1
Q000187	0	C001586_en_004	1
Q000187	0	C001586_en_005	1
Q000187	0	C001586_en_006	1
Q000187	0	C001586_en_007	1
Q000187	0	C001586_en_008	1
Q000187	0	C001586_en_009	1
Q000187	0	C001586_en_010	1
Q000187	0	C001586_en_011	1
Q000187	0	C001586_en_012	1
Q000187	0	C001586_en_013	1
Q000187	0	C001586_en_014	1
Q000187	0	C001586_en_015	1
Q000187	0	C001586_en_016	1
Q000188	0	C000269_en_000	1
Q000189	0	C000962_en_000	1
Q000189	0	C000962_en_001	1
Q000189	0	C000962_en_002	1
Q000189	0	C000962_en_003	1
Q000189	0	C000962_en_004	1
Q000189	0	C000962_en_005	1
Q000189	0	C000962_en_006	1
Q000189	0	C000962_en_007	1
Q000189	0	C000962_en_008	1
Q000190	0	C001849_en_000	1
Q000190	0	C001849_en_001	1
Q000190	0	C001849_en_002	1
Q000190	0	C001849_en_003	1
Q000190	0	C001849_en_004	1
Q000190	0	C001849_en_005	1
Q000190	0	C001849_en_006	1
Q000190	0	C001849_en_007	1
Q000190	0	C001849_en_008	1
Q000190	0	C001849_en_009	1
Q000190	0	C001849_en_010	1
Q000190	0	C001849_en_011	1
Q000190	0	C001849_en_012	1
Q000190	0	C001849_en_013	1
Q000190	0	C001849_en_014	1
Q000190	0	C001849_en_015	1
Q000190	0	C001849_en_016	1
Q000190	0	C001849_en_017	1
Q000190	0	C001849_en_018	1
Q000190	0	C001849_en_019	1
Q000190	0	C001849_en_020	1
Q000190	0	C001849_en_021	1
Q000190	0	C001849_en_022	1
Q000190	0	C001849_en_023	1
Q000190	0	C001849_en_024	1
Q000190	0	C001849_en_025	1
Q000190	0	C001849_en_026	1
Q000190	0	C001849_en_027	1
Q000190	0	C001849_en_028	1
Q000190	0	C001849_en_029	1
Q000190	0	C001849_en_030	1
Q000190	0	C001849_en_031	1
Q000190	0	C001849_en_032	1
Q000190	0	C001849_en_033	1
Q000190	0	C001849_en_034	1
Q000190	0	C001849_en_035	1
Q000190	0	C001849_en_036	1
Q000190	0	C001849_en_037	1
Q000190	0	C001849_en_038	1
Q000190	0	C001849_en_039	1
Q000190	0	C001849_en_040	1
Q000190	0	C001849_en_041	1
Q000190	0	C001849_en_042	1
Q000190	0	C001849_en_043	1
Q000190	0	C001849_en_044	1
Q000190	0	C001849_en_045	1
Q000190	0	C001849_en_046	1
Q000190	0	C001849_en_047	1
Q000191	0	C000284_en_000	1
Q000192	0	C001773_en_000	1
Q000192	0	C001773_en_001	1
Q000192	0	C001773_en_002	1
Q000192	0	C001773_en_003	1
Q000192	0	C001773_en_004	1
Q000192	0	C001773_en_005	1
Q000192	0	C001773_en_006	1
Q000192	0	C001773_en_007	1
Q000192	0	C001773_en_008	1
Q000193	0	C000182_en_000	1
Q000194	0	C000730_en_000	1
Q000194	0	C000730_en_001	1
Q000194	0	C000730_en_002	1
Q000194	0	C000730_en_003	1
Q000194	0	C000730_en_004	1
Q000194	0	C000730_en_005	1
Q000194	0	C000730_en_006	1
Q000194	0	C000730_en_007	1
Q000194	0	C000730_en_008	1
Q000194	0	C000730_en_009	1
Q000194	0	C000730_en_010	1
Q000194	0	C000730_en_011	1
Q000194	0	C000730_en_012	1
Q000194	0	C000730_en_013	1
Q000194	0	C000730_en_014	1
Q000194	0	C000730_en_015	1
Q000194	0	C000730_en_016	1
Q000194	0	C000730_en_017	1
Q000194	0	C000730_en_018	1
Q000194	0	C000730_en_019	1
Q000194	0	C000730_en_020	1
Q000194	0	C000730_en_021	1
Q000194	0	C000730_en_022	1
Q000194	0	C000730_en_023	1
Q000194	0	C000730_en_024	1
Q000194	0	C000730_en_025	1
Q000194	0	C000730_en_026	1
Q000194	0	C000730_en_027	1
Q000194	0	C000730_en_028	1
Q000194	0	C000730_en_029	1
Q000194	0	C000730_en_030	1
Q000194	0	C000730_en_031	1
Q000194	0	C000730_en_032	1
Q000194	0	C000730_en_033	1
Q000194	0	C000730_en_034	1
Q000194	0	C000730_en_035	1
Q000194	0	C000730_en_036	1
Q000194	0	C000730_en_037	1
Q000194	0	C000730_en_038	1
Q000194	0	C000730_en_039	1
Q000194	0	C000730_en_040	1
Q000194	0	C000730_en_041	1
Q000194	0	C000730_en_042	1
Q000194	0	C000730_en_043	1
Q000194	0	C000730_en_044	1
Q000194	0	C000730_en_045	1
Q000194	0	C000730_en_046	1
Q000195	0	C000274_en_000	1
Q000196	0	C001714_en_000	1
Q000196	0	C001714_en_001	1
Q000196	0	C001714_en_002	1
Q000196	0	C001714_en_003	1
Q000196	0	C001714_en_004	1
Q000196	0	C001714_en_005	1
Q000196	0	C001714_en_006	1
Q000196	0	C001714_en_007	1
Q000196	0	C001714_en_008	1
Q000196	0	C001714_en_009	1
Q000196	0	C001714_en_010	1
Q000196	0	C001714_en_011	1
Q000196	0	C001714_en_012	1
Q000196	0	C001714_en_013	1
Q000196	0	C001714_en_014	1
Q000196	0	C001714_en_015	1
Q000196	0	C001714_en_016	1
Q000197	0	C000301_en_000	1
Q000198	0	C000320_en_000	1
Q000199	0	C002674_en_000	1
Q000199	0	C002674_en_001	1
Q000199	0	C002674_en_002	1
Q000199	0	C002674_en_003	1
Q000199	0	C002674_en_004	1
Q000199	0	C002674_en_005	1
Q000199	0	C002674_en_006	1
Q000199	0	C002674_en_007	1
Q000199	0	C002674_en_008	1
Q000199	0	C002674_en_009	1
Q000200	0	C000321_en_000	1
Q000201	0	C000324_en_000	1
Q000202	0	C001490_en_000	1
Q000202	0	C001490_en_001	1
Q000202	0	C001490_en_002	1
Q000202	0	C001490_en_003	1
Q000202	0	C001490_en_004	1
Q000202	0	C001490_en_005	1
Q000202	0	C001490_en_006	1
Q000202	0	C001490_en_007	1
Q000202	0	C001490_en_008	1
Q000202	0	C001490_en_009	1
Q000203	0	C003162_en_000	1
Q000203	0	C003162_en_001	1
Q000203	0	C003162_en_002	1
Q000203	0	C003162_en_003	1
Q000203	0	C003162_en_004	1
Q000204	0	C000330_en_000	1
Q000205	0	C002471_en_000	1
Q000205	0	C002471_en_001	1
Q000205	0	C002471_en_002	1
Q000205	0	C002471_en_003	1
Q000205	0	C002471_en_004	1
Q000205	0	C002471_en_005	1
Q000205	0	C002471_en_006	1
Q000205	0	C002471_en_007	1
Q000205	0	C002471_en_008	1
Q000205	0	C002471_en_009	1
Q000205	0	C002471_en_010	1
Q000205	0	C002471_en_011	1
Q000206	0	C000335_en_000	1
Q000207	0	C001199_en_000	1
Q000207	0	C001199_en_001	1
Q000207	0	C001199_en_002	1
Q000207	0	C001199_en_003	1
Q000207	0	C001199_en_004	1
Q000207	0	C001199_en_005	1
Q000207	0	C001199_en_006	1
Q000207	0	C001199_en_007	1
Q000208	0	C000306_en_000	1
Q000209	0	C000307_en_000	1
Q000210	0	C001115_en_000	1
Q000210	0	C001115_en_001	1
Q000210	0	C001115_en_002	1
Q000210	0	C001115_en_003	1
Q000210	0	C001115_en_004	1
Q000210	0	C001115_en_005	1
Q000211	0	C003463_en_000	1
Q000211	0	C003463_en_001	1
Q000211	0	C003463_en_002	1
Q000211	0	C003463_en_003	1
Q000211	0	C003463_en_004	1
Q000211	0	C003463_en_005	1
Q000211	0	C003463_en_006	1
Q000211	0	C003463_en_007	1
Q000211	0	C003463_en_008	1
Q000211	0	C003463_en_009	1
Q000211	0	C003463_en_010	1
Q000212	0	C000314_en_000	1
Q000213	0	C002793_en_000	1
Q000213	0	C002793_en_001	1
Q000213	0	C002793_en_002	1
Q000213	0	C002793_en_003	1
Q000213	0	C002793_en_004	1
Q000213	0	C002793_en_005	1
Q000213	0	C002793_en_006	1
Q000213	0	C002793_en_007	1
Q000213	0	C002793_en_008	1
Q000214	0	C000316_en_000	1
Q000215	0	C001896_en_000	1
Q000215	0	C001896_en_001	1
Q000215	0	C001896_en_002	1
Q000215	0	C001896_en_003	1
Q000215	0	C001896_en_004	1
Q000215	0	C001896_en_005	1
Q000215	0	C001896_en_006	1
Q000216	0	C000317_en_000	1
Q000217	0	C000366_en_000	1
Q000218	0	C000367_en_000	1
Q000219	0	C000759_en_000	1
Q000219	0	C000759_en_001	1
Q000219	0	C000759_en_002	1
Q000219	0	C000759_en_003	1
Q000219	0	C000759_en_004	1
Q000219	0	C000759_en_005	1
Q000219	0	C000759_en_006	1
Q000219	0	C000759_en_007	1
Q000219	0	C000759_en_008	1
Q000219	0	C000759_en_009	1
Q000219	0	C000759_en_010	1
Q000219	0	C000759_en_011	1
Q000219	0	C000759_en_012	1
Q000219	0	C000759_en_013	1
Q000219	0	C000759_en_014	1
Q000219	0	C000759_en_015	1
Q000219	0	C000759_en_016	1
Q000219	0	C000759_en_017	1
Q000220	0	C002987_en_000	1
Q000220	0	C002987_en_001	1
Q000220	0	C002987_en_002	1
Q000220	0	C002987_en_003	1
Q000220	0	C002987_en_004	1
Q000220	0	C002987_en_005	1
Q000220	0	C002987_en_006	1
Q000220	0	C002987_en_007	1
Q000220	0	C002987_en_008	1
Q000220	0	C002987_en_009	1
Q000220	0	C002987_en_010	1
Q000220	0	C002987_en_011	1
Q000220	0	C002987_en_012	1
Q000220	0	C002987_en_013	1
Q000220	0	C002987_en_014	1
Q000221	0	C001403_en_000	1
Q000221	0	C001403_en_001	1
Q000221	0	C001403_en_002	1
Q000221	0	C001403_en_003	1
Q000221	0	C001403_en_004	1
Q000221	0	C001403_en_005	1
Q000221	0	C001403_en_006	1
Q000221	0	C001403_en_007	1
Q000221	0	C001403_en_008	1
Q000221	0	C001403_en_009	1
Q000221	0	C001403_en_010	1
Q000221	0	C001403_en_011	1
Q000221	0	C001403_en_012	1
Q000221	0	C001403_en_013	1
Q000221	0	C001403_en_014	1
Q000221	0	C001403_en_015	1
Q000221	0	C001403_en_016	1
Q000221	0	C001403_en_017	1
Q000221	0	C001403_en_018	1
Q000221	0	C001403_en_019	1
Q000222	0	C002476_en_000	1
Q000222	0	C002476_en_001	1
Q000222	0	C002476_en_002	1
Q000222	0	C002476_en_003	1
Q000222	0	C002476_en_004	1
Q000222	0	C002476_en_005	1
Q000222	0	C002476_en_006	1
Q000222	0	C002476_en_007	1
Q000222	0	C002476_en_008	1
Q000222	0	C002476_en_009	1
Q000223	0	C000806_en_000	1
Q000223	0	C000806_en_001	1
Q000223	0	C000806_en_002	1
Q000223	0	C000806_en_003	1
Q000223	0	C000806_en_004	1
Q000223	0	C000806_en_005	1
Q000223	0	C000806_en_006	1
Q000223	0	C000806_en_007	1
Q000223	0	C000806_en_008	1
Q000223	0	C000806_en_009	1
Q000223	0	C000806_en_010	1
Q000223	0	C000806_en_011	1
Q000223	0	C000806_en_012	1
Q000223	0	C000806_en_013	1
Q000223	0	C000806_en_014	1
Q000223	0	C000806_en_015	1
Q000223	0	C000806_en_016	1
Q000223	0	C000806_en_017	1
Q000223	0	C000806_en_018	1
Q000223	0	C000806_en_019	1
Q000223	0	C000806_en_020	1
Q000223	0	C000806_en_021	1
Q000223	0	C000806_en_022	1
Q000223	0	C000806_en_023	1
Q000223	0	C000806_en_024	1
Q000224	0	C000374_en_000	1
Q000225	0	C001621_en_000	1
Q000225	0	C001621_en_001	1
Q000225	0	C001621_en_002	1
Q000225	0	C001621_en_003	1
Q000225	0	C001621_en_004	1
Q000225	0	C001621_en_005	1
Q000225	0	C001621_en_006	1
Q000225	0	C001621_en_007	1
Q000225	0	C001621_en_008	1
Q000225	0	C001621_en_009	1
Q000226	0	C003133_en_000	1
Q000226	0	C003133_en_001	1
Q000226	0	C003133_en_002	1
Q000226	0	C003133_en_003	1
Q000226	0	C003133_en_004	1
Q000226	0	C003133_en_005	1
Q000226	0	C003133_en_006	1
Q000226	0	C003133_en_007	1
Q000227	0	C000346_en_000	1
Q000228	0	C002344_en_000	1
Q000228	0	C002344_en_001	1
Q000228	0	C002344_en_002	1
Q000228	0	C002344_en_003	1
Q000228	0	C002344_en_004	1
Q000228	0	C002344_en_005	1
Q000228	0	C002344_en_006	1
Q000228	0	C002344_en_007	1
Q000228	0	C002344_en_008	1
Q000228	0	C002344_en_009	1
Q000228	0	C002344_en_010	1
Q000228	0	C002344_en_011	1
Q000228	0	C002344_en_012	1
Q000228	0	C002344_en_013	1
Q000228	0	C002344_en_014	1
Q000228	0	C002344_en_015	1
Q000228	0	C002344_en_016	1
Q000228	0	C002344_en_017	1
Q000228	0	C002344_en_018	1
Q000228	0	C002344_en_019	1
Q000228	0	C002344_en_020	1
Q000228	0	C002344_en_021	1
Q000228	0	C002344_en_022	1
Q000228	0	C002344_en_023	1
Q000229	0	C003228_en_000	1
Q000229	0	C003228_en_001	1
Q000229	0	C003228_en_002	1
Q000229	0	C003228_en_003	1
Q000229	0	C003228_en_004	1
Q000230	0	C002539_en_000	1
Q000230	0	C002539_en_001	1
Q000230	0	C002539_en_002	1
Q000230	0	C002539_en_003	1
Q000230	0	C002539_en_004	1
Q000230	0	C002539_en_005	1
Q000230	0	C002539_en_006	1
Q000230	0	C002539_en_007	1
Q000230	0	C002539_en_008	1
Q000231	0	C000355_en_000	1
Q000232	0	C002243_en_000	1
Q000232	0	C002243_en_001	1
Q000232	0	C002243_en_002	1
Q000232	0	C002243_en_003	1
Q000232	0	C002243_en_004	1
Q000232	0	C002243_en_005	1
Q000232	0	C002243_en_006	1
Q000232	0	C002243_en_007	1
Q000232	0	C002243_en_008	1
Q000232	0	C002243_en_009	1
Q000233	0	C000863_en_000	1
Q000233	0	C000863_en_001	1
Q000233	0	C000863_en_002	1
Q000233	0	C000863_en_003	1
Q000233	0	C000863_en_004	1
Q000233	0	C000863_en_005	1
Q000233	0	C000863_en_006	1
Q000233	0	C000863_en_007	1
Q000233	0	C000863_en_008	1
Q000233	0	C000863_en_009	1
Q000233	0	C000863_en_010	1
Q000234	0	C000356_en_000	1
Q000235	0	C002751_en_000	1
Q000235	0	C002751_en_001	1
Q000235	0	C002751_en_002	1
Q000235	0	C002751_en_003	1
Q000235	0	C002751_en_004	1
Q000235	0	C002751_en_005	1
Q000235	0	C002751_en_006	1
Q000235	0	C002751_en_007	1
Q000235	0	C002751_en_008	1
Q000236	0	C001666_en_000	1
Q000236	0	C001666_en_001	1
Q000236	0	C001666_en_002	1
Q000236	0	C001666_en_003	1
Q000236	0	C001666_en_004	1
Q000236	0	C001666_en_005	1
Q000236	0	C001666_en_006	1
Q000236	0	C001666_en_007	1
Q000236	0	C001666_en_008	1
Q000236	0	C001666_en_009	1
Q000236	0	C001666_en_010	1
Q000236	0	C001666_en_011	1
Q000236	0	C001666_en_012	1
Q000236	0	C001666_en_013	1
Q000237	0	C002253_en_000	1
Q000237	0	C002253_en_001	1
Q000237	0	C002253_en_002	1
Q000237	0	C002253_en_003	1
Q000237	0	C002253_en_004	1
Q000237	0	C002253_en_005	1
Q000237	0	C002253_en_006	1
Q000238	0	C000391_en_000	1
Q000239	0	C000393_en_000	1
Q000240	0	C002803_en_000	1
Q000240	0	C002803_en_001	1
Q000240	0	C002803_en_002	1
Q000240	0	C002803_en_003	1
Q000240	0	C002803_en_004	1
Q000240	0	C002803_en_005	1
Q000241	0	C000393_en_000	1
Q000242	0	C002845_en_000	1
Q000242	0	C002845_en_001	1
Q000242	0	C002845_en_002	1
Q000242	0	C002845_en_003	1
Q000242	0	C002845_en_004	1
Q000242	0	C002845_en_005	1
Q000242	0	C002845_en_006	1
Q000243	0	C000357_en_000	1
Q000244	0	C000360_en_000	1
Q000245	0	C000397_en_000	1
Q000246	0	C000943_en_000	1
Q000246	0	C000943_en_001	1
Q000246	0	C000943_en_002	1
Q000246	0	C000943_en_003	1
Q000246	0	C000943_en_004	1
Q000246	0	C000943_en_005	1
Q000246	0	C000943_en_006	1
Q000246	0	C000943_en_007	1
Q000247	0	C001716_en_000	1
Q000247	0	C001716_en_001	1
Q000247	0	C001716_en_002	1
Q000247	0	C001716_en_003	1
Q000247	0	C001716_en_004	1
Q000247	0	C001716_en_005	1
Q000247	0	C001716_en_006	1
Q000247	0	C001716_en_007	1
Q000247	0	C001716_en_008	1
Q000247	0	C001716_en_009	1
Q000247	0	C001716_en_010	1
Q000247	0	C001716_en_011	1
Q000247	0	C001716_en_012	1
Q000247	0	C001716_en_013	1
Q000247	0	C001716_en_014	1
Q000247	0	C001716_en_015	1
Q000247	0	C001716_en_016	1
Q000247	0	C001716_en_017	1
Q000247	0	C001716_en_018	1
Q000248	0	C000400_en_000	1
Q000249	0	C003087_en_000	1
Q000249	0	C003087_en_001	1
Q000249	0	C003087_en_002	1
Q000249	0	C003087_en_003	1
Q000249	0	C003087_en_004	1
Q000250	0	C000654_en_000	1
Q000250	0	C000654_en_001	1
Q000250	0	C000654_en_002	1
Q000250	0	C000654_en_003	1
Q000250	0	C000654_en_004	1
Q000251	0	C000410_en_000	1
Q000252	0	C000410_en_000	1
Q000253	0	C002996_en_000	1
Q000253	0	C002996_en_001	1
Q000253	0	C002996_en_002	1
Q000253	0	C002996_en_003	1
Q000253	0	C002996_en_004	1
Q000253	0	C002996_en_005	1
Q000253	0	C002996_en_006	1
Q000253	0	C002996_en_007	1
Q000253	0	C002996_en_008	1
Q000253	0	C002996_en_009	1
Q000253	0	C002996_en_010	1
Q000254	0	C001099_en_000	1
Q000254	0	C001099_en_001	1
Q000254	0	C001099_en_002	1
Q000254	0	C001099_en_003	1
Q000254	0	C001099_en_004	1
Q000254	0	C001099_en_005	1
Q000255	0	C001956_en_000	1
Q000255	0	C001956_en_001	1
Q000255	0	C001956_en_002	1
Q000255	0	C001956_en_003	1
Q000255	0	C001956_en_004	1
Q000256	0	C001022_en_000	1
Q000256	0	C001022_en_001	1
Q000256	0	C001022_en_002	1
Q000257	0	C000910_en_000	1
Q000257	0	C000910_en_001	1
Q000257	0	C000910_en_002	1
Q000257	0	C000910_en_003	1
Q000257	0	C000910_en_004	1
Q000257	0	C000910_en_005	1
Q000257	0	C000910_en_006	1
Q000257	0	C000910_en_007	1
Q000257	0	C000910_en_008	1
Q000257	0	C000910_en_009	1
Q000257	0	C000910_en_010	1
Q000258	0	C002353_en_000	1
Q000258	0	C002353_en_001	1
Q000258	0	C002353_en_002	1
Q000258	0	C002353_en_003	1
Q000258	0	C002353_en_004	1
Q000258	0	C002353_en_005	1
Q000258	0	C002353_en_006	1
Q000258	0	C002353_en_007	1
Q000258	0	C002353_en_008	1
Q000258	0	C002353_en_009	1
Q000258	0	C002353_en_010	1
Q000259	0	C000975_en_000	1
Q000259	0	C000975_en_001	1
Q000259	0	C000975_en_002	1
Q000259	0	C000975_en_003	1
Q000259	0	C000975_en_004	1
Q000259	0	C000975_en_005	1
Q000259	0	C000975_en_006	1
Q000259	0	C000975_en_007	1
Q000259	0	C000975_en_008	1
Q000259	0	C000975_en_009	1
Q000259	0	C000975_en_010	1
Q000259	0	C000975_en_011	1
Q000260	0	C001991_en_000	1
Q000260	0	C001991_en_001	1
Q000260	0	C001991_en_002	1
Q000260	0	C001991_en_003	1
Q000260	0	C001991_en_004	1
Q000260	0	C001991_en_005	1
Q000260	0	C001991_en_006	1
Q000260	0	C001991_en_007	1
Q000260	0	C001991_en_008	1
Q000260	0	C001991_en_009	1
Q000260	0	C001991_en_010	1
Q000260	0	C001991_en_011	1
Q000261	0	C001433_en_000	1
Q000261	0	C001433_en_001	1
Q000261	0	C001433_en_002	1
Q000261	0	C001433_en_003	1
Q000261	0	C001433_en_004	1
Q000261	0	C001433_en_005	1
Q000261	0	C001433_en_006	1
Q000261	0	C001433_en_007	1
Q000261	0	C001433_en_008	1
Q000261	0	C001433_en_009	1
Q000261	0	C001433_en_010	1
Q000261	0	C001433_en_011	1
Q000261	0	C001433_en_012	1
Q000261	0	C001433_en_013	1
Q000262	0	C002653_en_000	1
Q000262	0	C002653_en_001	1
Q000262	0	C002653_en_002	1
Q000262	0	C002653_en_003	1
Q000262	0	C002653_en_004	1
Q000262	0	C002653_en_005	1
Q000262	0	C002653_en_006	1
Q000262	0	C002653_en_007	1
Q000262	0	C002653_en_008	1
Q000262	0	C002653_en_009	1
Q000262	0	C002653_en_010	1
Q000262	0	C002653_en_011	1
Q000262	0	C002653_en_012	1
Q000262	0	C002653_en_013	1
Q000262	0	C002653_en_014	1
Q000262	0	C002653_en_015	1
Q000262	0	C002653_en_016	1
Q000262	0	C002653_en_017	1
Q000262	0	C002653_en_018	1
Q000263	0	C001579_en_000	1
Q000263	0	C001579_en_001	1
Q000263	0	C001579_en_002	1
Q000263	0	C001579_en_003	1
Q000263	0	C001579_en_004	1
Q000263	0	C001579_en_005	1
Q000263	0	C001579_en_006	1
Q000263	0	C001579_en_007	1
Q000263	0	C001579_en_008	1
Q000263	0	C001579_en_009	1
Q000264	0	C000476_en_000	1
Q000265	0	C001614_en_000	1
Q000265	0	C001614_en_001	1
Q000265	0	C001614_en_002	1
Q000265	0	C001614_en_003	1
Q000265	0	C001614_en_004	1
Q000266	0	C001658_en_000	1
Q000266	0	C001658_en_001	1
Q000266	0	C001658_en_002	1
Q000266	0	C001658_en_003	1
Q000266	0	C001658_en_004	1
Q000266	0	C001658_en_005	1
Q000266	0	C001658_en_006	1
Q000267	0	C002093_en_000	1
Q000267	0	C002093_en_001	1
Q000267	0	C002093_en_002	1
Q000267	0	C002093_en_003	1
Q000267	0	C002093_en_004	1
Q000267	0	C002093_en_005	1
Q000267	0	C002093_en_006	1
Q000267	0	C002093_en_007	1
Q000267	0	C002093_en_008	1
Q000267	0	C002093_en_009	1
Q000267	0	C002093_en_010	1
Q000267	0	C002093_en_011	1
Q000267	0	C002093_en_012	1
Q000267	0	C002093_en_013	1
Q000267	0	C002093_en_014	1
Q000267	0	C002093_en_015	1
Q000267	0	C002093_en_016	1
Q000267	0	C002093_en_017	1
Q000267	0	C002093_en_018	1
Q000267	0	C002093_en_019	1
Q000267	0	C002093_en_020	1
Q000267	0	C002093_en_021	1
Q000267	0	C002093_en_022	1
Q000267	0	C002093_en_023	1
Q000267	0	C002093_en_024	1
Q000268	0	C003526_en_000	1
Q000268	0	C003526_en_001	1
Q000268	0	C003526_en_002	1
Q000268	0	C003526_en_003	1
Q000268	0	C003526_en_004	1
Q000268	0	C003526_en_005	1
Q000268	0	C003526_en_006	1
Q000268	0	C003526_en_007	1
Q000268	0	C003526_en_008	1
Q000268	0	C003526_en_009	1
Q000268	0	C003526_en_010	1
Q000268	0	C003526_en_011	1
Q000268	0	C003526_en_012	1
Q000268	0	C003526_en_013	1
Q000268	0	C003526_en_014	1
Q000268	0	C003526_en_015	1
Q000269	0	C002015_en_000	1
Q000269	0	C002015_en_001	1
Q000269	0	C002015_en_002	1
Q000269	0	C002015_en_003	1
Q000269	0	C002015_en_004	1
Q000269	0	C002015_en_005	1
Q000269	0	C002015_en_006	1
Q000269	0	C002015_en_007	1
Q000269	0	C002015_en_008	1
Q000269	0	C002015_en_009	1
Q000269	0	C002015_en_010	1
Q000269	0	C002015_en_011	1
Q000269	0	C002015_en_012	1
Q000269	0	C002015_en_013	1
Q000269	0	C002015_en_014	1
Q000269	0	C002015_en_015	1
Q000269	0	C002015_en_016	1
Q000269	0	C002015_en_017	1
Q000269	0	C002015_en_018	1
Q000269	0	C002015_en_019	1
Q000269	0	C002015_en_020	1
Q000269	0	C002015_en_021	1
Q000269	0	C002015_en_022	1
Q000269	0	C002015_en_023	1
Q000269	0	C002015_en_024	1
Q000269	0	C002015_en_025	1
Q000269	0	C002015_en_026	1
Q000269	0	C002015_en_027	1
Q000270	0	C000452_en_000	1
Q000271	0	C000461_en_000	1
Q000272	0	C001238_en_000	1
Q000272	0	C001238_en_001	1
Q000272	0	C001238_en_002	1
Q000272	0	C001238_en_003	1
Q000272	0	C001238_en_004	1
Q000272	0	C001238_en_005	1
Q000272	0	C001238_en_006	1
Q000272	0	C001238_en_007	1
Q000272	0	C001238_en_008	1
Q000272	0	C001238_en_009	1
Q000272	0	C001238_en_010	1
Q000272	0	C001238_en_011	1
Q000272	0	C001238_en_012	1
Q000272	0	C001238_en_013	1
Q000272	0	C001238_en_014	1
Q000272	0	C001238_en_015	1
Q000272	0	C001238_en_016	1
Q000272	0	C001238_en_017	1
Q000272	0	C001238_en_018	1
Q000272	0	C001238_en_019	1
Q000272	0	C001238_en_020	1
Q000273	0	C003536_en_000	1
Q000273	0	C003536_en_001	1
Q000273	0	C003536_en_002	1
Q000273	0	C003536_en_003	1
Q000273	0	C003536_en_004	1
Q000273	0	C003536_en_005	1
Q000273	0	C003536_en_006	1
Q000273	0	C003536_en_007	1
Q000273	0	C003536_en_008	1
Q000273	0	C003536_en_009	1
Q000273	0	C003536_en_010	1
Q000273	0	C003536_en_011	1
Q000273	0	C003536_en_012	1
Q000273	0	C003536_en_013	1
Q000273	0	C003536_en_014	1
Q000273	0	C003536_en_015	1
Q000273	0	C003536_en_016	1
Q000273	0	C003536_en_017	1
Q000273	0	C003536_en_018	1
Q000273	0	C003536_en_019	1
Q000273	0	C003536_en_020	1
Q000273	0	C003536_en_021	1
Q000273	0	C003536_en_022	1
Q000273	0	C003536_en_023	1
Q000273	0	C003536_en_024	1
Q000274	0	C002531_en_000	1
Q000274	0	C002531_en_001	1
Q000274	0	C002531_en_002	1
Q000274	0	C002531_en_003	1
Q000274	0	C002531_en_004	1
Q000274	0	C002531_en_005	1
Q000274	0	C002531_en_006	1
Q000274	0	C002531_en_007	1
Q000274	0	C002531_en_008	1
Q000274	0	C002531_en_009	1
Q000274	0	C002531_en_010	1
Q000274	0	C002531_en_011	1
Q000275	0	C002425_en_000	1
Q000275	0	C002425_en_001	1
Q000275	0	C002425_en_002	1
Q000275	0	C002425_en_003	1
Q000275	0	C002425_en_004	1
Q000275	0	C002425_en_005	1
Q000275	0	C002425_en_006	1
Q000276	0	C001824_en_000	1
Q000276	0	C001824_en_001	1
Q000276	0	C001824_en_002	1
Q000276	0	C001824_en_003	1
Q000276	0	C001824_en_004	1
Q000276	0	C001824_en_005	1
Q000276	0	C001824_en_006	1
Q000276	0	C001824_en_007	1
Q000276	0	C001824_en_008	1
Q000276	0	C001824_en_009	1
Q000277	0	C003440_en_000	1
Q000277	0	C003440_en_001	1
Q000277	0	C003440_en_002	1
Q000277	0	C003440_en_003	1
Q000277	0	C003440_en_004	1
Q000277	0	C003440_en_005	1
Q000277	0	C003440_en_006	1
Q000277	0	C003440_en_007	1
Q000277	0	C003440_en_008	1
Q000277	0	C003440_en_009	1
Q000277	0	C003440_en_010	1
Q000277	0	C003440_en_011	1
Q000277	0	C003440_en_012	1
Q000277	0	C003440_en_013	1
Q000277	0	C003440_en_014	1
Q000278	0	C001998_en_000	1
Q000278	0	C001998_en_001	1
Q000278	0	C001998_en_002	1
Q000278	0	C001998_en_003	1
Q000278	0	C001998_en_004	1
Q000278	0	C001998_en_005	1
Q000278	0	C001998_en_006	1
Q000279	0	C000697_en_000	1
Q000279	0	C000697_en_001	1
Q000279	0	C000697_en_002	1
Q000279	0	C000697_en_003	1
Q000279	0	C000697_en_004	1
Q000279	0	C000697_en_005	1
Q000279	0	C000697_en_006	1
Q000280	0	C001402_en_000	1
Q000280	0	C001402_en_001	1
Q000280	0	C001402_en_002	1
Q000280	0	C001402_en_003	1
Q000280	0	C001402_en_004	1
Q000280	0	C001402_en_005	1
Q000280	0	C001402_en_006	1
Q000280	0	C001402_en_007	1
Q000280	0	C001402_en_008	1
Q000280	0	C001402_en_009	1
Q000280	0	C001402_en_010	1
Q000281	0	C001126_en_000	1
Q000281	0	C001126_en_001	1
Q000281	0	C001126_en_002	1
Q000281	0	C001126_en_003	1
Q000281	0	C001126_en_004	1
Q000281	0	C001126_en_005	1
Q000281	0	C001126_en_006	1
Q000281	0	C001126_en_007	1
Q000281	0	C001126_en_008	1
Q000281	0	C001126_en_009	1
Q000281	0	C001126_en_010	1
Q000281	0	C001126_en_011	1
Q000282	0	C000431_en_000	1
Q000283	0	C002398_en_000	1
Q000283	0	C002398_en_001	1
Q000283	0	C002398_en_002	1
Q000283	0	C002398_en_003	1
Q000283	0	C002398_en_004	1
Q000283	0	C002398_en_005	1
Q000283	0	C002398_en_006	1
Q000283	0	C002398_en_007	1
Q000283	0	C002398_en_008	1
Q000283	0	C002398_en_009	1
Q000283	0	C002398_en_010	1
Q000283	0	C002398_en_011	1
Q000283	0	C002398_en_012	1
Q000283	0	C002398_en_013	1
Q000284	0	C002084_en_000	1
Q000284	0	C002084_en_001	1
Q000284	0	C002084_en_002	1
Q000284	0	C002084_en_003	1
Q000284	0	C002084_en_004	1
Q000284	0	C002084_en_005	1
Q000284	0	C002084_en_006	1
Q000284	0	C002084_en_007	1
Q000284	0	C002084_en_008	1
Q000285	0	C003480_en_000	1
Q000285	0	C003480_en_001	1
Q000285	0	C003480_en_002	1
Q000285	0	C003480_en_003	1
Q000285	0	C003480_en_004	1
Q000285	0	C003480_en_005	1
Q000285	0	C003480_en_006	1
Q000285	0	C003480_en_007	1
Q000285	0	C003480_en_008	1
Q000285	0	C003480_en_009	1
Q000285	0	C003480_en_010	1
Q000285	0	C003480_en_011	1
Q000285	0	C003480_en_012	1
Q000285	0	C003480_en_013	1
Q000285	0	C003480_en_014	1
Q000285	0	C003480_en_015	1
Q000285	0	C003480_en_016	1
Q000285	0	C003480_en_017	1
Q000285	0	C003480_en_018	1
Q000285	0	C003480_en_019	1
Q000285	0	C003480_en_020	1
Q000285	0	C003480_en_021	1
Q000285	0	C003480_en_022	1
Q000285	0	C003480_en_023	1
Q000285	0	C003480_en_024	1
Q000285	0	C003480_en_025	1
Q000285	0	C003480_en_026	1
Q000285	0	C003480_en_027	1
Q000285	0	C003480_en_028	1
Q000285	0	C003480_en_029	1
Q000285	0	C003480_en_030	1
Q000285	0	C003480_en_031	1
Q000285	0	C003480_en_032	1
Q000285	0	C003480_en_033	1
Q000286	0	C002729_en_000	1
Q000286	0	C002729_en_001	1
Q000286	0	C002729_en_002	1
Q000286	0	C002729_en_003	1
Q000286	0	C002729_en_004	1
Q000286	0	C002729_en_005	1
Q000286	0	C002729_en_006	1
Q000287	0	C002755_en_000	1
Q000287	0	C002755_en_001	1
Q000287	0	C002755_en_002	1
Q000287	0	C002755_en_003	1
Q000287	0	C002755_en_004	1
Q000287	0	C002755_en_005	1
Q000287	0	C002755_en_006	1
Q000287	0	C002755_en_007	1
Q000287	0	C002755_en_008	1
Q000288	0	C000450_en_000	1
Q000289	0	C000651_en_000	1
Q000289	0	C000651_en_001	1
Q000289	0	C000651_en_002	1
Q000289	0	C000651_en_003	1
Q000289	0	C000651_en_004	1
Q000289	0	C000651_en_005	1
Q000289	0	C000651_en_006	1
Q000289	0	C000651_en_007	1
Q000289	0	C000651_en_008	1
Q000289	0	C000651_en_009	1
Q000289	0	C000651_en_010	1
Q000289	0	C000651_en_011	1
Q000290	0	C001649_en_000	1
Q000290	0	C001649_en_001	1
Q000290	0	C001649_en_002	1
Q000290	0	C001649_en_003	1
Q000290	0	C001649_en_004	1
Q000290	0	C001649_en_005	1
Q000290	0	C001649_en_006	1
Q000290	0	C001649_en_007	1
Q000290	0	C001649_en_008	1
Q000291	0	C000429_en_000	1
Q000292	0	C001707_en_000	1
Q000292	0	C001707_en_001	1
Q000292	0	C001707_en_002	1
Q000292	0	C001707_en_003	1
Q000292	0	C001707_en_004	1
Q000292	0	C001707_en_005	1
Q000292	0	C001707_en_006	1
Q000292	0	C001707_en_007	1
Q000292	0	C001707_en_008	1
Q000292	0	C001707_en_009	1
Q000292	0	C001707_en_010	1
Q000293	0	C002659_en_000	1
Q000293	0	C002659_en_001	1
Q000293	0	C002659_en_002	1
Q000293	0	C002659_en_003	1
Q000293	0	C002659_en_004	1
Q000293	0	C002659_en_005	1
Q000294	0	C001133_en_000	1
Q000294	0	C001133_en_001	1
Q000294	0	C001133_en_002	1
Q000294	0	C001133_en_003	1
Q000294	0	C001133_en_004	1
Q000294	0	C001133_en_005	1
Q000294	0	C001133_en_006	1
Q000294	0	C001133_en_007	1
Q000294	0	C001133_en_008	1
Q000295	0	C000492_en_000	1
Q000296	0	C001204_en_000	1
Q000296	0	C001204_en_001	1
Q000296	0	C001204_en_002	1
Q000296	0	C001204_en_003	1
Q000296	0	C001204_en_004	1
Q000297	0	C000529_en_000	1
Q000298	0	C001593_en_000	1
Q000298	0	C001593_en_001	1
Q000298	0	C001593_en_002	1
Q000298	0	C001593_en_003	1
Q000298	0	C001593_en_004	1
Q000298	0	C001593_en_005	1
Q000299	0	C000533_en_000	1
Q000300	0	C000534_en_000	1
Q000301	0	C000541_en_000	1
Q000302	0	C000527_en_000	1
Q000303	0	C001217_en_000	1
Q000303	0	C001217_en_001	1
Q000303	0	C001217_en_002	1
Q000303	0	C001217_en_003	1
Q000303	0	C001217_en_004	1
Q000303	0	C001217_en_005	1
Q000303	0	C001217_en_006	1
Q000304	0	C001047_en_000	1
Q000304	0	C001047_en_001	1
Q000304	0	C001047_en_002	1
Q000304	0	C001047_en_003	1
Q000304	0	C001047_en_004	1
Q000304	0	C001047_en_005	1
Q000305	0	C000522_en_000	1
Q000306	0	C000526_en_000	1
Q000307	0	C000525_en_000	1
Q000308	0	C000523_en_000	1
Q000309	0	C000517_en_000	1
Q000310	0	C000540_en_000	1
Q000311	0	C000520_en_000	1
Q000312	0	C003021_en_000	1
Q000312	0	C003021_en_001	1
Q000312	0	C003021_en_002	1
Q000312	0	C003021_en_003	1
Q000312	0	C003021_en_004	1
Q000312	0	C003021_en_005	1
Q000312	0	C003021_en_006	1
Q000312	0	C003021_en_007	1
Q000312	0	C003021_en_008	1
Q000312	0	C003021_en_009	1
Q000312	0	C003021_en_010	1
Q000313	0	C002871_en_000	1
Q000313	0	C002871_en_001	1
Q000313	0	C002871_en_002	1
Q000313	0	C002871_en_003	1
Q000313	0	C002871_en_004	1
Q000313	0	C002871_en_005	1
Q000313	0	C002871_en_006	1
Q000313	0	C002871_en_007	1
Q000313	0	C002871_en_008	1
Q000313	0	C002871_en_009	1
Q000313	0	C002871_en_010	1
Q000313	0	C002871_en_011	1
Q000314	0	C000550_en_000	1
Q000315	0	C000551_en_000	1
Q000316	0	C000514_en_000	1
Q000317	0	C000516_en_000	1
Q000318	0	C000546_en_000	1
Q000319	0	C000546_en_000	1
Q000320	0	C000544_en_000	1
Q000321	0	C000546_en_000	1
Q000322	0	C000545_en_000	1
Q000323	0	C003206_en_000	1
Q000323	0	C003206_en_001	1
Q000323	0	C003206_en_002	1
Q000323	0	C003206_en_003	1
Q000323	0	C003206_en_004	1
Q000323	0	C003206_en_005	1
Q000323	0	C003206_en_006	1
Q000323	0	C003206_en_007	1
Q000323	0	C003206_en_008	1
Q000323	0	C003206_en_009	1
Q000324	0	C000535_en_000	1
Q000325	0	C000546_en_000	1
Q000326	0	C002178_en_000	1
Q000326	0	C002178_en_001	1
Q000326	0	C002178_en_002	1
Q000326	0	C002178_en_003	1
Q000326	0	C002178_en_004	1
Q000326	0	C002178_en_005	1
Q000326	0	C002178_en_006	1
Q000326	0	C002178_en_007	1
Q000327	0	C000555_en_000	1
Q000328	0	C000676_en_000	1
Q000328	0	C000676_en_001	1
Q000328	0	C000676_en_002	1
Q000328	0	C000676_en_003	1
Q000328	0	C000676_en_004	1
Q000328	0	C000676_en_005	1
Q000329	0	C000554_en_000	1
Q000330	0	C001319_en_000	1
Q000330	0	C001319_en_001	1
Q000330	0	C001319_en_002	1
Q000330	0	C001319_en_003	1
Q000330	0	C001319_en_004	1
Q000330	0	C001319_en_005	1
Q000330	0	C001319_en_006	1
Q000330	0	C001319_en_007	1
Q000331	0	C000558_en_000	1
Q000332	0	C001437_en_000	1
Q000332	0	C001437_en_001	1
Q000332	0	C001437_en_002	1
Q000332	0	C001437_en_003	1
Q000332	0	C001437_en_004	1
Q000332	0	C001437_en_005	1
Q000332	0	C001437_en_006	1
Q000332	0	C001437_en_007	1
Q000332	0	C001437_en_008	1
Q000332	0	C001437_en_009	1
Q000332	0	C001437_en_010	1
Q000332	0	C001437_en_011	1
Q000332	0	C001437_en_012	1
Q000332	0	C001437_en_013	1
Q000332	0	C001437_en_014	1
Q000333	0	C000637_en_000	1
Q000333	0	C000637_en_001	1
Q000333	0	C000637_en_002	1
Q000333	0	C000637_en_003	1
Q000333	0	C000637_en_004	1
Q000333	0	C000637_en_005	1
Q000333	0	C000637_en_006	1
Q000333	0	C000637_en_007	1
Q000333	0	C000637_en_008	1
Q000333	0	C000637_en_009	1
Q000333	0	C000637_en_010	1
Q000333	0	C000637_en_011	1
Q000333	0	C000637_en_012	1
Q000333	0	C000637_en_013	1
Q000333	0	C000637_en_014	1
Q000333	0	C000637_en_015	1
Q000334	0	C000557_en_000	1
Q000335	0	C000563_en_000	1
Q000336	0	C000564_en_000	1
Q000337	0	C000565_en_000	1
Q000338	0	C000566_en_000	1
Q000339	0	C000568_en_000	1
Q000340	0	C003029_en_000	1
Q000340	0	C003029_en_001	1
Q000340	0	C003029_en_002	1
Q000340	0	C003029_en_003	1
Q000340	0	C003029_en_004	1
Q000340	0	C003029_en_005	1
Q000340	0	C003029_en_006	1
Q000340	0	C003029_en_007	1
Q000340	0	C003029_en_008	1
Q000340	0	C003029_en_009	1
Q000340	0	C003029_en_010	1
Q000340	0	C003029_en_011	1
Q000340	0	C003029_en_012	1
Q000340	0	C003029_en_013	1
Q000340	0	C003029_en_014	1
Q000341	0	C001205_en_000	1
Q000341	0	C001205_en_001	1
Q000341	0	C001205_en_002	1
Q000341	0	C001205_en_003	1
Q000341	0	C001205_en_004	1
Q000341	0	C001205_en_005	1
Q000341	0	C001205_en_006	1
Q000341	0	C001205_en_007	1
Q000341	0	C001205_en_008	1
Q000341	0	C001205_en_009	1
Q000341	0	C001205_en_010	1
Q000342	0	C000575_en_000	1
Q000343	0	C002113_en_000	1
Q000343	0	C002113_en_001	1
Q000343	0	C002113_en_002	1
Q000343	0	C002113_en_003	1
Q000343	0	C002113_en_004	1
Q000343	0	C002113_en_005	1
Q000343	0	C002113_en_006	1
Q000343	0	C002113_en_007	1
Q000343	0	C002113_en_008	1
Q000343	0	C002113_en_009	1
Q000343	0	C002113_en_010	1
Q000343	0	C002113_en_011	1
Q000343	0	C002113_en_012	1
Q000343	0	C002113_en_013	1
Q000343	0	C002113_en_014	1
Q000343	0	C002113_en_015	1
Q000344	0	C002359_en_000	1
Q000344	0	C002359_en_001	1
Q000344	0	C002359_en_002	1
Q000344	0	C002359_en_003	1
Q000345	0	C000611_en_000	1
Q000346	0	C000612_en_000	1
Q000347	0	C000596_en_000	1
Q000348	0	C000597_en_000	1
Q000349	0	C000598_en_000	1
Q000350	0	C003399_en_000	1
Q000350	0	C003399_en_001	1
Q000350	0	C003399_en_002	1
Q000350	0	C003399_en_003	1
Q000350	0	C003399_en_004	1
Q000350	0	C003399_en_005	1
Q000350	0	C003399_en_006	1
Q000350	0	C003399_en_007	1
Q000350	0	C003399_en_008	1
Q000350	0	C003399_en_009	1
Q000350	0	C003399_en_010	1
Q000350	0	C003399_en_011	1
Q000350	0	C003399_en_012	1
Q000350	0	C003399_en_013	1
Q000350	0	C003399_en_014	1
Q000350	0	C003399_en_015	1
Q000351	0	C000593_en_000	1
Q000352	0	C000617_en_000	1
Q000353	0	C000615_en_000	1
Q000354	0	C001352_en_000	1
Q000354	0	C001352_en_001	1
Q000354	0	C001352_en_002	1
Q000354	0	C001352_en_003	1
Q000354	0	C001352_en_004	1
Q000354	0	C001352_en_005	1
Q000354	0	C001352_en_006	1
Q000355	0	C000602_en_000	1
Q000356	0	C000603_en_000	1
Q000357	0	C000606_en_000	1
Q000358	0	C000619_en_000	1
Q000359	0	C000589_en_000	1
Q000360	0	C000590_en_000	1
Q000361	0	C000591_en_000	1
Q000362	0	C000585_en_000	1
