Q000001	0	C002969_da_000	1
Q000001	0	C002969_da_001	1
Q000001	0	C002969_da_002	1
Q000002	0	C000808_da_000	1
Q000002	0	C000808_da_001	1
Q000002	0	C000808_da_002	1
Q000002	0	C000808_da_003	1
Q000002	0	C000808_da_004	1
Q000003	0	C001007_da_000	1
Q000003	0	C001007_da_001	1
Q000003	0	C001007_da_002	1
Q000003	0	C001007_da_003	1
Q000003	0	C001007_da_004	1
Q000003	0	C001007_da_005	1
Q000004	0	C001137_da_000	1
Q000004	0	C001137_da_001	1
Q000004	0	C001137_da_002	1
Q000004	0	C001137_da_003	1
Q000004	0	C001137_da_004	1
Q000004	0	C001137_da_005	1
Q000004	0	C001137_da_006	1
Q000005	0	C000717_da_000	1
Q000005	0	C000717_da_001	1
Q000005	0	C000717_da_002	1
Q000005	0	C000717_da_003	1
Q000005	0	C000717_da_004	1
Q000006	0	C001908_da_000	1
Q000007	0	C001731_da_000	1
Q000007	0	C001731_da_001	1
Q000007	0	C001731_da_002	1
Q000008	0	C000734_da_000	1
Q000008	0	C000734_da_001	1
Q000008	0	C000734_da_002	1
Q000008	0	C000734_da_003	1
Q000008	0	C000734_da_004	1
Q000009	0	C001524_da_000	1
Q000009	0	C001524_da_001	1
Q000010	0	C002967_da_000	1
Q000010	0	C002967_da_001	1
Q000010	0	C002967_da_002	1
Q000010	0	C002967_da_003	1
Q000010	0	C002967_da_004	1
Q000010	0	C002967_da_005	1
Q000011	0	C001216_da_000	1
Q000011	0	C001216_da_001	1
Q000011	0	C001216_da_002	1
Q000012	0	C000688_da_000	1
Q000012	0	C000688_da_001	1
Q000012	0	C000688_da_002	1
Q000012	0	C000688_da_003	1
Q000012	0	C000688_da_004	1
Q000012	0	C000688_da_005	1
Q000012	0	C000688_da_006	1
Q000012	0	C000688_da_007	1
Q000012	0	C000688_da_008	1
Q000013	0	C001371_da_000	1
Q000013	0	C001371_da_001	1
Q000013	0	C001371_da_002	1
Q000013	0	C001371_da_003	1
Q000014	0	C003447_da_000	1
Q000014	0	C003447_da_001	1
Q000014	0	C003447_da_002	1
Q000014	0	C003447_da_003	1
Q000014	0	C003447_da_004	1
Q000014	0	C003447_da_005	1
Q000015	0	C002378_da_000	1
Q000015	0	C002378_da_001	1
Q000015	0	C002378_da_002	1
Q000016	0	C001828_da_000	1
Q000016	0	C001828_da_001	1
Q000017	0	C003067_da_000	1
Q000017	0	C003067_da_001	1
Q000017	0	C003067_da_002	1
Q000017	0	C003067_da_003	1
Q000017	0	C003067_da_004	1
Q000018	0	C003259_da_000	1
Q000019	0	C003006_da_000	1
Q000020	0	C001346_da_000	1
Q000021	0	C003322_da_000	1
Q000021	0	C003322_da_001	1
Q000022	0	C000859_da_000	1
Q000022	0	C000859_da_001	1
Q000023	0	C002283_da_000	1
Q000024	0	C000689_da_000	1
Q000025	0	C001868_da_000	1
Q000026	0	C002879_da_000	1
Q000026	0	C002879_da_001	1
Q000026	0	C002879_da_002	1
Q000026	0	C002879_da_003	1
Q000027	0	C000715_da_000	1
Q000028	0	C001408_da_000	1
Q000028	0	C001408_da_001	1
Q000028	0	C001408_da_002	1
Q000028	0	C001408_da_003	1
Q000028	0	C001408_da_004	1
Q000028	0	C001408_da_005	1
Q000029	0	C002598_da_000	1
Q000029	0	C002598_da_001	1
Q000030	0	C003181_da_000	1
Q000030	0	C003181_da_001	1
Q000030	0	C003181_da_002	1
Q000030	0	C003181_da_003	1
Q000031	0	C002087_da_000	1
Q000032	0	C000984_da_000	1
Q000032	0	C000984_da_001	1
Q000032	0	C000984_da_002	1
Q000032	0	C000984_da_003	1
Q000033	0	C003166_da_000	1
Q000033	0	C003166_da_001	1
Q000033	0	C003166_da_002	1
Q000033	0	C003166_da_003	1
Q000033	0	C003166_da_004	1
Q000034	0	C001167_da_000	1
Q000035	0	C003043_da_000	1
Q000035	0	C003043_da_001	1
Q000036	0	C001558_da_000	1
Q000036	0	C001558_da_001	1
Q000036	0	C001558_da_002	1
Q000036	0	C001558_da_003	1
Q000036	0	C001558_da_004	1
Q000037	0	C002603_da_000	1
Q000037	0	C002603_da_001	1
Q000037	0	C002603_da_002	1
Q000037	0	C002603_da_003	1
Q000038	0	C003386_da_000	1
Q000038	0	C003386_da_001	1
Q000038	0	C003386_da_002	1
Q000039	0	C001819_da_000	1
Q000039	0	C001819_da_001	1
Q000040	0	C002970_da_000	1
Q000040	0	C002970_da_001	1
Q000041	0	C002183_da_000	1
Q000041	0	C002183_da_001	1
Q000041	0	C002183_da_002	1
Q000041	0	C002183_da_003	1
Q000041	0	C002183_da_004	1
Q000041	0	C002183_da_005	1
Q000042	0	C002011_da_000	1
Q000042	0	C002011_da_001	1
Q000042	0	C002011_da_002	1
Q000042	0	C002011_da_003	1
Q000042	0	C002011_da_004	1
Q000043	0	C002800_da_000	1
Q000043	0	C002800_da_001	1
Q000043	0	C002800_da_002	1
Q000043	0	C002800_da_003	1
Q000043	0	C002800_da_004	1
Q000043	0	C002800_da_005	1
Q000044	0	C002636_da_000	1
Q000045	0	C001291_da_000	1
Q000045	0	C001291_da_001	1
Q000045	0	C001291_da_002	1
Q000046	0	C002508_da_000	1
Q000046	0	C002508_da_001	1
Q000046	0	C002508_da_002	1
Q000046	0	C002508_da_003	1
Q000047	0	C001192_da_000	1
Q000048	0	C003260_da_000	1
Q000048	0	C003260_da_001	1
Q000048	0	C003260_da_002	1
Q000048	0	C003260_da_003	1
Q000048	0	C003260_da_004	1
Q000049	0	C002168_da_000	1
Q000049	0	C002168_da_001	1
Q000049	0	C002168_da_002	1
Q000049	0	C002168_da_003	1
Q000050	0	C002193_da_000	1
Q000050	0	C002193_da_001	1
Q000050	0	C002193_da_002	1
Q000050	0	C002193_da_003	1
Q000050	0	C002193_da_004	1
Q000051	0	C002096_da_000	1
Q000051	0	C002096_da_001	1
Q000051	0	C002096_da_002	1
Q000051	0	C002096_da_003	1
Q000051	0	C002096_da_004	1
Q000052	0	C001765_da_000	1
Q000052	0	C001765_da_001	1
Q000052	0	C001765_da_002	1
Q000052	0	C001765_da_003	1
Q000053	0	C002288_da_000	1
Q000053	0	C002288_da_001	1
Q000053	0	C002288_da_002	1
Q000053	0	C002288_da_003	1
Q000053	0	C002288_da_004	1
Q000054	0	C003499_da_000	1
Q000054	0	C003499_da_001	1
Q000055	0	C002919_da_000	1
Q000056	0	C000042_da_000	1
Q000057	0	C000042_da_000	1
Q000058	0	C002384_da_000	1
Q000058	0	C002384_da_001	1
Q000058	0	C002384_da_002	1
Q000058	0	C002384_da_003	1
Q000059	0	C000042_da_000	1
Q000060	0	C000044_da_000	1
Q000061	0	C000042_da_000	1
Q000062	0	C003373_da_000	1
Q000062	0	C003373_da_001	1
Q000063	0	C000044_da_000	1
Q000064	0	C003438_da_000	1
Q000064	0	C003438_da_001	1
Q000065	0	C002605_da_000	1
Q000065	0	C002605_da_001	1
Q000066	0	C001251_da_000	1
Q000066	0	C001251_da_001	1
Q000067	0	C001147_da_000	1
Q000067	0	C001147_da_001	1
Q000068	0	C001624_da_000	1
Q000068	0	C001624_da_001	1
Q000069	0	C001624_da_000	1
Q000069	0	C001624_da_001	1
Q000070	0	C000056_da_000	1
Q000071	0	C003247_da_000	1
Q000071	0	C003247_da_001	1
Q000071	0	C003247_da_002	1
Q000071	0	C003247_da_003	1
Q000072	0	C002021_da_000	1
Q000073	0	C001436_da_000	1
Q000073	0	C001436_da_001	1
Q000074	0	C001511_da_000	1
Q000074	0	C001511_da_001	1
Q000074	0	C001511_da_002	1
Q000075	0	C001071_da_000	1
Q000075	0	C001071_da_001	1
Q000076	0	C003430_da_000	1
Q000076	0	C003430_da_001	1
Q000077	0	C003036_da_000	1
Q000078	0	C002633_da_000	1
Q000078	0	C002633_da_001	1
Q000079	0	C002850_da_000	1
Q000079	0	C002850_da_001	1
Q000080	0	C003098_da_000	1
Q000081	0	C001021_da_000	1
Q000081	0	C001021_da_001	1
Q000082	0	C003506_da_000	1
Q000082	0	C003506_da_001	1
Q000083	0	C003189_da_000	1
Q000083	0	C003189_da_001	1
Q000083	0	C003189_da_002	1
Q000084	0	C002517_da_000	1
Q000084	0	C002517_da_001	1
Q000084	0	C002517_da_002	1
Q000085	0	C001621_da_000	1
Q000085	0	C001621_da_001	1
Q000085	0	C001621_da_002	1
Q000085	0	C001621_da_003	1
Q000085	0	C001621_da_004	1
Q000085	0	C001621_da_005	1
Q000086	0	C000051_da_000	1
Q000087	0	C003134_da_000	1
Q000087	0	C003134_da_001	1
Q000087	0	C003134_da_002	1
Q000087	0	C003134_da_003	1
Q000087	0	C003134_da_004	1
Q000087	0	C003134_da_005	1
Q000088	0	C000052_da_000	1
Q000089	0	C001183_da_000	1
Q000090	0	C001140_da_000	1
Q000090	0	C001140_da_001	1
Q000090	0	C001140_da_002	1
Q000090	0	C001140_da_003	1
Q000091	0	C003368_da_000	1
Q000091	0	C003368_da_001	1
Q000092	0	C001322_da_000	1
Q000092	0	C001322_da_001	1
Q000092	0	C001322_da_002	1
Q000093	0	C003051_da_000	1
Q000093	0	C003051_da_001	1
Q000094	0	C000669_da_000	1
Q000095	0	C001899_da_000	1
Q000095	0	C001899_da_001	1
Q000095	0	C001899_da_002	1
Q000095	0	C001899_da_003	1
Q000095	0	C001899_da_004	1
Q000095	0	C001899_da_005	1
Q000095	0	C001899_da_006	1
Q000095	0	C001899_da_007	1
Q000096	0	C001732_da_000	1
Q000097	0	C000025_da_000	1
Q000098	0	C003432_da_000	1
Q000098	0	C003432_da_001	1
Q000098	0	C003432_da_002	1
Q000098	0	C003432_da_003	1
Q000098	0	C003432_da_004	1
Q000099	0	C001668_da_000	1
Q000100	0	C002143_da_000	1
Q000100	0	C002143_da_001	1
Q000100	0	C002143_da_002	1
Q000100	0	C002143_da_003	1
Q000101	0	C000970_da_000	1
Q000102	0	C001368_da_000	1
Q000102	0	C001368_da_001	1
Q000103	0	C000727_da_000	1
Q000103	0	C000727_da_001	1
Q000103	0	C000727_da_002	1
Q000103	0	C000727_da_003	1
Q000103	0	C000727_da_004	1
Q000104	0	C003498_da_000	1
Q000105	0	C000788_da_000	1
Q000105	0	C000788_da_001	1
Q000105	0	C000788_da_002	1
Q000105	0	C000788_da_003	1
Q000105	0	C000788_da_004	1
Q000106	0	C002964_da_000	1
Q000106	0	C002964_da_001	1
Q000106	0	C002964_da_002	1
Q000106	0	C002964_da_003	1
Q000106	0	C002964_da_004	1
Q000106	0	C002964_da_005	1
Q000106	0	C002964_da_006	1
Q000106	0	C002964_da_007	1
Q000106	0	C002964_da_008	1
Q000106	0	C002964_da_009	1
Q000107	0	C002615_da_000	1
Q000107	0	C002615_da_001	1
Q000108	0	C000710_da_000	1
Q000108	0	C000710_da_001	1
Q000108	0	C000710_da_002	1
Q000108	0	C000710_da_003	1
Q000108	0	C000710_da_004	1
Q000108	0	C000710_da_005	1
Q000109	0	C003557_da_000	1
Q000110	0	C001985_da_000	1
Q000110	0	C001985_da_001	1
Q000110	0	C001985_da_002	1
Q000111	0	C002661_da_000	1
Q000112	0	C001079_da_000	1
Q000112	0	C001079_da_001	1
Q000112	0	C001079_da_002	1
Q000112	0	C001079_da_003	1
Q000113	0	C002663_da_000	1
Q000114	0	C001645_da_000	1
Q000114	0	C001645_da_001	1
Q000114	0	C001645_da_002	1
Q000115	0	C000068_da_000	1
Q000116	0	C000522_da_000	1
Q000117	0	C000822_da_000	1
Q000118	0	C002943_da_000	1
Q000118	0	C002943_da_001	1
Q000118	0	C002943_da_002	1
Q000118	0	C002943_da_003	1
Q000118	0	C002943_da_004	1
Q000118	0	C002943_da_005	1
Q000118	0	C002943_da_006	1
Q000119	0	C003494_da_000	1
Q000119	0	C003494_da_001	1
Q000119	0	C003494_da_002	1
Q000120	0	C000210_da_000	1
Q000121	0	C003255_da_000	1
Q000121	0	C003255_da_001	1
Q000121	0	C003255_da_002	1
Q000121	0	C003255_da_003	1
Q000121	0	C003255_da_004	1
Q000122	0	C000069_da_000	1
Q000123	0	C002892_da_000	1
Q000123	0	C002892_da_001	1
Q000123	0	C002892_da_002	1
Q000124	0	C003229_da_000	1
Q000124	0	C003229_da_001	1
Q000124	0	C003229_da_002	1
Q000124	0	C003229_da_003	1
Q000124	0	C003229_da_004	1
Q000125	0	C001689_da_000	1
Q000125	0	C001689_da_001	1
Q000125	0	C001689_da_002	1
Q000125	0	C001689_da_003	1
Q000126	0	C002164_da_000	1
Q000126	0	C002164_da_001	1
Q000126	0	C002164_da_002	1
Q000127	0	C002830_da_000	1
Q000127	0	C002830_da_001	1
Q000127	0	C002830_da_002	1
Q000127	0	C002830_da_003	1
Q000128	0	C001190_da_000	1
Q000128	0	C001190_da_001	1
Q000128	0	C001190_da_002	1
Q000128	0	C001190_da_003	1
Q000129	0	C001597_da_000	1
Q000130	0	C002770_da_000	1
Q000131	0	C001131_da_000	1
Q000131	0	C001131_da_001	1
Q000131	0	C001131_da_002	1
Q000132	0	C003150_da_000	1
Q000132	0	C003150_da_001	1
Q000132	0	C003150_da_002	1
Q000132	0	C003150_da_003	1
Q000132	0	C003150_da_004	1
Q000132	0	C003150_da_005	1
Q000132	0	C003150_da_006	1
Q000133	0	C002654_da_000	1
Q000133	0	C002654_da_001	1
Q000133	0	C002654_da_002	1
Q000133	0	C002654_da_003	1
Q000134	0	C003191_da_000	1
Q000135	0	C001006_da_000	1
Q000135	0	C001006_da_001	1
Q000135	0	C001006_da_002	1
Q000136	0	C001516_da_000	1
Q000136	0	C001516_da_001	1
Q000136	0	C001516_da_002	1
Q000136	0	C001516_da_003	1
Q000137	0	C002998_da_000	1
Q000137	0	C002998_da_001	1
Q000137	0	C002998_da_002	1
Q000138	0	C002728_da_000	1
Q000138	0	C002728_da_001	1
Q000138	0	C002728_da_002	1
Q000138	0	C002728_da_003	1
Q000138	0	C002728_da_004	1
Q000139	0	C001541_da_000	1
Q000139	0	C001541_da_001	1
Q000139	0	C001541_da_002	1
Q000139	0	C001541_da_003	1
Q000139	0	C001541_da_004	1
Q000139	0	C001541_da_005	1
Q000140	0	C002357_da_000	1
Q000140	0	C002357_da_001	1
Q000140	0	C002357_da_002	1
Q000140	0	C002357_da_003	1
Q000140	0	C002357_da_004	1
Q000141	0	C001569_da_000	1
Q000141	0	C001569_da_001	1
Q000141	0	C001569_da_002	1
Q000142	0	C000774_da_000	1
Q000142	0	C000774_da_001	1
Q000142	0	C000774_da_002	1
Q000142	0	C000774_da_003	1
Q000142	0	C000774_da_004	1
Q000143	0	C000663_da_000	1
Q000143	0	C000663_da_001	1
Q000143	0	C000663_da_002	1
Q000143	0	C000663_da_003	1
Q000144	0	C002303_da_000	1
Q000144	0	C002303_da_001	1
Q000145	0	C001600_da_000	1
Q000145	0	C001600_da_001	1
Q000145	0	C001600_da_002	1
Q000146	0	C002560_da_000	1
Q000146	0	C002560_da_001	1
Q000146	0	C002560_da_002	1
Q000146	0	C002560_da_003	1
Q000147	0	C002648_da_000	1
Q000147	0	C002648_da_001	1
Q000148	0	C003083_da_000	1
Q000148	0	C003083_da_001	1
Q000148	0	C003083_da_002	1
Q000148	0	C003083_da_003	1
Q000148	0	C003083_da_004	1
Q000149	0	C002062_da_000	1
Q000149	0	C002062_da_001	1
Q000149	0	C002062_da_002	1
Q000149	0	C002062_da_003	1
Q000149	0	C002062_da_004	1
Q000149	0	C002062_da_005	1
Q000149	0	C002062_da_006	1
Q000149	0	C002062_da_007	1
Q000150	0	C003082_da_000	1
Q000150	0	C003082_da_001	1
Q000150	0	C003082_da_002	1
Q000151	0	C001351_da_000	1
Q000151	0	C001351_da_001	1
Q000152	0	C000815_da_000	1
Q000152	0	C000815_da_001	1
Q000152	0	C000815_da_002	1
Q000153	0	C002373_da_000	1
Q000153	0	C002373_da_001	1
Q000154	0	C003245_da_000	1
Q000154	0	C003245_da_001	1
Q000155	0	C002477_da_000	1
Q000155	0	C002477_da_001	1
Q000155	0	C002477_da_002	1
Q000155	0	C002477_da_003	1
Q000155	0	C002477_da_004	1
Q000155	0	C002477_da_005	1
Q000155	0	C002477_da_006	1
Q000155	0	C002477_da_007	1
Q000155	0	C002477_da_008	1
Q000155	0	C002477_da_009	1
Q000156	0	C000088_da_000	1
Q000157	0	C001884_da_000	1
Q000157	0	C001884_da_001	1
Q000157	0	C001884_da_002	1
Q000158	0	C000089_da_000	1
Q000159	0	C000959_da_000	1
Q000159	0	C000959_da_001	1
Q000159	0	C000959_da_002	1
Q000159	0	C000959_da_003	1
Q000159	0	C000959_da_004	1
Q000160	0	C003028_da_000	1
Q000160	0	C003028_da_001	1
Q000160	0	C003028_da_002	1
Q000160	0	C003028_da_003	1
Q000161	0	C001567_da_000	1
Q000161	0	C001567_da_001	1
Q000161	0	C001567_da_002	1
Q000162	0	C001905_da_000	1
Q000162	0	C001905_da_001	1
Q000163	0	C002276_da_000	1
Q000163	0	C002276_da_001	1
Q000163	0	C002276_da_002	1
Q000163	0	C002276_da_003	1
Q000164	0	C000939_da_000	1
Q000164	0	C000939_da_001	1
Q000165	0	C003028_da_000	1
Q000165	0	C003028_da_001	1
Q000165	0	C003028_da_002	1
Q000165	0	C003028_da_003	1
Q000166	0	C003129_da_000	1
Q000166	0	C003129_da_001	1
Q000167	0	C001977_da_000	1
Q000167	0	C001977_da_001	1
Q000167	0	C001977_da_002	1
Q000168	0	C000092_da_000	1
Q000169	0	C001977_da_000	1
Q000169	0	C001977_da_001	1
Q000169	0	C001977_da_002	1
Q000170	0	C002481_da_000	1
Q000171	0	C001278_da_000	1
Q000171	0	C001278_da_001	1
Q000172	0	C000095_da_000	1
Q000173	0	C002315_da_000	1
Q000173	0	C002315_da_001	1
Q000173	0	C002315_da_002	1
Q000174	0	C000923_da_000	1
Q000174	0	C000923_da_001	1
Q000174	0	C000923_da_002	1
Q000174	0	C000923_da_003	1
Q000175	0	C000923_da_000	1
Q000175	0	C000923_da_001	1
Q000175	0	C000923_da_002	1
Q000175	0	C000923_da_003	1
Q000176	0	C000923_da_000	1
Q000176	0	C000923_da_001	1
Q000176	0	C000923_da_002	1
Q000176	0	C000923_da_003	1
Q000177	0	C002394_da_000	1
Q000177	0	C002394_da_001	1
Q000177	0	C002394_da_002	1
Q000178	0	C001173_da_000	1
Q000178	0	C001173_da_001	1
Q000179	0	C002922_da_000	1
Q000179	0	C002922_da_001	1
Q000179	0	C002922_da_002	1
Q000179	0	C002922_da_003	1
Q000180	0	C003284_da_000	1
Q000180	0	C003284_da_001	1
Q000180	0	C003284_da_002	1
Q000180	0	C003284_da_003	1
Q000181	0	C002579_da_000	1
Q000181	0	C002579_da_001	1
Q000181	0	C002579_da_002	1
Q000181	0	C002579_da_003	1
Q000182	0	C001872_da_000	1
Q000182	0	C001872_da_001	1
Q000182	0	C001872_da_002	1
Q000182	0	C001872_da_003	1
Q000183	0	C001872_da_000	1
Q000183	0	C001872_da_001	1
Q000183	0	C001872_da_002	1
Q000183	0	C001872_da_003	1
Q000184	0	C000635_da_000	1
Q000184	0	C000635_da_001	1
Q000184	0	C000635_da_002	1
Q000185	0	C002072_da_000	1
Q000185	0	C002072_da_001	1
Q000185	0	C002072_da_002	1
Q000186	0	C001825_da_000	1
Q000186	0	C001825_da_001	1
Q000187	0	C000107_da_000	1
Q000188	0	C002277_da_000	1
Q000188	0	C002277_da_001	1
Q000189	0	C002951_da_000	1
Q000189	0	C002951_da_001	1
Q000190	0	C002951_da_000	1
Q000190	0	C002951_da_001	1
Q000191	0	C002151_da_000	1
Q000191	0	C002151_da_001	1
Q000191	0	C002151_da_002	1
Q000192	0	C002894_da_000	1
Q000192	0	C002894_da_001	1
Q000192	0	C002894_da_002	1
Q000193	0	C001360_da_000	1
Q000194	0	C001627_da_000	1
Q000194	0	C001627_da_001	1
Q000195	0	C002746_da_000	1
Q000195	0	C002746_da_001	1
Q000196	0	C002746_da_000	1
Q000196	0	C002746_da_001	1
Q000197	0	C001715_da_000	1
Q000197	0	C001715_da_001	1
Q000197	0	C001715_da_002	1
Q000197	0	C001715_da_003	1
Q000198	0	C002420_da_000	1
Q000199	0	C001715_da_000	1
Q000199	0	C001715_da_001	1
Q000199	0	C001715_da_002	1
Q000199	0	C001715_da_003	1
Q000200	0	C003182_da_000	1
Q000201	0	C001715_da_000	1
Q000201	0	C001715_da_001	1
Q000201	0	C001715_da_002	1
Q000201	0	C001715_da_003	1
Q000202	0	C000629_da_000	1
Q000202	0	C000629_da_001	1
Q000202	0	C000629_da_002	1
Q000202	0	C000629_da_003	1
Q000202	0	C000629_da_004	1
Q000202	0	C000629_da_005	1
Q000202	0	C000629_da_006	1
Q000203	0	C001715_da_000	1
Q000203	0	C001715_da_001	1
Q000203	0	C001715_da_002	1
Q000203	0	C001715_da_003	1
Q000204	0	C002999_da_000	1
Q000204	0	C002999_da_001	1
Q000205	0	C002999_da_000	1
Q000205	0	C002999_da_001	1
Q000206	0	C001715_da_000	1
Q000206	0	C001715_da_001	1
Q000206	0	C001715_da_002	1
Q000206	0	C001715_da_003	1
Q000207	0	C001627_da_000	1
Q000207	0	C001627_da_001	1
Q000208	0	C001715_da_000	1
Q000208	0	C001715_da_001	1
Q000208	0	C001715_da_002	1
Q000208	0	C001715_da_003	1
Q000209	0	C001873_da_000	1
Q000209	0	C001873_da_001	1
Q000209	0	C001873_da_002	1
Q000209	0	C001873_da_003	1
Q000209	0	C001873_da_004	1
Q000209	0	C001873_da_005	1
Q000210	0	C001715_da_000	1
Q000210	0	C001715_da_001	1
Q000210	0	C001715_da_002	1
Q000210	0	C001715_da_003	1
Q000211	0	C001873_da_000	1
Q000211	0	C001873_da_001	1
Q000211	0	C001873_da_002	1
Q000211	0	C001873_da_003	1
Q000211	0	C001873_da_004	1
Q000211	0	C001873_da_005	1
Q000212	0	C001873_da_000	1
Q000212	0	C001873_da_001	1
Q000212	0	C001873_da_002	1
Q000212	0	C001873_da_003	1
Q000212	0	C001873_da_004	1
Q000212	0	C001873_da_005	1
Q000213	0	C001775_da_000	1
Q000213	0	C001775_da_001	1
Q000214	0	C001715_da_000	1
Q000214	0	C001715_da_001	1
Q000214	0	C001715_da_002	1
Q000214	0	C001715_da_003	1
Q000215	0	C001873_da_000	1
Q000215	0	C001873_da_001	1
Q000215	0	C001873_da_002	1
Q000215	0	C001873_da_003	1
Q000215	0	C001873_da_004	1
Q000215	0	C001873_da_005	1
Q000216	0	C001627_da_000	1
Q000216	0	C001627_da_001	1
Q000217	0	C002179_da_000	1
Q000217	0	C002179_da_001	1
Q000217	0	C002179_da_002	1
Q000217	0	C002179_da_003	1
Q000218	0	C000116_da_000	1
Q000219	0	C002464_da_000	1
Q000219	0	C002464_da_001	1
Q000220	0	C000116_da_000	1
Q000221	0	C000116_da_000	1
Q000222	0	C000116_da_000	1
Q000223	0	C000116_da_000	1
Q000224	0	C000116_da_000	1
Q000225	0	C000116_da_000	1
Q000226	0	C001754_da_000	1
Q000226	0	C001754_da_001	1
Q000227	0	C000675_da_000	1
Q000227	0	C000675_da_001	1
Q000227	0	C000675_da_002	1
Q000228	0	C001342_da_000	1
Q000228	0	C001342_da_001	1
Q000229	0	C000120_da_000	1
Q000230	0	C000120_da_000	1
Q000231	0	C000675_da_000	1
Q000231	0	C000675_da_001	1
Q000231	0	C000675_da_002	1
Q000232	0	C001644_da_000	1
Q000232	0	C001644_da_001	1
Q000232	0	C001644_da_002	1
Q000232	0	C001644_da_003	1
Q000233	0	C000627_da_000	1
Q000233	0	C000627_da_001	1
Q000233	0	C000627_da_002	1
Q000233	0	C000627_da_003	1
Q000233	0	C000627_da_004	1
Q000233	0	C000627_da_005	1
Q000233	0	C000627_da_006	1
Q000234	0	C000382_da_000	1
Q000235	0	C001540_da_000	1
Q000235	0	C001540_da_001	1
Q000235	0	C001540_da_002	1
Q000235	0	C001540_da_003	1
Q000235	0	C001540_da_004	1
Q000235	0	C001540_da_005	1
Q000235	0	C001540_da_006	1
Q000235	0	C001540_da_007	1
Q000235	0	C001540_da_008	1
Q000235	0	C001540_da_009	1
Q000235	0	C001540_da_010	1
Q000235	0	C001540_da_011	1
Q000236	0	C003159_da_000	1
Q000236	0	C003159_da_001	1
Q000236	0	C003159_da_002	1
Q000236	0	C003159_da_003	1
Q000237	0	C000123_da_000	1
Q000238	0	C003477_da_000	1
Q000238	0	C003477_da_001	1
Q000238	0	C003477_da_002	1
Q000238	0	C003477_da_003	1
Q000239	0	C002412_da_000	1
Q000239	0	C002412_da_001	1
Q000239	0	C002412_da_002	1
Q000239	0	C002412_da_003	1
Q000240	0	C001696_da_000	1
Q000240	0	C001696_da_001	1
Q000241	0	C003402_da_000	1
Q000241	0	C003402_da_001	1
Q000242	0	C003402_da_000	1
Q000242	0	C003402_da_001	1
Q000243	0	C000993_da_000	1
Q000243	0	C000993_da_001	1
Q000243	0	C000993_da_002	1
Q000244	0	C001057_da_000	1
Q000244	0	C001057_da_001	1
Q000244	0	C001057_da_002	1
Q000244	0	C001057_da_003	1
Q000244	0	C001057_da_004	1
Q000245	0	C001900_da_000	1
Q000245	0	C001900_da_001	1
Q000246	0	C000129_da_000	1
Q000247	0	C000129_da_000	1
Q000248	0	C002650_da_000	1
Q000248	0	C002650_da_001	1
Q000248	0	C002650_da_002	1
Q000248	0	C002650_da_003	1
Q000248	0	C002650_da_004	1
Q000248	0	C002650_da_005	1
Q000249	0	C000129_da_000	1
Q000250	0	C001695_da_000	1
Q000250	0	C001695_da_001	1
Q000251	0	C001751_da_000	1
Q000251	0	C001751_da_001	1
Q000251	0	C001751_da_002	1
Q000251	0	C001751_da_003	1
Q000252	0	C003367_da_000	1
Q000252	0	C003367_da_001	1
Q000253	0	C001122_da_000	1
Q000253	0	C001122_da_001	1
Q000253	0	C001122_da_002	1
Q000253	0	C001122_da_003	1
Q000253	0	C001122_da_004	1
Q000254	0	C003094_da_000	1
Q000255	0	C003169_da_000	1
Q000256	0	C002319_da_000	1
Q000257	0	C002092_da_000	1
Q000257	0	C002092_da_001	1
Q000257	0	C002092_da_002	1
Q000258	0	C000988_da_000	1
Q000259	0	C000720_da_000	1
Q000260	0	C001100_da_000	1
Q000261	0	C003560_da_000	1
Q000261	0	C003560_da_001	1
Q000261	0	C003560_da_002	1
Q000261	0	C003560_da_003	1
Q000262	0	C001820_da_000	1
Q000263	0	C002097_da_000	1
Q000264	0	C001318_da_000	1
Q000264	0	C001318_da_001	1
Q000265	0	C001533_da_000	1
Q000265	0	C001533_da_001	1
Q000265	0	C001533_da_002	1
Q000265	0	C001533_da_003	1
Q000265	0	C001533_da_004	1
Q000266	0	C001782_da_000	1
Q000266	0	C001782_da_001	1
Q000266	0	C001782_da_002	1
Q000266	0	C001782_da_003	1
Q000267	0	C001501_da_000	1
Q000267	0	C001501_da_001	1
Q000267	0	C001501_da_002	1
Q000267	0	C001501_da_003	1
Q000267	0	C001501_da_004	1
Q000268	0	C003274_da_000	1
Q000268	0	C003274_da_001	1
Q000268	0	C003274_da_002	1
Q000268	0	C003274_da_003	1
Q000268	0	C003274_da_004	1
Q000269	0	C000709_da_000	1
Q000270	0	C000139_da_000	1
Q000271	0	C002717_da_000	1
Q000271	0	C002717_da_001	1
Q000272	0	C001460_da_000	1
Q000272	0	C001460_da_001	1
Q000272	0	C001460_da_002	1
Q000273	0	C002787_da_000	1
Q000274	0	C003095_da_000	1
Q000274	0	C003095_da_001	1
Q000274	0	C003095_da_002	1
Q000274	0	C003095_da_003	1
Q000275	0	C000624_da_000	1
Q000275	0	C000624_da_001	1
Q000275	0	C000624_da_002	1
Q000275	0	C000624_da_003	1
Q000276	0	C002924_da_000	1
Q000276	0	C002924_da_001	1
Q000277	0	C000862_da_000	1
Q000277	0	C000862_da_001	1
Q000277	0	C000862_da_002	1
Q000277	0	C000862_da_003	1
Q000277	0	C000862_da_004	1
Q000277	0	C000862_da_005	1
Q000278	0	C002900_da_000	1
Q000278	0	C002900_da_001	1
Q000279	0	C003045_da_000	1
Q000280	0	C001080_da_000	1
Q000280	0	C001080_da_001	1
Q000280	0	C001080_da_002	1
Q000280	0	C001080_da_003	1
Q000280	0	C001080_da_004	1
Q000281	0	C003406_da_000	1
Q000281	0	C003406_da_001	1
Q000281	0	C003406_da_002	1
Q000281	0	C003406_da_003	1
Q000281	0	C003406_da_004	1
Q000281	0	C003406_da_005	1
Q000281	0	C003406_da_006	1
Q000282	0	C003406_da_000	1
Q000282	0	C003406_da_001	1
Q000282	0	C003406_da_002	1
Q000282	0	C003406_da_003	1
Q000282	0	C003406_da_004	1
Q000282	0	C003406_da_005	1
Q000282	0	C003406_da_006	1
Q000283	0	C003406_da_000	1
Q000283	0	C003406_da_001	1
Q000283	0	C003406_da_002	1
Q000283	0	C003406_da_003	1
Q000283	0	C003406_da_004	1
Q000283	0	C003406_da_005	1
Q000283	0	C003406_da_006	1
Q000284	0	C002410_da_000	1
Q000284	0	C002410_da_001	1
Q000284	0	C002410_da_002	1
Q000284	0	C002410_da_003	1
Q000285	0	C002597_da_000	1
Q000285	0	C002597_da_001	1
Q000285	0	C002597_da_002	1
Q000285	0	C002597_da_003	1
Q000285	0	C002597_da_004	1
Q000285	0	C002597_da_005	1
Q000286	0	C002942_da_000	1
Q000286	0	C002942_da_001	1
Q000286	0	C002942_da_002	1
Q000286	0	C002942_da_003	1
Q000286	0	C002942_da_004	1
Q000286	0	C002942_da_005	1
Q000287	0	C001964_da_000	1
Q000287	0	C001964_da_001	1
Q000287	0	C001964_da_002	1
Q000287	0	C001964_da_003	1
Q000288	0	C001610_da_000	1
Q000288	0	C001610_da_001	1
Q000288	0	C001610_da_002	1
Q000289	0	C000156_da_000	1
Q000290	0	C002304_da_000	1
Q000290	0	C002304_da_001	1
Q000290	0	C002304_da_002	1
Q000290	0	C002304_da_003	1
Q000291	0	C002418_da_000	1
Q000291	0	C002418_da_001	1
Q000291	0	C002418_da_002	1
Q000291	0	C002418_da_003	1
Q000291	0	C002418_da_004	1
Q000291	0	C002418_da_005	1
Q000291	0	C002418_da_006	1
Q000292	0	C002665_da_000	1
Q000292	0	C002665_da_001	1
Q000292	0	C002665_da_002	1
Q000292	0	C002665_da_003	1
Q000293	0	C000159_da_000	1
Q000294	0	C000160_da_000	1
Q000295	0	C001910_da_000	1
Q000295	0	C001910_da_001	1
Q000295	0	C001910_da_002	1
Q000295	0	C001910_da_003	1
Q000296	0	C003088_da_000	1
Q000296	0	C003088_da_001	1
Q000297	0	C003269_da_000	1
Q000297	0	C003269_da_001	1
Q000297	0	C003269_da_002	1
Q000297	0	C003269_da_003	1
Q000298	0	C002925_da_000	1
Q000298	0	C002925_da_001	1
Q000298	0	C002925_da_002	1
Q000298	0	C002925_da_003	1
Q000298	0	C002925_da_004	1
Q000298	0	C002925_da_005	1
Q000299	0	C000282_da_000	1
Q000300	0	C001881_da_000	1
Q000300	0	C001881_da_001	1
Q000300	0	C001881_da_002	1
Q000301	0	C002332_da_000	1
Q000301	0	C002332_da_001	1
Q000301	0	C002332_da_002	1
Q000302	0	C002586_da_000	1
Q000302	0	C002586_da_001	1
Q000302	0	C002586_da_002	1
Q000303	0	C000163_da_000	1
Q000304	0	C001781_da_000	1
Q000304	0	C001781_da_001	1
Q000305	0	C002666_da_000	1
Q000305	0	C002666_da_001	1
Q000305	0	C002666_da_002	1
Q000305	0	C002666_da_003	1
Q000305	0	C002666_da_004	1
Q000305	0	C002666_da_005	1
Q000305	0	C002666_da_006	1
Q000305	0	C002666_da_007	1
Q000305	0	C002666_da_008	1
Q000305	0	C002666_da_009	1
Q000305	0	C002666_da_010	1
Q000306	0	C001013_da_000	1
Q000306	0	C001013_da_001	1
Q000306	0	C001013_da_002	1
Q000307	0	C000699_da_000	1
Q000308	0	C002825_da_000	1
Q000308	0	C002825_da_001	1
Q000308	0	C002825_da_002	1
Q000308	0	C002825_da_003	1
Q000308	0	C002825_da_004	1
Q000309	0	C000779_da_000	1
Q000309	0	C000779_da_001	1
Q000309	0	C000779_da_002	1
Q000309	0	C000779_da_003	1
Q000309	0	C000779_da_004	1
Q000309	0	C000779_da_005	1
Q000309	0	C000779_da_006	1
Q000309	0	C000779_da_007	1
Q000310	0	C002889_da_000	1
Q000311	0	C001573_da_000	1
Q000311	0	C001573_da_001	1
Q000311	0	C001573_da_002	1
Q000311	0	C001573_da_003	1
Q000311	0	C001573_da_004	1
Q000311	0	C001573_da_005	1
Q000312	0	C001611_da_000	1
Q000312	0	C001611_da_001	1
Q000312	0	C001611_da_002	1
Q000312	0	C001611_da_003	1
Q000313	0	C002936_da_000	1
Q000313	0	C002936_da_001	1
Q000313	0	C002936_da_002	1
Q000314	0	C002687_da_000	1
Q000314	0	C002687_da_001	1
Q000314	0	C002687_da_002	1
Q000315	0	C001656_da_000	1
Q000315	0	C001656_da_001	1
Q000315	0	C001656_da_002	1
Q000315	0	C001656_da_003	1
Q000315	0	C001656_da_004	1
Q000315	0	C001656_da_005	1
Q000315	0	C001656_da_006	1
Q000316	0	C001742_da_000	1
Q000316	0	C001742_da_001	1
Q000317	0	C003497_da_000	1
Q000318	0	C001509_da_000	1
Q000318	0	C001509_da_001	1
Q000319	0	C002693_da_000	1
Q000319	0	C002693_da_001	1
Q000320	0	C002395_da_000	1
Q000321	0	C000782_da_000	1
Q000321	0	C000782_da_001	1
Q000322	0	C002784_da_000	1
Q000323	0	C002461_da_000	1
Q000324	0	C000170_da_000	1
Q000325	0	C002468_da_000	1
Q000325	0	C002468_da_001	1
Q000326	0	C000170_da_000	1
Q000327	0	C002963_da_000	1
Q000327	0	C002963_da_001	1
Q000328	0	C003363_da_000	1
Q000329	0	C001525_da_000	1
Q000329	0	C001525_da_001	1
Q000329	0	C001525_da_002	1
Q000330	0	C001657_da_000	1
Q000330	0	C001657_da_001	1
Q000331	0	C002308_da_000	1
Q000331	0	C002308_da_001	1
Q000331	0	C002308_da_002	1
Q000331	0	C002308_da_003	1
Q000331	0	C002308_da_004	1
Q000331	0	C002308_da_005	1
Q000332	0	C000173_da_000	1
Q000333	0	C002564_da_000	1
Q000333	0	C002564_da_001	1
Q000334	0	C001096_da_000	1
Q000334	0	C001096_da_001	1
Q000335	0	C003030_da_000	1
Q000335	0	C003030_da_001	1
Q000335	0	C003030_da_002	1
Q000336	0	C000174_da_000	1
Q000337	0	C001054_da_000	1
Q000337	0	C001054_da_001	1
Q000337	0	C001054_da_002	1
Q000337	0	C001054_da_003	1
Q000337	0	C001054_da_004	1
Q000337	0	C001054_da_005	1
Q000337	0	C001054_da_006	1
Q000337	0	C001054_da_007	1
Q000338	0	C002625_da_000	1
Q000338	0	C002625_da_001	1
Q000338	0	C002625_da_002	1
Q000338	0	C002625_da_003	1
Q000338	0	C002625_da_004	1
Q000338	0	C002625_da_005	1
Q000339	0	C002460_da_000	1
Q000339	0	C002460_da_001	1
Q000340	0	C002460_da_000	1
Q000340	0	C002460_da_001	1
Q000341	0	C000935_da_000	1
Q000341	0	C000935_da_001	1
Q000341	0	C000935_da_002	1
Q000341	0	C000935_da_003	1
Q000341	0	C000935_da_004	1
Q000341	0	C000935_da_005	1
Q000341	0	C000935_da_006	1
Q000342	0	C003356_da_000	1
Q000342	0	C003356_da_001	1
Q000342	0	C003356_da_002	1
Q000342	0	C003356_da_003	1
Q000342	0	C003356_da_004	1
Q000342	0	C003356_da_005	1
Q000343	0	C003353_da_000	1
Q000343	0	C003353_da_001	1
Q000343	0	C003353_da_002	1
Q000344	0	C002153_da_000	1
Q000344	0	C002153_da_001	1
Q000344	0	C002153_da_002	1
Q000344	0	C002153_da_003	1
Q000345	0	C000799_da_000	1
Q000345	0	C000799_da_001	1
Q000345	0	C000799_da_002	1
Q000346	0	C003064_da_000	1
Q000346	0	C003064_da_001	1
Q000347	0	C001837_da_000	1
Q000347	0	C001837_da_001	1
Q000348	0	C001837_da_000	1
Q000348	0	C001837_da_001	1
Q000349	0	C000178_da_000	1
Q000350	0	C000178_da_000	1
Q000351	0	C000917_da_000	1
Q000352	0	C000721_da_000	1
Q000352	0	C000721_da_001	1
Q000353	0	C001607_da_000	1
Q000353	0	C001607_da_001	1
Q000354	0	C002658_da_000	1
Q000354	0	C002658_da_001	1
Q000354	0	C002658_da_002	1
Q000354	0	C002658_da_003	1
Q000354	0	C002658_da_004	1
Q000354	0	C002658_da_005	1
Q000355	0	C002658_da_000	1
Q000355	0	C002658_da_001	1
Q000355	0	C002658_da_002	1
Q000355	0	C002658_da_003	1
Q000355	0	C002658_da_004	1
Q000355	0	C002658_da_005	1
Q000356	0	C002212_da_000	1
Q000356	0	C002212_da_001	1
Q000357	0	C003313_da_000	1
Q000357	0	C003313_da_001	1
Q000357	0	C003313_da_002	1
Q000357	0	C003313_da_003	1
Q000358	0	C000813_da_000	1
Q000358	0	C000813_da_001	1
Q000358	0	C000813_da_002	1
Q000358	0	C000813_da_003	1
Q000358	0	C000813_da_004	1
Q000359	0	C002926_da_000	1
Q000359	0	C002926_da_001	1
Q000359	0	C002926_da_002	1
Q000359	0	C002926_da_003	1
Q000359	0	C002926_da_004	1
Q000360	0	C001803_da_000	1
Q000360	0	C001803_da_001	1
Q000360	0	C001803_da_002	1
Q000361	0	C002469_da_000	1
Q000361	0	C002469_da_001	1
Q000361	0	C002469_da_002	1
Q000361	0	C002469_da_003	1
Q000361	0	C002469_da_004	1
Q000362	0	C002469_da_000	1
Q000362	0	C002469_da_001	1
Q000362	0	C002469_da_002	1
Q000362	0	C002469_da_003	1
Q000362	0	C002469_da_004	1
Q000363	0	C002469_da_000	1
Q000363	0	C002469_da_001	1
Q000363	0	C002469_da_002	1
Q000363	0	C002469_da_003	1
Q000363	0	C002469_da_004	1
Q000364	0	C001207_da_000	1
Q000365	0	C000839_da_000	1
Q000366	0	C003464_da_000	1
Q000367	0	C002734_da_000	1
Q000367	0	C002734_da_001	1
Q000368	0	C000191_da_000	1
Q000369	0	C003325_da_000	1
Q000370	0	C000703_da_000	1
Q000371	0	C001279_da_000	1
Q000372	0	C001406_da_000	1
Q000373	0	C002067_da_000	1
Q000373	0	C002067_da_001	1
Q000374	0	C002849_da_000	1
Q000375	0	C002387_da_000	1
Q000375	0	C002387_da_001	1
Q000375	0	C002387_da_002	1
Q000375	0	C002387_da_003	1
Q000376	0	C001396_da_000	1
Q000377	0	C000198_da_000	1
Q000378	0	C000795_da_000	1
Q000378	0	C000795_da_001	1
Q000378	0	C000795_da_002	1
Q000379	0	C000199_da_000	1
Q000380	0	C000206_da_000	1
Q000381	0	C001576_da_000	1
Q000381	0	C001576_da_001	1
Q000381	0	C001576_da_002	1
Q000381	0	C001576_da_003	1
Q000381	0	C001576_da_004	1
Q000382	0	C003517_da_000	1
Q000382	0	C003517_da_001	1
Q000382	0	C003517_da_002	1
Q000382	0	C003517_da_003	1
Q000382	0	C003517_da_004	1
Q000383	0	C000212_da_000	1
Q000384	0	C003040_da_000	1
Q000384	0	C003040_da_001	1
Q000384	0	C003040_da_002	1
Q000384	0	C003040_da_003	1
Q000385	0	C001915_da_000	1
Q000386	0	C001915_da_000	1
Q000387	0	C001009_da_000	1
Q000387	0	C001009_da_001	1
Q000387	0	C001009_da_002	1
Q000388	0	C000213_da_000	1
Q000389	0	C002741_da_000	1
Q000390	0	C001458_da_000	1
Q000390	0	C001458_da_001	1
Q000390	0	C001458_da_002	1
Q000391	0	C001348_da_000	1
Q000391	0	C001348_da_001	1
Q000392	0	C003285_da_000	1
Q000392	0	C003285_da_001	1
Q000393	0	C000216_da_000	1
Q000394	0	C001180_da_000	1
Q000394	0	C001180_da_001	1
Q000394	0	C001180_da_002	1
Q000394	0	C001180_da_003	1
Q000395	0	C000625_da_000	1
Q000396	0	C000220_da_000	1
Q000397	0	C002913_da_000	1
Q000398	0	C002098_da_000	1
Q000398	0	C002098_da_001	1
Q000398	0	C002098_da_002	1
Q000399	0	C002042_da_000	1
Q000399	0	C002042_da_001	1
Q000399	0	C002042_da_002	1
Q000399	0	C002042_da_003	1
Q000399	0	C002042_da_004	1
Q000399	0	C002042_da_005	1
Q000399	0	C002042_da_006	1
Q000399	0	C002042_da_007	1
Q000400	0	C002354_da_000	1
Q000400	0	C002354_da_001	1
Q000400	0	C002354_da_002	1
Q000400	0	C002354_da_003	1
Q000401	0	C001578_da_000	1
Q000401	0	C001578_da_001	1
Q000401	0	C001578_da_002	1
Q000401	0	C001578_da_003	1
Q000401	0	C001578_da_004	1
Q000402	0	C000884_da_000	1
Q000402	0	C000884_da_001	1
Q000402	0	C000884_da_002	1
Q000402	0	C000884_da_003	1
Q000402	0	C000884_da_004	1
Q000403	0	C001073_da_000	1
Q000403	0	C001073_da_001	1
Q000403	0	C001073_da_002	1
Q000403	0	C001073_da_003	1
Q000403	0	C001073_da_004	1
Q000403	0	C001073_da_005	1
Q000403	0	C001073_da_006	1
Q000404	0	C002867_da_000	1
Q000404	0	C002867_da_001	1
Q000405	0	C003079_da_000	1
Q000405	0	C003079_da_001	1
Q000405	0	C003079_da_002	1
Q000405	0	C003079_da_003	1
Q000406	0	C001930_da_000	1
Q000406	0	C001930_da_001	1
Q000406	0	C001930_da_002	1
Q000406	0	C001930_da_003	1
Q000407	0	C002377_da_000	1
Q000407	0	C002377_da_001	1
Q000407	0	C002377_da_002	1
Q000407	0	C002377_da_003	1
Q000407	0	C002377_da_004	1
Q000407	0	C002377_da_005	1
Q000407	0	C002377_da_006	1
Q000407	0	C002377_da_007	1
Q000407	0	C002377_da_008	1
Q000407	0	C002377_da_009	1
Q000407	0	C002377_da_010	1
Q000407	0	C002377_da_011	1
Q000407	0	C002377_da_012	1
Q000407	0	C002377_da_013	1
Q000407	0	C002377_da_014	1
Q000408	0	C002554_da_000	1
Q000409	0	C001829_da_000	1
Q000409	0	C001829_da_001	1
Q000409	0	C001829_da_002	1
Q000409	0	C001829_da_003	1
Q000409	0	C001829_da_004	1
Q000409	0	C001829_da_005	1
Q000410	0	C000762_da_000	1
Q000410	0	C000762_da_001	1
Q000410	0	C000762_da_002	1
Q000410	0	C000762_da_003	1
Q000410	0	C000762_da_004	1
Q000410	0	C000762_da_005	1
Q000411	0	C000239_da_000	1
Q000412	0	C000239_da_000	1
Q000413	0	C001749_da_000	1
Q000413	0	C001749_da_001	1
Q000413	0	C001749_da_002	1
Q000414	0	C002646_da_000	1
Q000414	0	C002646_da_001	1
Q000415	0	C000243_da_000	1
Q000416	0	C002891_da_000	1
Q000416	0	C002891_da_001	1
Q000416	0	C002891_da_002	1
Q000417	0	C002933_da_000	1
Q000417	0	C002933_da_001	1
Q000417	0	C002933_da_002	1
Q000417	0	C002933_da_003	1
Q000417	0	C002933_da_004	1
Q000417	0	C002933_da_005	1
Q000418	0	C000645_da_000	1
Q000418	0	C000645_da_001	1
Q000418	0	C000645_da_002	1
Q000418	0	C000645_da_003	1
Q000418	0	C000645_da_004	1
Q000419	0	C002836_da_000	1
Q000419	0	C002836_da_001	1
Q000419	0	C002836_da_002	1
Q000419	0	C002836_da_003	1
Q000420	0	C000249_da_000	1
Q000421	0	C000249_da_000	1
Q000422	0	C003531_da_000	1
Q000422	0	C003531_da_001	1
Q000423	0	C002382_da_000	1
Q000424	0	C001311_da_000	1
Q000424	0	C001311_da_001	1
Q000424	0	C001311_da_002	1
Q000425	0	C000951_da_000	1
Q000425	0	C000951_da_001	1
Q000425	0	C000951_da_002	1
Q000425	0	C000951_da_003	1
Q000426	0	C002876_da_000	1
Q000426	0	C002876_da_001	1
Q000426	0	C002876_da_002	1
Q000426	0	C002876_da_003	1
Q000426	0	C002876_da_004	1
Q000427	0	C002329_da_000	1
Q000427	0	C002329_da_001	1
Q000428	0	C003436_da_000	1
Q000428	0	C003436_da_001	1
Q000429	0	C002847_da_000	1
Q000429	0	C002847_da_001	1
Q000430	0	C003047_da_000	1
Q000430	0	C003047_da_001	1
Q000430	0	C003047_da_002	1
Q000430	0	C003047_da_003	1
Q000431	0	C002939_da_000	1
Q000432	0	C002048_da_000	1
Q000432	0	C002048_da_001	1
Q000432	0	C002048_da_002	1
Q000432	0	C002048_da_003	1
Q000433	0	C001975_da_000	1
Q000433	0	C001975_da_001	1
Q000433	0	C001975_da_002	1
Q000434	0	C001712_da_000	1
Q000434	0	C001712_da_001	1
Q000435	0	C000274_da_000	1
Q000436	0	C000274_da_000	1
Q000437	0	C000730_da_000	1
Q000437	0	C000730_da_001	1
Q000438	0	C001377_da_000	1
Q000438	0	C001377_da_001	1
Q000438	0	C001377_da_002	1
Q000439	0	C002170_da_000	1
Q000440	0	C000277_da_000	1
Q000441	0	C000771_da_000	1
Q000442	0	C001849_da_000	1
Q000442	0	C001849_da_001	1
Q000442	0	C001849_da_002	1
Q000442	0	C001849_da_003	1
Q000442	0	C001849_da_004	1
Q000442	0	C001849_da_005	1
Q000443	0	C001469_da_000	1
Q000443	0	C001469_da_001	1
Q000443	0	C001469_da_002	1
Q000444	0	C002053_da_000	1
Q000444	0	C002053_da_001	1
Q000444	0	C002053_da_002	1
Q000445	0	C003399_da_000	1
Q000446	0	C002238_da_000	1
Q000446	0	C002238_da_001	1
Q000447	0	C001273_da_000	1
Q000447	0	C001273_da_001	1
Q000447	0	C001273_da_002	1
Q000448	0	C003241_da_000	1
Q000448	0	C003241_da_001	1
Q000448	0	C003241_da_002	1
Q000449	0	C002267_da_000	1
Q000449	0	C002267_da_001	1
Q000449	0	C002267_da_002	1
Q000450	0	C000944_da_000	1
Q000450	0	C000944_da_001	1
Q000450	0	C000944_da_002	1
Q000450	0	C000944_da_003	1
Q000451	0	C002217_da_000	1
Q000451	0	C002217_da_001	1
Q000451	0	C002217_da_002	1
Q000451	0	C002217_da_003	1
Q000452	0	C002141_da_000	1
Q000452	0	C002141_da_001	1
Q000452	0	C002141_da_002	1
Q000452	0	C002141_da_003	1
Q000452	0	C002141_da_004	1
Q000452	0	C002141_da_005	1
Q000453	0	C000284_da_000	1
Q000454	0	C000287_da_000	1
Q000455	0	C002639_da_000	1
Q000455	0	C002639_da_001	1
Q000455	0	C002639_da_002	1
Q000455	0	C002639_da_003	1
Q000456	0	C003202_da_000	1
Q000456	0	C003202_da_001	1
Q000456	0	C003202_da_002	1
Q000456	0	C003202_da_003	1
Q000456	0	C003202_da_004	1
Q000457	0	C000790_da_000	1
Q000457	0	C000790_da_001	1
Q000457	0	C000790_da_002	1
Q000457	0	C000790_da_003	1
Q000458	0	C001957_da_000	1
Q000458	0	C001957_da_001	1
Q000458	0	C001957_da_002	1
Q000458	0	C001957_da_003	1
Q000459	0	C001467_da_000	1
Q000460	0	C002629_da_000	1
Q000460	0	C002629_da_001	1
Q000460	0	C002629_da_002	1
Q000460	0	C002629_da_003	1
Q000460	0	C002629_da_004	1
Q000460	0	C002629_da_005	1
Q000461	0	C001910_da_000	1
Q000461	0	C001910_da_001	1
Q000461	0	C001910_da_002	1
Q000461	0	C001910_da_003	1
Q000462	0	C001910_da_000	1
Q000462	0	C001910_da_001	1
Q000462	0	C001910_da_002	1
Q000462	0	C001910_da_003	1
Q000463	0	C001910_da_000	1
Q000463	0	C001910_da_001	1
Q000463	0	C001910_da_002	1
Q000463	0	C001910_da_003	1
Q000464	0	C001910_da_000	1
Q000464	0	C001910_da_001	1
Q000464	0	C001910_da_002	1
Q000464	0	C001910_da_003	1
Q000465	0	C001910_da_000	1
Q000465	0	C001910_da_001	1
Q000465	0	C001910_da_002	1
Q000465	0	C001910_da_003	1
Q000466	0	C001042_da_000	1
Q000466	0	C001042_da_001	1
Q000466	0	C001042_da_002	1
Q000467	0	C001199_da_000	1
Q000467	0	C001199_da_001	1
Q000467	0	C001199_da_002	1
Q000467	0	C001199_da_003	1
Q000467	0	C001199_da_004	1
Q000468	0	C003509_da_000	1
Q000468	0	C003509_da_001	1
Q000468	0	C003509_da_002	1
Q000468	0	C003509_da_003	1
Q000469	0	C001586_da_000	1
Q000470	0	C001968_da_000	1
Q000470	0	C001968_da_001	1
Q000470	0	C001968_da_002	1
Q000471	0	C002868_da_000	1
Q000471	0	C002868_da_001	1
Q000471	0	C002868_da_002	1
Q000471	0	C002868_da_003	1
Q000471	0	C002868_da_004	1
Q000471	0	C002868_da_005	1
Q000471	0	C002868_da_006	1
Q000471	0	C002868_da_007	1
Q000472	0	C002478_da_000	1
Q000472	0	C002478_da_001	1
Q000472	0	C002478_da_002	1
Q000472	0	C002478_da_003	1
Q000472	0	C002478_da_004	1
Q000473	0	C002768_da_000	1
Q000473	0	C002768_da_001	1
Q000473	0	C002768_da_002	1
Q000473	0	C002768_da_003	1
Q000473	0	C002768_da_004	1
Q000474	0	C002768_da_000	1
Q000474	0	C002768_da_001	1
Q000474	0	C002768_da_002	1
Q000474	0	C002768_da_003	1
Q000474	0	C002768_da_004	1
Q000475	0	C000768_da_000	1
Q000476	0	C002181_da_000	1
Q000476	0	C002181_da_001	1
Q000476	0	C002181_da_002	1
Q000476	0	C002181_da_003	1
Q000477	0	C001941_da_000	1
Q000477	0	C001941_da_001	1
Q000477	0	C001941_da_002	1
Q000477	0	C001941_da_003	1
Q000477	0	C001941_da_004	1
Q000478	0	C001729_da_000	1
Q000478	0	C001729_da_001	1
Q000478	0	C001729_da_002	1
Q000479	0	C001002_da_000	1
Q000479	0	C001002_da_001	1
Q000480	0	C002795_da_000	1
Q000480	0	C002795_da_001	1
Q000480	0	C002795_da_002	1
Q000480	0	C002795_da_003	1
Q000481	0	C002462_da_000	1
Q000481	0	C002462_da_001	1
Q000481	0	C002462_da_002	1
Q000481	0	C002462_da_003	1
Q000481	0	C002462_da_004	1
Q000481	0	C002462_da_005	1
Q000481	0	C002462_da_006	1
Q000482	0	C002218_da_000	1
Q000483	0	C002674_da_000	1
Q000483	0	C002674_da_001	1
Q000484	0	C003149_da_000	1
Q000484	0	C003149_da_001	1
Q000484	0	C003149_da_002	1
Q000485	0	C001084_da_000	1
Q000485	0	C001084_da_001	1
Q000486	0	C001942_da_000	1
Q000486	0	C001942_da_001	1
Q000486	0	C001942_da_002	1
Q000486	0	C001942_da_003	1
Q000487	0	C001293_da_000	1
Q000487	0	C001293_da_001	1
Q000487	0	C001293_da_002	1
Q000488	0	C002138_da_000	1
Q000488	0	C002138_da_001	1
Q000488	0	C002138_da_002	1
Q000488	0	C002138_da_003	1
Q000489	0	C003485_da_000	1
Q000489	0	C003485_da_001	1
Q000490	0	C002471_da_000	1
Q000490	0	C002471_da_001	1
Q000490	0	C002471_da_002	1
Q000490	0	C002471_da_003	1
Q000491	0	C003162_da_000	1
Q000491	0	C003162_da_001	1
Q000491	0	C003162_da_002	1
Q000492	0	C002989_da_000	1
Q000492	0	C002989_da_001	1
Q000493	0	C000335_da_000	1
Q000494	0	C002399_da_000	1
Q000494	0	C002399_da_001	1
Q000495	0	C003242_da_000	1
Q000495	0	C003242_da_001	1
Q000495	0	C003242_da_002	1
Q000495	0	C003242_da_003	1
Q000496	0	C003492_da_000	1
Q000496	0	C003492_da_001	1
Q000496	0	C003492_da_002	1
Q000496	0	C003492_da_003	1
Q000496	0	C003492_da_004	1
Q000497	0	C002492_da_000	1
Q000497	0	C002492_da_001	1
Q000497	0	C002492_da_002	1
Q000497	0	C002492_da_003	1
Q000497	0	C002492_da_004	1
Q000497	0	C002492_da_005	1
Q000498	0	C002404_da_000	1
Q000498	0	C002404_da_001	1
Q000498	0	C002404_da_002	1
Q000499	0	C002344_da_000	1
Q000499	0	C002344_da_001	1
Q000499	0	C002344_da_002	1
Q000499	0	C002344_da_003	1
Q000499	0	C002344_da_004	1
Q000500	0	C000845_da_000	1
Q000500	0	C000845_da_001	1
Q000500	0	C000845_da_002	1
Q000500	0	C000845_da_003	1
Q000501	0	C002344_da_000	1
Q000501	0	C002344_da_001	1
Q000501	0	C002344_da_002	1
Q000501	0	C002344_da_003	1
Q000501	0	C002344_da_004	1
Q000502	0	C002344_da_000	1
Q000502	0	C002344_da_001	1
Q000502	0	C002344_da_002	1
Q000502	0	C002344_da_003	1
Q000502	0	C002344_da_004	1
Q000503	0	C002344_da_000	1
Q000503	0	C002344_da_001	1
Q000503	0	C002344_da_002	1
Q000503	0	C002344_da_003	1
Q000503	0	C002344_da_004	1
Q000504	0	C002532_da_000	1
Q000504	0	C002532_da_001	1
Q000504	0	C002532_da_002	1
Q000504	0	C002532_da_003	1
Q000504	0	C002532_da_004	1
Q000504	0	C002532_da_005	1
Q000505	0	C001486_da_000	1
Q000505	0	C001486_da_001	1
Q000505	0	C001486_da_002	1
Q000506	0	C002885_da_000	1
Q000506	0	C002885_da_001	1
Q000506	0	C002885_da_002	1
Q000506	0	C002885_da_003	1
Q000507	0	C003448_da_000	1
Q000507	0	C003448_da_001	1
Q000507	0	C003448_da_002	1
Q000507	0	C003448_da_003	1
Q000507	0	C003448_da_004	1
Q000507	0	C003448_da_005	1
Q000507	0	C003448_da_006	1
Q000508	0	C001646_da_000	1
Q000508	0	C001646_da_001	1
Q000508	0	C001646_da_002	1
Q000509	0	C002539_da_000	1
Q000509	0	C002539_da_001	1
Q000510	0	C000928_da_000	1
Q000510	0	C000928_da_001	1
Q000511	0	C003132_da_000	1
Q000511	0	C003132_da_001	1
Q000511	0	C003132_da_002	1
Q000512	0	C003503_da_000	1
Q000512	0	C003503_da_001	1
Q000512	0	C003503_da_002	1
Q000512	0	C003503_da_003	1
Q000512	0	C003503_da_004	1
Q000513	0	C001677_da_000	1
Q000513	0	C001677_da_001	1
Q000514	0	C003128_da_000	1
Q000514	0	C003128_da_001	1
Q000514	0	C003128_da_002	1
Q000514	0	C003128_da_003	1
Q000514	0	C003128_da_004	1
Q000514	0	C003128_da_005	1
Q000514	0	C003128_da_006	1
Q000515	0	C002634_da_000	1
Q000515	0	C002634_da_001	1
Q000516	0	C003146_da_000	1
Q000516	0	C003146_da_001	1
Q000516	0	C003146_da_002	1
Q000517	0	C002222_da_000	1
Q000517	0	C002222_da_001	1
Q000517	0	C002222_da_002	1
Q000518	0	C001711_da_000	1
Q000518	0	C001711_da_001	1
Q000518	0	C001711_da_002	1
Q000519	0	C000994_da_000	1
Q000519	0	C000994_da_001	1
Q000519	0	C000994_da_002	1
Q000520	0	C001091_da_000	1
Q000521	0	C002116_da_000	1
Q000521	0	C002116_da_001	1
Q000521	0	C002116_da_002	1
Q000521	0	C002116_da_003	1
Q000522	0	C002845_da_000	1
Q000522	0	C002845_da_001	1
Q000523	0	C000739_da_000	1
Q000523	0	C000739_da_001	1
Q000523	0	C000739_da_002	1
Q000524	0	C002000_da_000	1
Q000525	0	C000701_da_000	1
Q000525	0	C000701_da_001	1
Q000525	0	C000701_da_002	1
Q000525	0	C000701_da_003	1
Q000525	0	C000701_da_004	1
Q000525	0	C000701_da_005	1
Q000525	0	C000701_da_006	1
Q000525	0	C000701_da_007	1
Q000526	0	C003176_da_000	1
Q000526	0	C003176_da_001	1
Q000526	0	C003176_da_002	1
Q000526	0	C003176_da_003	1
Q000526	0	C003176_da_004	1
Q000526	0	C003176_da_005	1
Q000526	0	C003176_da_006	1
Q000527	0	C002903_da_000	1
Q000527	0	C002903_da_001	1
Q000527	0	C002903_da_002	1
Q000527	0	C002903_da_003	1
Q000527	0	C002903_da_004	1
Q000527	0	C002903_da_005	1
Q000527	0	C002903_da_006	1
Q000527	0	C002903_da_007	1
Q000528	0	C002631_da_000	1
Q000528	0	C002631_da_001	1
Q000528	0	C002631_da_002	1
Q000528	0	C002631_da_003	1
Q000529	0	C000853_da_000	1
Q000529	0	C000853_da_001	1
Q000529	0	C000853_da_002	1
Q000529	0	C000853_da_003	1
Q000529	0	C000853_da_004	1
Q000529	0	C000853_da_005	1
Q000530	0	C001148_da_000	1
Q000530	0	C001148_da_001	1
Q000530	0	C001148_da_002	1
Q000530	0	C001148_da_003	1
Q000530	0	C001148_da_004	1
Q000530	0	C001148_da_005	1
Q000531	0	C002476_da_000	1
Q000531	0	C002476_da_001	1
Q000531	0	C002476_da_002	1
Q000531	0	C002476_da_003	1
Q000531	0	C002476_da_004	1
Q000531	0	C002476_da_005	1
Q000531	0	C002476_da_006	1
Q000531	0	C002476_da_007	1
Q000532	0	C000691_da_000	1
Q000532	0	C000691_da_001	1
Q000533	0	C000806_da_000	1
Q000533	0	C000806_da_001	1
Q000533	0	C000806_da_002	1
Q000533	0	C000806_da_003	1
Q000533	0	C000806_da_004	1
Q000533	0	C000806_da_005	1
Q000533	0	C000806_da_006	1
Q000533	0	C000806_da_007	1
Q000533	0	C000806_da_008	1
Q000533	0	C000806_da_009	1
Q000533	0	C000806_da_010	1
Q000534	0	C000378_da_000	1
Q000535	0	C003401_da_000	1
Q000535	0	C003401_da_001	1
Q000535	0	C003401_da_002	1
Q000535	0	C003401_da_003	1
Q000536	0	C001387_da_000	1
Q000536	0	C001387_da_001	1
Q000536	0	C001387_da_002	1
Q000536	0	C001387_da_003	1
Q000536	0	C001387_da_004	1
Q000536	0	C001387_da_005	1
Q000536	0	C001387_da_006	1
Q000536	0	C001387_da_007	1
Q000536	0	C001387_da_008	1
Q000536	0	C001387_da_009	1
Q000536	0	C001387_da_010	1
Q000536	0	C001387_da_011	1
Q000537	0	C001387_da_000	1
Q000537	0	C001387_da_001	1
Q000537	0	C001387_da_002	1
Q000537	0	C001387_da_003	1
Q000537	0	C001387_da_004	1
Q000537	0	C001387_da_005	1
Q000537	0	C001387_da_006	1
Q000537	0	C001387_da_007	1
Q000537	0	C001387_da_008	1
Q000537	0	C001387_da_009	1
Q000537	0	C001387_da_010	1
Q000537	0	C001387_da_011	1
Q000538	0	C001540_da_000	1
Q000538	0	C001540_da_001	1
Q000538	0	C001540_da_002	1
Q000538	0	C001540_da_003	1
Q000538	0	C001540_da_004	1
Q000538	0	C001540_da_005	1
Q000538	0	C001540_da_006	1
Q000538	0	C001540_da_007	1
Q000538	0	C001540_da_008	1
Q000538	0	C001540_da_009	1
Q000538	0	C001540_da_010	1
Q000538	0	C001540_da_011	1
Q000539	0	C000863_da_000	1
Q000539	0	C000863_da_001	1
Q000539	0	C000863_da_002	1
Q000540	0	C002553_da_000	1
Q000540	0	C002553_da_001	1
Q000540	0	C002553_da_002	1
Q000541	0	C002253_da_000	1
Q000541	0	C002253_da_001	1
Q000541	0	C002253_da_002	1
Q000541	0	C002253_da_003	1
Q000541	0	C002253_da_004	1
Q000541	0	C002253_da_005	1
Q000541	0	C002253_da_006	1
Q000542	0	C001666_da_000	1
Q000542	0	C001666_da_001	1
Q000542	0	C001666_da_002	1
Q000542	0	C001666_da_003	1
Q000542	0	C001666_da_004	1
Q000543	0	C001237_da_000	1
Q000543	0	C001237_da_001	1
Q000544	0	C002134_da_000	1
Q000544	0	C002134_da_001	1
Q000544	0	C002134_da_002	1
Q000544	0	C002134_da_003	1
Q000544	0	C002134_da_004	1
Q000544	0	C002134_da_005	1
Q000545	0	C002803_da_000	1
Q000545	0	C002803_da_001	1
Q000545	0	C002803_da_002	1
Q000545	0	C002803_da_003	1
Q000545	0	C002803_da_004	1
Q000545	0	C002803_da_005	1
Q000545	0	C002803_da_006	1
Q000546	0	C003337_da_000	1
Q000546	0	C003337_da_001	1
Q000546	0	C003337_da_002	1
Q000546	0	C003337_da_003	1
Q000546	0	C003337_da_004	1
Q000546	0	C003337_da_005	1
Q000546	0	C003337_da_006	1
Q000546	0	C003337_da_007	1
Q000546	0	C003337_da_008	1
Q000546	0	C003337_da_009	1
Q000547	0	C001202_da_000	1
Q000547	0	C001202_da_001	1
Q000547	0	C001202_da_002	1
Q000547	0	C001202_da_003	1
Q000547	0	C001202_da_004	1
Q000548	0	C002956_da_000	1
Q000548	0	C002956_da_001	1
Q000549	0	C003102_da_000	1
Q000549	0	C003102_da_001	1
Q000549	0	C003102_da_002	1
Q000549	0	C003102_da_003	1
Q000549	0	C003102_da_004	1
Q000550	0	C000943_da_000	1
Q000550	0	C000943_da_001	1
Q000550	0	C000943_da_002	1
Q000550	0	C000943_da_003	1
Q000550	0	C000943_da_004	1
Q000551	0	C003307_da_000	1
Q000551	0	C003307_da_001	1
Q000551	0	C003307_da_002	1
Q000552	0	C001659_da_000	1
Q000552	0	C001659_da_001	1
Q000552	0	C001659_da_002	1
Q000552	0	C001659_da_003	1
Q000553	0	C000402_da_000	1
Q000554	0	C000807_da_000	1
Q000554	0	C000807_da_001	1
Q000554	0	C000807_da_002	1
Q000554	0	C000807_da_003	1
Q000555	0	C000966_da_000	1
Q000555	0	C000966_da_001	1
Q000555	0	C000966_da_002	1
Q000555	0	C000966_da_003	1
Q000556	0	C003424_da_000	1
Q000556	0	C003424_da_001	1
Q000556	0	C003424_da_002	1
Q000556	0	C003424_da_003	1
Q000557	0	C001099_da_000	1
Q000557	0	C001099_da_001	1
Q000557	0	C001099_da_002	1
Q000557	0	C001099_da_003	1
Q000558	0	C002996_da_000	1
Q000559	0	C000697_da_000	1
Q000559	0	C000697_da_001	1
Q000559	0	C000697_da_002	1
Q000560	0	C000697_da_000	1
Q000560	0	C000697_da_001	1
Q000560	0	C000697_da_002	1
Q000561	0	C003420_da_000	1
Q000561	0	C003420_da_001	1
Q000561	0	C003420_da_002	1
Q000561	0	C003420_da_003	1
Q000562	0	C002614_da_000	1
Q000562	0	C002614_da_001	1
Q000562	0	C002614_da_002	1
Q000563	0	C000431_da_000	1
Q000564	0	C000431_da_000	1
Q000565	0	C001126_da_000	1
Q000565	0	C001126_da_001	1
Q000565	0	C001126_da_002	1
Q000566	0	C001126_da_000	1
Q000566	0	C001126_da_001	1
Q000566	0	C001126_da_002	1
Q000567	0	C002840_da_000	1
Q000567	0	C002840_da_001	1
Q000567	0	C002840_da_002	1
Q000568	0	C000432_da_000	1
Q000569	0	C000432_da_000	1
Q000570	0	C003209_da_000	1
Q000571	0	C000433_da_000	1
Q000572	0	C002755_da_000	1
Q000572	0	C002755_da_001	1
Q000572	0	C002755_da_002	1
Q000573	0	C002755_da_000	1
Q000573	0	C002755_da_001	1
Q000573	0	C002755_da_002	1
Q000574	0	C003275_da_000	1
Q000574	0	C003275_da_001	1
Q000575	0	C000705_da_000	1
Q000575	0	C000705_da_001	1
Q000575	0	C000705_da_002	1
Q000576	0	C000651_da_000	1
Q000576	0	C000651_da_001	1
Q000576	0	C000651_da_002	1
Q000577	0	C003426_da_000	1
Q000577	0	C003426_da_001	1
Q000577	0	C003426_da_002	1
Q000578	0	C003426_da_000	1
Q000578	0	C003426_da_001	1
Q000578	0	C003426_da_002	1
Q000579	0	C002729_da_000	1
Q000579	0	C002729_da_001	1
Q000579	0	C002729_da_002	1
Q000580	0	C002012_da_000	1
Q000580	0	C002012_da_001	1
Q000580	0	C002012_da_002	1
Q000580	0	C002012_da_003	1
Q000581	0	C000440_da_000	1
Q000582	0	C001449_da_000	1
Q000582	0	C001449_da_001	1
Q000582	0	C001449_da_002	1
Q000582	0	C001449_da_003	1
Q000582	0	C001449_da_004	1
Q000583	0	C002427_da_000	1
Q000583	0	C002427_da_001	1
Q000583	0	C002427_da_002	1
Q000583	0	C002427_da_003	1
Q000583	0	C002427_da_004	1
Q000583	0	C002427_da_005	1
Q000583	0	C002427_da_006	1
Q000583	0	C002427_da_007	1
Q000583	0	C002427_da_008	1
Q000583	0	C002427_da_009	1
Q000583	0	C002427_da_010	1
Q000583	0	C002427_da_011	1
Q000584	0	C000440_da_000	1
Q000585	0	C000440_da_000	1
Q000586	0	C000440_da_000	1
Q000587	0	C002084_da_000	1
Q000587	0	C002084_da_001	1
Q000587	0	C002084_da_002	1
Q000587	0	C002084_da_003	1
Q000587	0	C002084_da_004	1
Q000587	0	C002084_da_005	1
Q000587	0	C002084_da_006	1
Q000587	0	C002084_da_007	1
Q000587	0	C002084_da_008	1
Q000587	0	C002084_da_009	1
Q000587	0	C002084_da_010	1
Q000587	0	C002084_da_011	1
Q000588	0	C000880_da_000	1
Q000588	0	C000880_da_001	1
Q000588	0	C000880_da_002	1
Q000588	0	C000880_da_003	1
Q000589	0	C002601_da_000	1
Q000589	0	C002601_da_001	1
Q000589	0	C002601_da_002	1
Q000589	0	C002601_da_003	1
Q000589	0	C002601_da_004	1
Q000589	0	C002601_da_005	1
Q000589	0	C002601_da_006	1
Q000589	0	C002601_da_007	1
Q000589	0	C002601_da_008	1
Q000589	0	C002601_da_009	1
Q000589	0	C002601_da_010	1
Q000589	0	C002601_da_011	1
Q000590	0	C000444_da_000	1
Q000591	0	C002550_da_000	1
Q000592	0	C002093_da_000	1
Q000592	0	C002093_da_001	1
Q000592	0	C002093_da_002	1
Q000592	0	C002093_da_003	1
Q000592	0	C002093_da_004	1
Q000592	0	C002093_da_005	1
Q000592	0	C002093_da_006	1
Q000592	0	C002093_da_007	1
Q000593	0	C000936_da_000	1
Q000593	0	C000936_da_001	1
Q000594	0	C000450_da_000	1
Q000595	0	C002281_da_000	1
Q000595	0	C002281_da_001	1
Q000595	0	C002281_da_002	1
Q000595	0	C002281_da_003	1
Q000595	0	C002281_da_004	1
Q000595	0	C002281_da_005	1
Q000595	0	C002281_da_006	1
Q000596	0	C002281_da_000	1
Q000596	0	C002281_da_001	1
Q000596	0	C002281_da_002	1
Q000596	0	C002281_da_003	1
Q000596	0	C002281_da_004	1
Q000596	0	C002281_da_005	1
Q000596	0	C002281_da_006	1
Q000597	0	C001095_da_000	1
Q000598	0	C003526_da_000	1
Q000598	0	C003526_da_001	1
Q000598	0	C003526_da_002	1
Q000598	0	C003526_da_003	1
Q000598	0	C003526_da_004	1
Q000598	0	C003526_da_005	1
Q000598	0	C003526_da_006	1
Q000598	0	C003526_da_007	1
Q000598	0	C003526_da_008	1
Q000599	0	C002854_da_000	1
Q000599	0	C002854_da_001	1
Q000599	0	C002854_da_002	1
Q000600	0	C001130_da_000	1
Q000600	0	C001130_da_001	1
Q000600	0	C001130_da_002	1
Q000600	0	C001130_da_003	1
Q000600	0	C001130_da_004	1
Q000601	0	C002632_da_000	1
Q000602	0	C003358_da_000	1
Q000602	0	C003358_da_001	1
Q000602	0	C003358_da_002	1
Q000602	0	C003358_da_003	1
Q000603	0	C002534_da_000	1
Q000603	0	C002534_da_001	1
Q000603	0	C002534_da_002	1
Q000603	0	C002534_da_003	1
Q000603	0	C002534_da_004	1
Q000603	0	C002534_da_005	1
Q000603	0	C002534_da_006	1
Q000603	0	C002534_da_007	1
Q000603	0	C002534_da_008	1
Q000604	0	C003070_da_000	1
Q000604	0	C003070_da_001	1
Q000605	0	C001713_da_000	1
Q000605	0	C001713_da_001	1
Q000605	0	C001713_da_002	1
Q000605	0	C001713_da_003	1
Q000605	0	C001713_da_004	1
Q000606	0	C002443_da_000	1
Q000606	0	C002443_da_001	1
Q000606	0	C002443_da_002	1
Q000607	0	C001339_da_000	1
Q000607	0	C001339_da_001	1
Q000607	0	C001339_da_002	1
Q000607	0	C001339_da_003	1
Q000608	0	C002345_da_000	1
Q000608	0	C002345_da_001	1
Q000608	0	C002345_da_002	1
Q000608	0	C002345_da_003	1
Q000608	0	C002345_da_004	1
Q000609	0	C003069_da_000	1
Q000609	0	C003069_da_001	1
Q000609	0	C003069_da_002	1
Q000610	0	C002250_da_000	1
Q000611	0	C001238_da_000	1
Q000611	0	C001238_da_001	1
Q000611	0	C001238_da_002	1
Q000611	0	C001238_da_003	1
Q000611	0	C001238_da_004	1
Q000612	0	C001238_da_000	1
Q000612	0	C001238_da_001	1
Q000612	0	C001238_da_002	1
Q000612	0	C001238_da_003	1
Q000612	0	C001238_da_004	1
Q000613	0	C000462_da_000	1
Q000614	0	C000846_da_000	1
Q000614	0	C000846_da_001	1
Q000615	0	C002192_da_000	1
Q000615	0	C002192_da_001	1
Q000615	0	C002192_da_002	1
Q000615	0	C002192_da_003	1
Q000615	0	C002192_da_004	1
Q000615	0	C002192_da_005	1
Q000616	0	C001288_da_000	1
Q000616	0	C001288_da_001	1
Q000616	0	C001288_da_002	1
Q000616	0	C001288_da_003	1
Q000616	0	C001288_da_004	1
Q000616	0	C001288_da_005	1
Q000616	0	C001288_da_006	1
Q000616	0	C001288_da_007	1
Q000616	0	C001288_da_008	1
Q000617	0	C002425_da_000	1
Q000617	0	C002425_da_001	1
Q000617	0	C002425_da_002	1
Q000618	0	C001824_da_000	1
Q000618	0	C001824_da_001	1
Q000618	0	C001824_da_002	1
Q000618	0	C001824_da_003	1
Q000618	0	C001824_da_004	1
Q000618	0	C001824_da_005	1
Q000618	0	C001824_da_006	1
Q000618	0	C001824_da_007	1
Q000619	0	C003014_da_000	1
Q000620	0	C002531_da_000	1
Q000620	0	C002531_da_001	1
Q000620	0	C002531_da_002	1
Q000621	0	C001721_da_000	1
Q000621	0	C001721_da_001	1
Q000621	0	C001721_da_002	1
Q000621	0	C001721_da_003	1
Q000622	0	C001239_da_000	1
Q000622	0	C001239_da_001	1
Q000622	0	C001239_da_002	1
Q000623	0	C001480_da_000	1
Q000624	0	C002437_da_000	1
Q000624	0	C002437_da_001	1
Q000624	0	C002437_da_002	1
Q000625	0	C002437_da_000	1
Q000625	0	C002437_da_001	1
Q000625	0	C002437_da_002	1
Q000626	0	C001735_da_000	1
Q000626	0	C001735_da_001	1
Q000626	0	C001735_da_002	1
Q000626	0	C001735_da_003	1
Q000627	0	C003480_da_000	1
Q000627	0	C003480_da_001	1
Q000627	0	C003480_da_002	1
Q000627	0	C003480_da_003	1
Q000627	0	C003480_da_004	1
Q000628	0	C000690_da_000	1
Q000628	0	C000690_da_001	1
Q000628	0	C000690_da_002	1
Q000628	0	C000690_da_003	1
Q000628	0	C000690_da_004	1
Q000629	0	C000698_da_000	1
Q000629	0	C000698_da_001	1
Q000629	0	C000698_da_002	1
Q000629	0	C000698_da_003	1
Q000630	0	C000698_da_000	1
Q000630	0	C000698_da_001	1
Q000630	0	C000698_da_002	1
Q000630	0	C000698_da_003	1
Q000631	0	C001256_da_000	1
Q000631	0	C001256_da_001	1
Q000631	0	C001256_da_002	1
Q000631	0	C001256_da_003	1
Q000631	0	C001256_da_004	1
Q000632	0	C001256_da_000	1
Q000632	0	C001256_da_001	1
Q000632	0	C001256_da_002	1
Q000632	0	C001256_da_003	1
Q000632	0	C001256_da_004	1
Q000633	0	C000945_da_000	1
Q000633	0	C000945_da_001	1
Q000633	0	C000945_da_002	1
Q000633	0	C000945_da_003	1
Q000634	0	C000945_da_000	1
Q000634	0	C000945_da_001	1
Q000634	0	C000945_da_002	1
Q000634	0	C000945_da_003	1
Q000635	0	C000489_da_000	1
Q000636	0	C001422_da_000	1
Q000636	0	C001422_da_001	1
Q000636	0	C001422_da_002	1
Q000636	0	C001422_da_003	1
Q000636	0	C001422_da_004	1
Q000636	0	C001422_da_005	1
Q000637	0	C002175_da_000	1
Q000637	0	C002175_da_001	1
Q000637	0	C002175_da_002	1
Q000637	0	C002175_da_003	1
Q000638	0	C002749_da_000	1
Q000638	0	C002749_da_001	1
Q000639	0	C000492_da_000	1
Q000640	0	C003244_da_000	1
Q000640	0	C003244_da_001	1
Q000640	0	C003244_da_002	1
Q000640	0	C003244_da_003	1
Q000641	0	C003244_da_000	1
Q000641	0	C003244_da_001	1
Q000641	0	C003244_da_002	1
Q000641	0	C003244_da_003	1
Q000642	0	C000496_da_000	1
Q000643	0	C002742_da_000	1
Q000643	0	C002742_da_001	1
Q000643	0	C002742_da_002	1
Q000643	0	C002742_da_003	1
Q000644	0	C003086_da_000	1
Q000644	0	C003086_da_001	1
Q000645	0	C002856_da_000	1
Q000646	0	C002392_da_000	1
Q000646	0	C002392_da_001	1
Q000646	0	C002392_da_002	1
Q000646	0	C002392_da_003	1
Q000647	0	C003041_da_000	1
Q000647	0	C003041_da_001	1
Q000648	0	C001141_da_000	1
Q000648	0	C001141_da_001	1
Q000649	0	C003484_da_000	1
Q000649	0	C003484_da_001	1
Q000649	0	C003484_da_002	1
Q000649	0	C003484_da_003	1
Q000649	0	C003484_da_004	1
Q000650	0	C000878_da_000	1
Q000650	0	C000878_da_001	1
Q000650	0	C000878_da_002	1
Q000650	0	C000878_da_003	1
Q000650	0	C000878_da_004	1
Q000650	0	C000878_da_005	1
Q000650	0	C000878_da_006	1
Q000650	0	C000878_da_007	1
Q000651	0	C001800_da_000	1
Q000651	0	C001800_da_001	1
Q000651	0	C001800_da_002	1
Q000651	0	C001800_da_003	1
Q000651	0	C001800_da_004	1
Q000651	0	C001800_da_005	1
Q000651	0	C001800_da_006	1
Q000652	0	C002231_da_000	1
Q000652	0	C002231_da_001	1
Q000652	0	C002231_da_002	1
Q000653	0	C000520_da_000	1
Q000654	0	C000522_da_000	1
Q000655	0	C001970_da_000	1
Q000656	0	C001970_da_000	1
Q000657	0	C000850_da_000	1
Q000657	0	C000850_da_001	1
Q000657	0	C000850_da_002	1
Q000658	0	C000526_da_000	1
Q000659	0	C000526_da_000	1
Q000660	0	C000974_da_000	1
Q000660	0	C000974_da_001	1
Q000660	0	C000974_da_002	1
Q000661	0	C003185_da_000	1
Q000661	0	C003185_da_001	1
Q000661	0	C003185_da_002	1
Q000662	0	C002593_da_000	1
Q000662	0	C002593_da_001	1
Q000662	0	C002593_da_002	1
Q000663	0	C000541_da_000	1
Q000664	0	C002454_da_000	1
Q000665	0	C001700_da_000	1
Q000665	0	C001700_da_001	1
Q000665	0	C001700_da_002	1
Q000666	0	C000546_da_000	1
Q000667	0	C000546_da_000	1
Q000668	0	C003338_da_000	1
Q000668	0	C003338_da_001	1
Q000669	0	C002709_da_000	1
Q000669	0	C002709_da_001	1
Q000669	0	C002709_da_002	1
Q000669	0	C002709_da_003	1
Q000670	0	C000538_da_000	1
Q000671	0	C002934_da_000	1
Q000671	0	C002934_da_001	1
Q000671	0	C002934_da_002	1
Q000672	0	C000546_da_000	1
Q000673	0	C000905_da_000	1
Q000673	0	C000905_da_001	1
Q000673	0	C000905_da_002	1
Q000673	0	C000905_da_003	1
Q000674	0	C000546_da_000	1
Q000675	0	C000546_da_000	1
Q000676	0	C000526_da_000	1
Q000677	0	C000462_da_000	1
Q000678	0	C001373_da_000	1
Q000678	0	C001373_da_001	1
Q000679	0	C000550_da_000	1
Q000680	0	C000550_da_000	1
Q000681	0	C002178_da_000	1
Q000681	0	C002178_da_001	1
Q000682	0	C001028_da_000	1
Q000683	0	C001028_da_000	1
Q000684	0	C000772_da_000	1
Q000684	0	C000772_da_001	1
Q000684	0	C000772_da_002	1
Q000684	0	C000772_da_003	1
Q000685	0	C003304_da_000	1
Q000686	0	C001950_da_000	1
Q000686	0	C001950_da_001	1
Q000686	0	C001950_da_002	1
Q000686	0	C001950_da_003	1
Q000687	0	C000637_da_000	1
Q000687	0	C000637_da_001	1
Q000687	0	C000637_da_002	1
Q000687	0	C000637_da_003	1
Q000688	0	C002962_da_000	1
Q000688	0	C002962_da_001	1
Q000689	0	C002386_da_000	1
Q000689	0	C002386_da_001	1
Q000689	0	C002386_da_002	1
Q000689	0	C002386_da_003	1
Q000689	0	C002386_da_004	1
Q000690	0	C002574_da_000	1
Q000691	0	C000561_da_000	1
Q000692	0	C000958_da_000	1
Q000692	0	C000958_da_001	1
Q000692	0	C000958_da_002	1
Q000692	0	C000958_da_003	1
Q000692	0	C000958_da_004	1
Q000693	0	C003374_da_000	1
Q000693	0	C003374_da_001	1
Q000693	0	C003374_da_002	1
Q000694	0	C001052_da_000	1
Q000694	0	C001052_da_001	1
Q000694	0	C001052_da_002	1
Q000695	0	C002113_da_000	1
Q000695	0	C002113_da_001	1
Q000696	0	C001024_da_000	1
Q000696	0	C001024_da_001	1
Q000697	0	C002359_da_000	1
Q000697	0	C002359_da_001	1
Q000697	0	C002359_da_002	1
Q000698	0	C001459_da_000	1
Q000698	0	C001459_da_001	1
Q000699	0	C001459_da_000	1
Q000699	0	C001459_da_001	1
Q000700	0	C000582_da_000	1
Q000701	0	C003001_da_000	1
Q000701	0	C003001_da_001	1
Q000701	0	C003001_da_002	1
Q000701	0	C003001_da_003	1
Q000701	0	C003001_da_004	1
Q000701	0	C003001_da_005	1
Q000702	0	C002524_da_000	1
Q000702	0	C002524_da_001	1
Q000702	0	C002524_da_002	1
Q000703	0	C002524_da_000	1
Q000703	0	C002524_da_001	1
Q000703	0	C002524_da_002	1
Q000704	0	C002524_da_000	1
Q000704	0	C002524_da_001	1
Q000704	0	C002524_da_002	1
Q000705	0	C002052_da_000	1
Q000705	0	C002052_da_001	1
Q000705	0	C002052_da_002	1
Q000705	0	C002052_da_003	1
Q000706	0	C001457_da_000	1
Q000706	0	C001457_da_001	1
Q000706	0	C001457_da_002	1
Q000707	0	C002080_da_000	1
Q000707	0	C002080_da_001	1
Q000707	0	C002080_da_002	1
Q000707	0	C002080_da_003	1
Q000707	0	C002080_da_004	1
Q000707	0	C002080_da_005	1
Q000707	0	C002080_da_006	1
Q000707	0	C002080_da_007	1
Q000708	0	C002080_da_000	1
Q000708	0	C002080_da_001	1
Q000708	0	C002080_da_002	1
Q000708	0	C002080_da_003	1
Q000708	0	C002080_da_004	1
Q000708	0	C002080_da_005	1
Q000708	0	C002080_da_006	1
Q000708	0	C002080_da_007	1
Q000709	0	C003037_da_000	1
Q000709	0	C003037_da_001	1
Q000709	0	C003037_da_002	1
Q000709	0	C003037_da_003	1
Q000709	0	C003037_da_004	1
Q000709	0	C003037_da_005	1
Q000709	0	C003037_da_006	1
Q000710	0	C003513_da_000	1
Q000710	0	C003513_da_001	1
Q000710	0	C003513_da_002	1
Q000711	0	C002699_da_000	1
Q000712	0	C000591_da_000	1
Q000713	0	C000591_da_000	1
Q000714	0	C003445_da_000	1
Q000714	0	C003445_da_001	1
Q000714	0	C003445_da_002	1
Q000715	0	C002257_da_000	1
Q000716	0	C000536_da_000	1
Q000717	0	C002507_da_000	1
Q000717	0	C002507_da_001	1
Q000718	0	C002291_da_000	1
Q000719	0	C001329_da_000	1
Q000720	0	C003281_da_000	1
Q000720	0	C003281_da_001	1
Q000720	0	C003281_da_002	1
Q000721	0	C003281_da_000	1
Q000721	0	C003281_da_001	1
Q000721	0	C003281_da_002	1
Q000722	0	C002764_da_000	1
Q000722	0	C002764_da_001	1
Q000722	0	C002764_da_002	1
Q000722	0	C002764_da_003	1
Q000723	0	C003044_da_000	1
Q000723	0	C003044_da_001	1
Q000724	0	C000598_da_000	1
Q000725	0	C003101_da_000	1
Q000725	0	C003101_da_001	1
Q000725	0	C003101_da_002	1
Q000725	0	C003101_da_003	1
Q000726	0	C002515_da_000	1
Q000726	0	C002515_da_001	1
Q000726	0	C002515_da_002	1
Q000727	0	C002406_da_000	1
Q000727	0	C002406_da_001	1
Q000727	0	C002406_da_002	1
Q000727	0	C002406_da_003	1
Q000728	0	C003254_da_000	1
Q000728	0	C003254_da_001	1
Q000728	0	C003254_da_002	1
Q000728	0	C003254_da_003	1
Q000728	0	C003254_da_004	1
Q000729	0	C003462_da_000	1
Q000729	0	C003462_da_001	1
Q000729	0	C003462_da_002	1
Q000729	0	C003462_da_003	1
Q000730	0	C001769_da_000	1
Q000730	0	C001769_da_001	1
Q000730	0	C001769_da_002	1
Q000731	0	C003286_da_000	1
Q000731	0	C003286_da_001	1
Q000731	0	C003286_da_002	1
Q000731	0	C003286_da_003	1
Q000731	0	C003286_da_004	1
Q000732	0	C001581_da_000	1
Q000732	0	C001581_da_001	1
Q000732	0	C001581_da_002	1
Q000732	0	C001581_da_003	1
Q000733	0	C003427_da_000	1
Q000733	0	C003427_da_001	1
Q000733	0	C003427_da_002	1
Q000733	0	C003427_da_003	1
Q000733	0	C003427_da_004	1
Q000734	0	C001150_da_000	1
Q000734	0	C001150_da_001	1
Q000734	0	C001150_da_002	1
Q000734	0	C001150_da_003	1
Q000734	0	C001150_da_004	1
